序号,基金代码,基金简称,类型,日期,单位净值,累计净值,近1周,近1月,近3月,近6月,近1年,近2年,近3年,今年来,成立来,成立日期
1,159636,工银瑞信国证港股通科技30ETF,指数型-股票,2025-03-13,1.3435,1.3435,-5.76,11.92,31.64,73.85,82.42,59.13,,31.66,34.35,2022-06-30
2,513160,银华恒生港股通中国科技ETF,指数型-股票,2025-03-13,1.2214,1.2214,-5.58,10.02,34.35,79.22,78.52,59.49,60.48,31.56,22.14,2022-01-17
3,513770,华宝中证港股通互联网ETF,指数型-股票,2025-03-14,1.1331,1.1331,-3.21,5.17,30.71,71.16,75.1,47.48,68.99,32.99,13.31,2022-02-09
4,513020,国泰中证港股通科技ETF,指数型-股票,2025-03-13,1.1376,1.1376,-3.9,13.17,33.63,70.79,71.71,51.4,49.61,32.87,13.76,2022-01-19
5,513150,华泰柏瑞港股通科技ETF,指数型-股票,2025-03-13,1.1594,1.1594,-3.86,13.19,34.24,70.47,71.13,51.04,48.76,32.68,15.94,2022-01-25
6,513560,兴银中证港股通科技ETF,指数型-股票,2025-03-13,1.3494,1.3494,-3.87,13.29,33.79,70.75,70.81,51.53,,32.61,34.94,2023-01-31
7,513090,易方达中证香港证券投资ETF,指数型-股票,2025-03-14,1.663,1.663,2.58,8.36,8.16,83.47,70.32,58.79,58.62,11.74,66.25,2020-03-13
8,513980,景顺长城中证港股通科技ETF,指数型-股票,2025-03-13,0.7324,0.7324,-3.96,13.3,34.07,70.64,70.29,50.79,51.04,33.31,-26.76,2021-06-21
9,513860,海富通中证港股通科技ETF,指数型-股票,2025-03-13,0.7335,0.7335,-3.92,13.32,34.0,70.42,69.95,51.58,50.99,33.12,-26.65,2021-06-17
10,159751,鹏华中证港股通科技ETF,指数型-股票,2025-03-13,1.0616,1.0616,-3.79,12.8,33.25,69.21,69.58,51.4,50.16,32.02,6.16,2021-12-10
11,159792,富国中证港股通互联网ETF,指数型-股票,2025-03-13,0.9022,0.9022,-6.53,10.92,27.74,66.98,68.54,40.49,48.34,29.98,-9.78,2021-09-15
12,513040,易方达中证港股通互联网ETF,指数型-股票,2025-03-13,1.4582,1.4582,-6.52,10.92,27.35,65.31,67.03,,,29.73,45.82,2023-05-31
13,159747,南方中证香港科技ETF(QDII),指数型-海外股票,2025-03-14,1.4678,0.7339,-0.97,8.01,32.46,63.84,66.59,48.83,61.12,33.0,-26.61,2021-07-02
14,513380,广发恒生科技(QDII-ETF),指数型-海外股票,2025-03-14,0.7299,1.4598,-2.53,6.66,31.17,70.74,66.36,60.52,,31.43,45.98,2022-04-27
15,159568,博时港股通互联网ETF,指数型-股票,2025-03-13,1.7652,1.7652,-6.51,10.8,26.85,64.17,65.95,,,29.12,76.5,2024-02-08
16,159740,大成恒生科技ETF(QDII),指数型-海外股票,2025-03-14,0.7884,0.7884,-2.65,6.28,30.66,69.88,65.35,59.43,70.91,30.75,-21.16,2021-05-18
17,513070,易方达中证港股通消费主题ETF,指数型-股票,2025-03-14,1.4152,1.4152,-0.9,9.59,27.7,63.44,64.16,48.61,41.52,29.23,41.52,2022-03-14
18,159954,南方恒生中国企业ETF,指数型-股票,2025-03-14,1.022,1.022,-0.45,7.34,24.66,48.27,62.22,52.58,64.89,22.37,2.2,2018-02-08
19,517050,华泰柏瑞中证沪港深互联网ETF,指数型-股票,2025-03-13,0.8699,0.8699,-5.68,6.64,18.71,79.1,61.21,38.5,53.64,23.34,-13.01,2021-01-25
20,513890,摩根恒生科技ETF(QDII),指数型-海外股票,2025-03-13,1.1749,1.1749,-4.99,9.92,27.68,67.99,61.08,57.11,56.8,27.92,17.45,2021-12-17
21,513180,华夏恒生科技ETF(QDII),指数型-海外股票,2025-03-13,0.7839,0.7839,-5.26,10.07,28.11,67.11,60.9,53.8,51.65,28.23,-21.61,2021-05-18
22,159750,招商中证香港科技ETF(QDII),指数型-海外股票,2025-03-14,1.071,1.071,-4.58,11.02,29.37,59.81,60.65,39.19,35.16,29.87,4.18,2022-01-26
23,513050,易方达中概互联50ETF,指数型-海外股票,2025-03-13,1.4708,1.4708,-5.88,9.59,24.49,48.25,60.22,49.9,67.42,26.97,47.08,2017-01-04
24,159742,博时恒生科技ETF(QDII),指数型-海外股票,2025-03-13,0.7913,0.7913,-5.19,10.13,27.81,66.34,60.18,52.91,52.17,28.0,-20.87,2021-05-17
25,159856,工银瑞信中证沪港深互联网ETF,指数型-股票,2025-03-13,0.776,0.776,-5.73,6.83,18.76,79.63,60.1,34.75,48.26,23.67,-22.4,2021-01-22
26,513260,汇添富恒生科技ETF(QDII),指数型-海外股票,2025-03-13,1.4896,1.4896,-5.32,10.0,27.83,66.68,60.1,54.22,,27.96,48.96,2022-08-31
27,513010,易方达恒生科技(QDII-ETF),指数型-海外股票,2025-03-13,0.7985,0.7985,-5.21,10.08,28.05,66.6,60.02,53.91,54.48,28.19,-20.15,2021-05-18
28,588200,嘉实上证科创板芯片ETF,指数型-股票,2025-03-13,1.6197,1.6197,-5.21,6.92,12.02,88.8,59.95,40.33,,10.61,62.36,2022-09-30
29,159741,嘉实恒生科技ETF(QDII),指数型-海外股票,2025-03-13,0.7752,0.7752,-5.42,9.9,28.13,66.6,59.87,52.6,51.91,28.2,-22.48,2021-05-26
30,588290,华安上证科创板芯片ETF,指数型-股票,2025-03-13,1.5805,1.5805,-5.17,6.97,12.16,88.45,59.74,39.44,,10.71,58.05,2022-09-30
31,513130,华泰柏瑞南方东英恒生科技(QDII-ETF),指数型-海外股票,2025-03-13,0.7703,0.7703,-5.28,10.0,27.96,66.3,59.52,51.07,48.88,27.34,-22.97,2021-05-24
32,159546,国泰中证全指集成电路ETF,指数型-股票,2025-03-14,1.4314,1.4314,-1.84,5.12,15.29,88.81,59.31,,,12.06,43.14,2023-10-11
33,513320,易方达恒生港股通新经济ETF,指数型-股票,2025-03-13,1.3494,1.3494,-4.68,11.0,28.64,60.55,58.96,43.26,35.02,28.16,34.94,2022-03-03
34,159729,汇添富中证沪港深互联网ETF,指数型-股票,2025-03-13,0.9211,0.9211,-5.57,6.83,18.76,78.4,58.84,34.57,47.19,23.49,-7.89,2021-07-08
35,513580,华安恒生科技(QDII-ETF),指数型-海外股票,2025-03-13,0.7765,0.7765,-5.26,9.91,27.48,66.24,58.79,51.04,50.48,27.67,-22.35,2021-05-20
36,513230,华夏中证港股通消费主题ETF,指数型-股票,2025-03-13,1.0899,1.0899,-3.78,12.33,23.96,58.53,58.48,39.25,41.18,25.43,8.99,2022-01-12
37,517200,嘉实中证沪港深互联网ETF,指数型-股票,2025-03-13,0.786,0.786,-5.73,6.68,18.46,78.27,58.12,33.18,46.61,23.24,-21.4,2021-01-25
38,159851,华宝中证金融科技主题ETF,指数型-股票,2025-03-13,1.5397,1.5397,-5.13,-1.5,-2.69,109.6,57.0,33.84,38.79,7.57,53.97,2021-03-04
39,516860,博时金融科技ETF,指数型-股票,2025-03-13,1.3159,1.3159,-5.14,-1.51,-2.65,110.11,56.77,31.2,34.32,7.6,31.58,2021-09-24
40,159735,银华中证港股通消费主题ETF,指数型-股票,2025-03-13,0.8469,0.8469,-3.71,12.11,23.58,56.05,56.11,35.2,36.46,25.0,-15.31,2021-05-25
41,516100,华夏中证金融科技主题ETF,指数型-股票,2025-03-14,1.3075,1.3075,-4.96,-1.49,-2.26,108.44,55.72,31.09,36.41,8.02,25.4,2021-07-13
42,159607,嘉实中证海外中国互联网30ETF(QDII),指数型-海外股票,2025-03-12,1.1321,1.1321,0.19,9.64,19.91,50.89,55.06,51.88,76.89,26.28,13.21,2021-11-24
43,513220,招商中证全球中国互联网ETF(QDII),指数型-海外股票,2025-03-13,1.3201,1.3201,-5.48,7.16,19.42,53.27,54.81,46.53,,23.07,32.01,2022-07-04
44,513590,鹏华中证港股通消费主题ETF,指数型-股票,2025-03-13,0.965,0.965,-3.71,11.41,22.32,54.87,54.8,36.18,42.9,23.58,-3.5,2021-08-03
45,159960,平安港股通恒生中国企业ETF,指数型-股票,2025-03-14,0.9079,1.0694,-0.14,6.84,21.34,44.87,53.85,48.97,64.57,18.94,11.57,2018-09-21
46,159605,广发海外中国互联网30(QDII-ETF),指数型-海外股票,2025-03-13,1.1263,1.1263,-5.52,7.64,21.2,49.54,52.22,47.46,77.71,25.01,12.63,2021-11-24
47,510900,易方达恒生国企ETF,指数型-海外股票,2025-03-13,1.1183,1.1683,-3.3,8.12,20.36,44.3,52.09,43.1,48.65,18.49,16.7,2012-08-09
48,159850,华夏恒生中国企业ETF(QDII),指数型-海外股票,2025-03-13,0.8792,0.8792,-3.37,8.1,20.41,44.3,51.98,42.43,46.97,18.54,-12.08,2021-02-01
49,513330,华夏恒生互联网科技业ETF(QDII),指数型-海外股票,2025-03-13,0.5259,0.5259,-6.04,8.25,21.74,53.37,51.16,25.63,21.06,26.39,-47.41,2021-01-26
50,513190,华夏中证港股通内地金融ETF,指数型-股票,2025-03-13,1.464,1.464,-1.01,4.63,12.3,39.07,50.35,,,8.02,46.4,2023-09-25
51,517390,天弘中证沪港深云计算产业ETF,指数型-股票,2025-03-13,1.2278,1.2278,-5.87,3.76,19.08,80.48,49.75,33.01,51.99,22.56,22.78,2021-12-10
52,513660,华夏沪港通恒生ETF,指数型-股票,2025-03-14,2.9466,1.5298,-1.04,6.7,21.11,41.63,49.47,39.93,53.68,19.98,52.98,2014-12-23
53,159788,易方达中证港股通中国100ETF,指数型-股票,2025-03-13,1.2711,1.2711,-3.19,8.56,20.01,43.43,49.03,37.59,42.47,18.69,27.11,2022-02-22
54,159738,华泰柏瑞中证沪港深云计算产业ETF,指数型-股票,2025-03-13,1.3005,1.3005,-5.85,3.77,18.67,77.42,48.59,33.1,52.43,22.2,30.05,2022-01-18
55,159688,华安恒生互联网科技业ETF(QDII),指数型-海外股票,2025-03-13,1.0719,1.0719,-6.01,8.07,21.6,53.81,48.59,24.19,,26.0,7.19,2023-01-17
56,513990,招商上证港股通ETF,指数型-股票,2025-03-14,1.0944,1.0944,-1.07,6.94,21.65,39.2,48.27,35.03,49.08,20.97,9.44,2020-08-03
57,517350,广发中证沪港深科技龙头ETF,指数型-股票,2025-03-13,0.8057,0.8057,-5.21,6.14,20.24,52.22,47.0,30.97,22.48,19.12,-19.43,2021-05-20
58,159665,工银瑞信国证半导体芯片ETF,指数型-股票,2025-03-13,1.3321,1.3321,-5.5,2.27,10.64,73.09,46.95,28.63,,6.8,33.21,2022-12-22
59,159793,平安中证沪港深线上消费主题ETF,指数型-股票,2025-03-14,0.9976,0.9976,-1.95,0.95,15.65,64.73,46.81,29.46,41.66,25.03,-0.24,2021-11-09
60,588100,嘉实上证科创板新一代信息技术ETF,指数型-股票,2025-03-13,1.4294,1.4294,-5.11,4.76,11.1,76.93,46.73,34.7,,10.28,42.94,2022-05-18
61,561980,招商中证半导体产业ETF,指数型-股票,2025-03-14,1.3701,1.3701,-3.42,5.47,8.73,63.26,46.68,,,9.59,37.01,2023-08-21
62,588260,华安上证科创板新一代信息技术ETF,指数型-股票,2025-03-13,1.4177,1.4177,-5.05,4.77,11.04,76.42,46.55,33.46,,10.19,41.77,2022-05-18
63,159723,汇添富中证沪港深科技龙头ETF,指数型-股票,2025-03-13,0.9295,0.9295,-5.21,5.9,19.87,51.38,46.52,30.88,22.79,18.76,-7.05,2021-09-27
64,517360,华安中证沪港深科技100ETF,指数型-股票,2025-03-13,1.0588,1.0588,-3.25,10.27,20.77,51.69,46.49,31.71,41.02,21.53,5.88,2021-06-18
65,513600,南方恒指ETF,指数型-海外股票,2025-03-13,2.6925,1.4198,-3.57,8.41,18.56,37.86,46.38,30.7,40.96,17.78,42.58,2014-12-23
66,513550,华泰柏瑞中证港股通50ETF,指数型-股票,2025-03-13,1.06,1.06,-3.8,8.41,19.45,39.4,46.13,33.64,42.66,18.41,6.0,2020-12-30
67,512480,国联安中证半导体ETF,指数型-股票,2025-03-13,1.0954,2.1908,-5.41,2.92,9.64,74.48,46.05,24.76,-1.94,8.64,119.08,2019-05-08
68,516350,易方达中证芯片产业ETF,指数型-股票,2025-03-13,0.8913,0.8913,-5.48,2.86,10.91,72.3,45.66,28.69,1.16,8.14,-10.87,2021-12-15
69,159711,华夏中证港股通50ETF,指数型-股票,2025-03-13,1.2623,1.2623,-3.71,8.34,19.2,39.07,45.58,33.35,43.69,18.31,26.23,2021-12-16
70,159537,国泰国证信息技术创新主题ETF,指数型-股票,2025-03-14,1.324,1.324,-2.49,2.26,14.84,80.21,44.89,,,13.58,32.4,2023-09-20
71,159801,广发国证半导体芯片ETF,指数型-股票,2025-03-13,0.6486,1.2972,-5.59,2.11,10.1,71.32,44.87,25.87,-7.5,6.33,29.72,2020-01-20
72,159995,华夏国证半导体芯片ETF,指数型-股票,2025-03-13,1.3036,1.3036,-5.6,2.17,10.13,71.48,44.76,25.61,-7.4,6.37,30.36,2020-01-20
73,159813,鹏华国证半导体芯片ETF,指数型-股票,2025-03-13,0.8363,1.2545,-5.59,2.12,10.07,71.2,44.71,25.33,-7.29,6.32,25.44,2020-04-17
74,159538,富国国证信息技术创新主题ETF,指数型-股票,2025-03-14,1.3398,1.3398,-2.5,2.23,14.71,80.32,44.52,,,13.45,33.85,2023-09-14
75,562950,易方达中证消费电子主题ETF,指数型-股票,2025-03-14,0.902,0.902,-1.1,1.05,10.84,54.48,44.44,32.51,11.4,8.24,-9.8,2022-01-12
76,516640,富国中证芯片产业ETF,指数型-股票,2025-03-13,0.801,0.801,-5.52,2.78,10.79,71.93,44.14,24.61,-1.79,8.05,-19.9,2021-08-19
77,516920,汇添富中证芯片产业ETF,指数型-股票,2025-03-13,0.7809,0.7809,-5.52,2.83,10.81,71.59,44.02,24.43,-2.69,8.1,-21.91,2021-07-27
78,159560,景顺长城中证芯片产业ETF,指数型-股票,2025-03-13,1.253,1.253,-5.48,2.81,10.92,71.55,44.01,,,8.19,25.27,2023-11-09
79,159920,华夏恒生ETF(QDII),指数型-海外股票,2025-03-14,1.4729,1.5489,-3.66,8.01,17.71,37.27,43.67,30.36,37.23,17.06,51.69,2012-08-09
80,560660,新华中证云计算50ETF,指数型-股票,2025-03-13,1.2579,1.2579,-4.83,2.14,13.8,78.7,43.51,33.45,55.64,18.27,25.79,2021-08-05
81,159712,国泰中证港股通50ETF,指数型-股票,2025-03-13,1.174,1.174,-3.79,7.25,18.03,37.62,43.42,31.48,41.17,17.01,17.4,2021-10-27
82,512760,国泰CES半导体芯片ETF,指数型-股票,2025-03-13,1.2171,2.4342,-5.2,3.29,10.74,71.49,43.36,22.22,-6.24,8.39,143.42,2019-05-16
83,517900,招商中证银行AH价格优选ETF,指数型-股票,2025-03-14,1.4195,1.4195,0.79,3.49,13.53,35.52,42.5,47.05,,7.28,39.76,2022-03-15
84,159779,招商中证消费电子主题ETF,指数型-股票,2025-03-14,0.8385,0.8385,-1.16,0.99,10.2,51.65,41.93,30.28,8.92,7.69,-16.15,2021-11-18
85,159540,易方达国证信息技术创新主题ETF,指数型-股票,2025-03-13,1.3253,1.3253,-5.15,3.14,13.37,78.28,41.67,,,12.1,32.53,2023-09-20
86,517800,方正富邦沪港深人工智能50ETF,指数型-股票,2025-03-13,0.8191,0.8191,-5.85,3.92,12.81,63.04,41.57,14.62,13.2,13.53,-18.09,2021-08-04
87,159573,华夏创业板中盘200ETF,指数型-股票,2025-03-14,1.3025,1.3025,0.59,6.35,5.3,75.89,41.02,,,16.11,30.25,2023-12-15
88,563010,易方达中证电信主题ETF,指数型-股票,2025-03-14,1.3533,,-0.55,-0.24,5.84,50.18,40.62,,,4.7,35.33,2023-07-05
89,159890,招商中证云计算ETF,指数型-股票,2025-03-14,1.3243,1.3243,-2.37,-0.91,13.97,79.96,40.43,27.29,54.91,19.02,32.43,2021-03-25
90,561600,平安中证消费电子主题ETF,指数型-股票,2025-03-14,0.8923,0.8923,-1.14,0.97,9.85,50.02,40.25,27.18,5.69,7.4,-10.77,2021-08-30
91,513140,华泰柏瑞中证香港300金融服务ETF(QDII),指数型-海外股票,2025-03-13,1.3022,1.3022,-1.99,5.8,12.92,32.22,40.08,32.26,,10.3,30.22,2022-12-26
92,516800,华宝中证智能制造ETF,指数型-股票,2025-03-14,1.2434,1.2434,-1.66,4.06,13.85,69.15,40.05,22.67,20.07,12.81,24.34,2021-01-29
93,159539,广发国证信息技术创新主题ETF,指数型-股票,2025-03-13,1.2855,1.2855,-5.26,2.98,12.64,76.34,39.47,,,11.38,28.55,2023-09-20
94,560800,鹏扬中证数字经济主题ETF,指数型-股票,2025-03-13,0.8318,0.8318,-5.14,1.8,8.68,76.42,39.19,14.46,2.97,8.14,-16.82,2021-12-22
95,513750,广发中证港股通非银ETF,指数型-股票,2025-03-13,1.25,1.25,-2.09,6.76,6.19,39.15,38.94,,,6.87,24.98,2023-11-10
96,561100,富国中证消费电子主题ETF,指数型-股票,2025-03-13,0.9324,0.9324,-4.55,-0.85,8.12,50.9,38.59,32.14,5.75,5.63,-6.67,2022-01-20
97,512330,南方中证500信息技术ETF,指数型-股票,2025-03-14,1.1126,1.1126,0.07,4.94,11.54,68.96,38.25,15.5,16.66,16.45,11.26,2015-06-29
98,159586,南方中证全指计算机ETF,指数型-股票,2025-03-13,1.3793,1.3793,-5.31,0.5,7.28,87.94,37.89,,,19.91,37.93,2024-03-07
99,159658,华安中证数字经济主题ETF,指数型-股票,2025-03-13,1.3063,1.3063,-5.13,1.71,8.31,74.8,37.66,12.9,,7.81,30.63,2022-09-27
100,159739,鹏华中证云计算与大数据主题ETF,指数型-股票,2025-03-13,1.2347,1.2347,-5.52,1.79,11.88,77.78,37.42,24.49,46.6,16.91,23.47,2021-11-03
101,159899,招商中证全指软件ETF,指数型-股票,2025-03-14,0.9198,0.9198,-3.13,-2.84,9.18,90.08,37.39,0.28,18.0,19.41,-8.03,2021-06-18
102,159575,银华创业板中盘200ETF,指数型-股票,2025-03-14,1.2989,1.2989,0.47,5.9,5.04,71.95,37.38,,,15.07,29.89,2023-12-20
103,562660,华夏中证2000ETF,指数型-股票,2025-03-13,1.2705,1.2705,0.47,6.14,3.2,57.69,37.32,,,12.51,27.05,2023-09-06
104,560300,汇添富中证电信主题ETF,指数型-股票,2025-03-13,1.4246,1.4246,-3.93,0.18,3.6,46.58,37.07,,,2.46,42.46,2023-12-05
105,513900,华安CES港股通ETF,指数型-股票,2025-03-13,0.9927,0.9927,-3.86,9.64,18.33,37.74,36.94,18.79,22.51,19.24,-0.73,2018-04-27
106,513810,华夏中证香港内地国有企业ETF(QDII),指数型-海外股票,2025-03-13,1.437,1.437,-0.87,4.33,13.44,30.2,36.78,,,8.43,43.7,2023-08-21
107,517660,天弘中证沪港深物联网主题ETF,指数型-股票,2025-03-14,1.0506,1.0506,-4.22,5.28,15.72,48.4,36.61,31.02,26.22,13.0,3.26,2021-10-12
108,561310,国泰中证消费电子主题ETF,指数型-股票,2025-03-13,0.8443,0.8443,-4.56,-0.99,7.99,49.04,36.46,30.11,4.97,5.45,-15.57,2021-11-10
109,516510,易方达中证云计算ETF,指数型-股票,2025-03-13,1.2884,1.2884,-5.53,1.79,11.87,77.34,36.4,24.66,48.11,16.95,28.84,2021-03-29
110,516000,华夏中证大数据产业ETF,指数型-股票,2025-03-13,1.0764,1.0764,-5.21,4.01,16.53,88.02,36.34,5.73,20.63,19.89,7.64,2021-02-09
111,518860,建信上海金ETF,指数型-其他,2025-03-14,6.6873,1.5891,2.22,1.05,11.16,18.69,36.33,60.19,68.72,12.56,58.91,2020-08-05
112,159834,金ETF,指数型-其他,2025-03-14,6.9577,1.6986,2.22,1.06,11.14,18.64,36.31,60.25,70.39,12.53,69.86,2022-03-03
113,159831,嘉实上海金ETF,指数型-其他,2025-03-14,6.7422,1.6958,2.22,1.05,11.04,18.53,36.13,59.65,,12.51,69.58,2022-03-23
114,513910,华夏中证港股通央企红利ETF,指数型-股票,2025-03-13,1.3451,1.3451,0.07,3.86,5.51,30.64,36.03,,,1.61,34.51,2024-02-07
115,159519,国泰中证香港内地国有企业ETF(QDII),指数型-海外股票,2025-03-14,1.4777,1.4777,-0.69,4.13,13.19,29.29,35.95,,,7.98,45.13,2023-08-23
116,516630,华夏中证云计算ETF,指数型-股票,2025-03-13,1.2481,1.2481,-5.53,1.83,11.8,76.91,35.5,22.03,45.4,16.91,24.81,2021-08-24
117,159572,易方达创业板中盘200ETF,指数型-股票,2025-03-13,1.272,1.272,-3.03,5.0,2.52,70.65,35.42,,,13.11,27.2,2023-12-15
118,159527,广发中证云计算与大数据ETF,指数型-股票,2025-03-13,1.6341,1.6341,-5.56,1.69,11.59,75.97,35.36,,,16.63,63.41,2024-01-22
119,159555,银华中证2000增强策略ETF,指数型-股票,2025-03-13,1.2364,1.2364,0.37,5.92,4.55,61.64,35.16,,,13.17,23.64,2023-12-01
120,159888,华夏中证智能汽车主题ETF,指数型-股票,2025-03-14,1.1891,1.1891,-1.95,-0.18,11.09,52.9,34.85,29.25,18.0,14.27,18.91,2021-05-13
121,518680,富国上海金ETF,指数型-其他,2025-03-13,6.5583,1.6375,0.59,0.16,9.66,17.11,34.82,60.48,65.45,11.01,63.75,2020-07-06
122,159732,华夏国证消费电子主题ETF,指数型-股票,2025-03-13,0.8608,0.8608,-4.14,-2.57,6.91,43.92,34.79,29.58,3.62,6.94,-13.92,2021-08-12
123,588460,鹏华上证科创板50成份增强策略ETF,指数型-股票,2025-03-13,1.1939,1.1939,-5.3,3.39,7.32,62.21,34.78,12.55,,6.79,19.39,2022-12-01
124,159934,易方达黄金ETF,指数型-其他,2025-03-13,6.5024,2.649,0.59,-0.06,9.69,17.04,34.75,60.57,66.72,11.09,164.88,2013-11-29
125,518850,华夏黄金ETF,指数型-其他,2025-03-13,6.5958,1.6979,0.59,-0.03,9.77,17.15,34.69,60.05,65.75,11.15,69.79,2020-04-13
126,518800,国泰黄金ETF,指数型-其他,2025-03-13,6.4881,2.4543,0.59,-0.06,9.67,16.97,34.62,60.43,66.58,11.07,145.43,2013-07-18
127,159786,银华中证虚拟现实主题ETF,指数型-股票,2025-03-13,0.946,0.946,-4.15,-2.01,7.13,52.02,34.62,30.5,12.13,10.77,-5.4,2021-07-29
128,518880,华安黄金易ETF,指数型-其他,2025-03-13,6.5668,2.4797,0.6,-0.06,9.66,16.98,34.58,60.5,66.82,11.06,147.97,2013-07-18
129,159830,天弘上海金ETF,指数型-其他,2025-03-13,6.8382,1.7027,0.59,0.15,9.63,17.14,34.58,58.65,62.27,10.99,70.27,2021-07-06
130,159937,博时黄金ETF,指数型-其他,2025-03-13,6.5568,2.5746,0.59,-0.07,9.61,16.92,34.56,60.35,66.62,11.01,157.46,2014-08-13
131,518660,工银瑞信黄金ETF,指数型-其他,2025-03-13,6.5522,1.6981,0.59,-0.04,9.76,17.09,34.52,59.55,65.04,11.14,69.76,2020-04-24
132,515260,华宝中证电子50ETF,指数型-股票,2025-03-13,0.9405,0.9405,-4.4,-0.29,6.83,49.76,34.47,29.39,5.66,4.13,-5.98,2020-07-17
133,518890,中银上海金ETF,指数型-其他,2025-03-13,6.5931,1.5865,0.58,0.11,9.53,16.92,34.46,59.33,64.61,10.9,58.52,2020-08-28
134,159571,富国创业板中盘200ETF,指数型-股票,2025-03-13,1.2948,1.2948,-3.01,5.02,2.79,71.0,34.39,,,13.34,29.48,2023-12-20
135,518600,广发上海金ETF,指数型-其他,2025-03-13,6.4731,1.5855,0.58,0.12,9.52,16.92,34.34,58.34,63.12,10.91,58.55,2020-07-08
136,159812,前海开源黄金ETF,指数型-其他,2025-03-13,6.5462,1.6845,0.59,-0.07,9.62,16.9,34.32,59.36,64.85,11.02,68.45,2020-04-29
137,513920,华安恒生港股通中国央企红利ETF,指数型-股票,2025-03-13,1.3891,1.4061,0.35,5.51,8.08,28.65,34.29,,,4.4,40.76,2023-12-20
138,159685,天弘中证1000增强ETF,指数型-股票,2025-03-14,1.0841,1.0841,1.11,5.14,5.85,55.43,34.09,,,11.18,8.41,2023-03-15
139,159889,国泰中证智能汽车主题ETF,指数型-股票,2025-03-14,1.0255,1.0255,-1.95,-0.22,11.0,52.49,33.77,26.42,16.1,14.17,2.55,2021-09-01
140,515400,富国中证大数据产业ETF,指数型-股票,2025-03-13,0.9987,0.9987,-5.19,3.94,15.86,84.98,33.62,4.26,18.16,19.33,-0.13,2021-01-07
141,159939,广发中证全指信息技术ETF,指数型-股票,2025-03-13,0.6804,1.3608,-4.52,0.8,7.86,59.61,33.57,18.0,8.78,8.55,36.08,2015-01-08
142,516520,华泰柏瑞中证智能汽车主题ETF,指数型-股票,2025-03-13,1.1523,1.1523,-4.69,-1.24,9.49,52.04,33.57,29.85,18.04,12.5,15.23,2021-02-09
143,512800,华宝中证银行ETF,指数型-股票,2025-03-14,1.5223,1.5223,1.31,0.92,7.5,27.49,33.3,45.63,38.62,2.55,51.53,2017-07-18
144,159997,天弘中证电子ETF,指数型-股票,2025-03-13,1.1863,1.1863,-4.14,0.71,7.84,52.66,33.19,26.7,6.12,6.37,18.63,2020-02-27
145,562930,易方达中证软件服务ETF,指数型-股票,2025-03-14,0.9315,,-2.86,-2.56,10.0,87.84,33.03,,,19.13,-6.85,2023-05-22
146,516700,华宝大数据ETF,指数型-股票,2025-03-13,1.0494,1.0494,-5.13,3.98,15.7,83.37,33.0,3.33,15.94,19.16,4.94,2021-05-11
147,516310,易方达中证银行ETF,指数型-股票,2025-03-13,1.2321,1.2321,0.25,0.2,6.44,26.69,32.67,45.54,38.05,1.48,23.21,2021-05-20
148,159680,招商中证1000增强策略ETF,指数型-股票,2025-03-14,1.2459,1.2459,1.18,4.68,4.26,55.0,32.6,18.89,,11.31,24.58,2022-11-18
149,515320,华安中证电子50ETF,指数型-股票,2025-03-13,0.873,0.873,-4.45,-0.33,6.44,48.22,32.51,24.43,0.92,3.82,-12.7,2020-11-25
150,512720,国泰中证计算机ETF,指数型-股票,2025-03-14,1.2168,1.3128,-1.84,-0.39,11.59,81.4,32.15,5.19,17.2,16.12,33.93,2019-07-11
151,512820,汇添富中证银行ETF,指数型-股票,2025-03-13,1.32,1.516,0.23,0.14,6.22,26.42,32.03,43.19,33.89,1.37,52.77,2018-10-23
152,515290,天弘中证银行ETF,指数型-股票,2025-03-13,1.3423,1.3423,0.23,0.16,6.35,26.44,31.96,43.56,34.62,1.41,34.23,2020-12-11
153,588000,华夏上证科创板50成份ETF,指数型-股票,2025-03-13,1.1256,0.7817,-4.72,4.81,8.11,64.15,31.83,8.29,-6.94,7.93,-21.83,2020-09-28
154,515020,华夏中证银行ETF,指数型-股票,2025-03-13,1.5883,1.5883,0.23,0.16,6.32,26.27,31.81,44.5,36.49,1.39,58.83,2019-10-24
155,512700,南方中证银行ETF,指数型-股票,2025-03-13,1.5161,1.6831,0.22,0.15,6.29,26.29,31.72,43.1,34.22,1.36,75.89,2017-06-28
156,510650,上证金融地产发起式ETF,指数型-股票,2025-03-14,2.7608,2.7608,-0.69,0.31,1.98,26.38,31.67,38.8,34.4,-0.19,169.64,2013-03-28
157,588370,南方上证科创板50成份增强策略ETF,指数型-股票,2025-03-13,1.0587,1.0587,-3.81,4.46,7.84,61.86,31.6,6.72,,8.86,5.87,2022-12-01
158,588020,易方达上证科创板成长ETF,指数型-股票,2025-03-13,1.1925,1.1925,-5.43,4.08,7.87,58.94,31.48,,,9.5,19.25,2023-08-23
159,588080,易方达上证科创板50成份ETF,指数型-股票,2025-03-13,1.0946,0.7669,-4.73,5.07,7.97,63.11,31.25,7.33,-8.42,8.03,-23.31,2020-09-28
160,588060,广发上证科创板50成份ETF,指数型-股票,2025-03-13,0.6815,0.6815,-4.63,5.14,7.97,62.84,31.16,7.12,-9.06,8.07,-31.85,2021-07-15
161,588180,国联安上证科创板50成份ETF,指数型-股票,2025-03-13,0.6906,0.6906,-4.63,5.11,7.97,62.95,31.14,7.42,-7.7,8.08,-30.94,2021-06-24
162,588150,南方上证科创板50ETF,指数型-股票,2025-03-13,0.7495,0.7495,-4.63,5.15,8.06,63.18,31.1,6.89,-8.05,8.22,-25.05,2021-12-10
163,159887,富国中证800银行ETF,指数型-股票,2025-03-13,1.2261,1.2261,0.24,0.18,6.45,26.08,31.09,42.69,33.69,1.46,22.61,2021-05-12
164,516210,华安中证银行ETF,指数型-股票,2025-03-13,1.2767,1.2767,0.23,0.15,6.16,25.76,31.02,41.75,32.2,1.32,27.67,2021-09-03
165,588090,华泰柏瑞上证科创板50成份ETF,指数型-股票,2025-03-13,1.1018,0.7694,-4.63,5.1,7.93,62.92,30.98,6.97,-8.58,8.04,-23.06,2020-09-28
166,159530,易方达国证机器人产业ETF,指数型-股票,2025-03-14,1.4262,,-1.66,8.9,16.53,76.23,30.98,,,22.94,42.62,2024-01-10
167,588050,工银上证科创50成份ETF,指数型-股票,2025-03-13,1.099,0.7658,-4.63,5.07,7.89,62.74,30.96,7.23,-8.27,8.02,-23.42,2020-09-28
168,515250,富国中证智能汽车主题ETF,指数型-股票,2025-03-13,1.0449,1.0449,-4.71,-1.28,9.06,50.56,30.96,25.6,11.74,12.14,4.49,2020-12-24
169,512730,鹏华中证银行ETF,指数型-股票,2025-03-13,1.5395,1.5395,0.21,0.15,6.16,25.53,30.94,42.2,35.2,1.38,53.95,2019-12-19
170,159819,易方达中证人工智能主题ETF,指数型-股票,2025-03-13,1.0147,1.0147,-5.09,1.86,10.46,62.87,30.9,22.64,15.05,11.71,1.47,2020-07-27
171,588280,华安上证科创板50ETF,指数型-股票,2025-03-13,0.7718,0.7718,-4.6,5.12,7.97,62.66,30.9,6.9,-9.18,8.06,-22.82,2021-10-12
172,562030,华宝中证信息技术应用创新产业ETF,指数型-股票,2025-03-13,1.1151,1.1151,-6.16,2.59,13.77,83.04,30.77,,,20.92,11.51,2023-09-26
173,512220,景顺中证科技传媒通信150ETF,指数型-股票,2025-03-13,1.8153,1.8153,-4.7,0.41,8.34,51.45,30.62,21.61,16.4,7.59,81.53,2014-07-18
174,515070,华夏中证人工智能主题ETF,指数型-股票,2025-03-13,1.2922,1.2922,-5.09,1.83,10.42,62.64,30.59,22.24,14.37,11.67,29.22,2019-12-09
175,515980,华富中证人工智能产业ETF,指数型-股票,2025-03-13,1.0906,1.0906,-5.29,1.7,10.51,62.82,30.5,18.27,12.28,12.46,9.06,2019-12-24
176,159795,汇添富中证智能汽车主题ETF,指数型-股票,2025-03-13,0.9927,0.9927,-4.72,-1.31,8.86,49.8,30.26,23.98,11.19,11.93,-0.73,2022-01-27
177,561010,华安中证全指软件开发ETF,指数型-股票,2025-03-13,1.163,1.163,-6.18,-0.91,3.97,80.67,30.24,,,15.98,16.3,2023-11-21
178,159532,易方达中证2000ETF,指数型-股票,2025-03-13,1.2128,1.2128,-0.75,5.1,1.46,56.19,30.16,,,11.69,21.28,2023-09-13
179,588110,广发上证科创板成长ETF,指数型-股票,2025-03-13,1.1685,1.1685,-5.35,4.05,7.79,57.37,29.89,,,9.48,16.85,2023-08-23
180,512930,平安人工智能ETF,指数型-股票,2025-03-13,1.449,1.653,-5.08,1.83,10.38,61.5,29.82,21.61,14.2,11.65,67.85,2019-07-12
181,159679,国泰中证1000增强策略ETF,指数型-股票,2025-03-14,1.0681,1.0681,1.43,5.35,5.57,50.54,29.8,10.08,,11.69,6.81,2023-02-09
182,515230,国泰中证全指软件ETF,指数型-股票,2025-03-14,0.9295,0.9295,-6.3,-1.39,6.55,84.34,29.72,-6.35,7.6,16.6,-8.77,2021-02-03
183,515920,博时智能消费ETF,指数型-股票,2025-03-13,0.9125,0.9125,-2.99,-0.75,6.88,44.77,29.6,24.0,15.46,5.72,-8.75,2020-12-30
184,510230,国泰上证180金融ETF,指数型-股票,2025-03-13,1.3007,2.1509,-0.66,0.14,1.4,25.84,29.46,36.93,31.89,-0.46,125.67,2011-03-31
185,159667,国泰中证机床ETF,指数型-股票,2025-03-14,1.1849,1.1849,-1.06,10.17,13.01,63.23,29.3,23.68,,17.56,18.49,2022-10-12
186,515560,建信中证全指证券公司ETF,指数型-股票,2025-03-14,1.0513,1.0513,2.73,1.57,-5.46,42.67,29.25,29.79,23.62,-1.42,5.13,2020-06-29
187,513950,富国恒生港股通高股息低波动ETF(QDII),指数型-海外股票,2025-03-13,1.2362,1.3119,1.0,6.3,6.65,26.43,29.14,,,4.16,33.35,2023-04-19
188,560280,广发中证工程机械主题ETF,指数型-股票,2025-03-13,1.3729,1.3729,-1.38,11.87,13.65,41.01,28.98,,,16.16,37.29,2023-10-18
189,159852,嘉实中证软件服务ETF,指数型-股票,2025-03-13,0.9033,0.9033,-6.01,-0.59,8.17,86.36,28.9,-8.77,5.43,17.28,-9.67,2021-01-29
190,159770,天弘中证机器人ETF,指数型-股票,2025-03-13,0.9817,0.9817,-4.66,6.43,13.52,73.45,28.56,20.56,20.13,22.1,-1.83,2021-10-26
191,159907,广发国证2000ETF,指数型-股票,2025-03-14,0.8608,1.5642,1.09,4.04,5.01,57.48,28.54,8.79,2.01,12.23,56.31,2011-06-03
192,515850,富国中证全指证券公司ETF,指数型-股票,2025-03-14,1.4048,1.4048,2.76,1.5,-5.59,42.24,28.46,29.69,23.66,-1.49,40.48,2020-01-21
193,159811,博时中证5G产业50ETF,指数型-股票,2025-03-13,1.295,1.295,-3.77,-1.54,8.11,38.24,28.19,30.85,26.22,3.86,29.56,2020-03-27
194,159715,易方达中证稀土产业ETF,指数型-股票,2025-03-13,0.7447,0.7447,1.43,5.84,6.11,48.97,28.18,2.58,-5.46,12.05,-25.53,2021-09-01
195,159716,华宝深创100ETF,指数型-股票,2025-03-14,0.8445,0.8445,0.25,1.32,7.32,42.0,28.13,13.71,7.35,7.06,-15.55,2021-06-18
196,512070,易方达沪深300非银ETF,指数型-股票,2025-03-13,0.7717,2.3151,-1.99,-0.98,-7.45,31.62,28.04,23.79,23.47,-4.97,131.51,2014-06-26
197,563200,富国中证2000ETF,指数型-股票,2025-03-13,1.1653,1.1653,-0.74,4.81,1.48,51.91,27.84,,,11.79,16.47,2023-09-28
198,159998,天弘中证计算机ETF,指数型-股票,2025-03-13,1.0023,1.0023,-4.98,1.42,9.43,78.0,27.67,2.45,11.0,13.92,0.22,2020-03-20
199,159933,国投瑞银金融地产ETF,指数型-股票,2025-03-13,2.7589,2.7589,-0.89,-0.34,-0.3,27.22,27.53,27.85,22.71,-1.36,175.89,2013-09-17
200,159536,汇添富中证2000ETF,指数型-股票,2025-03-13,1.1612,1.1612,-0.37,6.12,2.55,58.79,27.44,,,12.49,16.12,2023-09-13
201,562500,华夏中证机器人ETF,指数型-股票,2025-03-13,0.9487,0.9487,-4.67,6.46,13.52,72.21,27.27,18.97,18.91,22.08,-5.15,2021-12-17
202,159713,富国中证稀土产业ETF,指数型-股票,2025-03-13,0.8191,0.8191,1.41,5.8,5.85,48.6,27.21,0.22,-8.8,11.87,-18.02,2021-08-05
203,562920,易方达中证信息安全主题ETF,指数型-股票,2025-03-13,1.0386,1.0386,-4.53,2.51,8.54,72.12,27.19,,,14.97,3.86,2023-05-31
204,159976,工银粤港澳大湾区创新100ETF,指数型-股票,2025-03-13,1.1563,1.1563,-2.11,3.64,6.95,30.8,27.16,16.57,12.03,6.79,15.63,2019-11-01
205,560220,广发中证2000ETF,指数型-股票,2025-03-13,1.1896,1.1896,-0.77,4.17,1.28,55.83,27.16,,,11.59,18.95,2023-09-08
206,159613,嘉实中证信息安全主题ETF,指数型-股票,2025-03-13,0.978,0.978,-4.55,2.59,8.65,72.88,27.01,3.88,11.78,15.15,-2.2,2022-01-19
207,159940,广发中证全指金融地产ETF,指数型-股票,2025-03-13,1.1469,1.1469,-1.08,-0.85,-1.94,28.73,26.8,25.83,19.27,-1.62,14.69,2015-03-23
208,516780,华泰柏瑞中证稀土产业ETF,指数型-股票,2025-03-13,1.1042,1.1042,1.39,5.78,5.87,48.16,26.74,-0.44,-9.28,11.81,10.42,2021-02-26
209,159551,国泰中证机器人ETF,指数型-股票,2025-03-13,1.2258,1.2258,-4.63,6.35,13.1,70.27,26.58,,,21.55,22.58,2023-11-08
210,159726,华夏恒生中国内地企业高股息率ETF,指数型-股票,2025-03-13,1.1268,1.1268,0.61,7.32,8.99,28.41,26.56,32.52,19.71,6.28,12.68,2021-11-11
211,517000,银华中证沪港深500ETF,指数型-股票,2025-03-13,0.871,0.871,-2.17,3.95,8.0,31.06,26.54,15.3,14.54,7.61,-12.9,2021-02-04
212,512640,嘉实中证金融地产ETF,指数型-股票,2025-03-13,2.2613,2.2613,-1.02,-0.63,-1.48,27.92,26.49,26.12,20.57,-1.53,127.06,2014-06-20
213,159628,万家国证2000ETF,指数型-股票,2025-03-13,1.1133,1.1133,-0.7,5.45,3.01,54.54,26.45,7.87,,11.37,11.33,2022-06-29
214,159559,景顺长城国证机器人产业ETF,指数型-股票,2025-03-13,1.2632,1.2632,-4.13,7.28,14.02,72.66,26.42,,,20.22,26.32,2023-11-30
215,513530,华泰柏瑞中证港股通高股息投资ETF(QDII),指数型-海外股票,2025-03-13,1.4725,1.4725,0.85,3.91,4.98,22.14,26.39,33.55,,1.92,47.21,2022-04-08
216,517850,汇添富中证沪港深张江自主创新50ETF,指数型-股票,2025-03-13,0.9153,0.9153,-4.92,3.13,10.53,55.45,26.39,-0.48,,11.59,-8.47,2022-04-28
217,159701,招商中证物联网主题ETF,指数型-股票,2025-03-14,0.8639,0.8639,-1.17,0.81,8.08,44.46,26.26,18.08,9.51,7.24,-13.61,2021-12-15
218,517100,富国中证沪港深500ETF,指数型-股票,2025-03-13,0.875,0.875,-2.29,4.18,8.43,31.7,26.24,15.4,15.04,8.1,-12.5,2021-02-09
219,562360,银华中证机器人ETF,指数型-股票,2025-03-13,1.0295,1.0295,-4.61,6.44,13.24,70.39,26.13,16.25,15.78,21.79,2.95,2021-09-22
220,159931,汇添富中证金融地产ETF,指数型-股票,2025-03-13,1.7952,1.7952,-1.03,-0.62,-1.51,27.39,26.05,24.88,17.93,-1.55,81.68,2013-08-23
221,561120,富国中证全指家用电器ETF,指数型-股票,2025-03-14,1.2606,1.2606,2.32,1.91,5.49,36.38,26.0,34.74,47.49,6.59,26.06,2022-01-25
222,513630,摩根标普港股通低波红利ETF,指数型-股票,2025-03-13,1.3291,1.3291,0.34,5.48,6.5,20.43,25.9,,,3.66,32.91,2023-11-23
223,159531,南方中证2000ETF,指数型-股票,2025-03-13,1.1303,1.1303,-0.96,4.97,0.66,56.1,25.85,,,12.21,13.03,2023-09-07
224,159909,招商深证TMT50ETF,指数型-股票,2025-03-14,0.7102,2.1393,-0.42,-1.69,4.84,41.36,25.5,15.72,12.84,4.7,114.04,2011-06-27
225,516150,嘉实中证稀土产业ETF,指数型-股票,2025-03-13,1.1486,1.1486,1.38,5.74,5.59,47.41,25.5,-2.41,-11.58,11.67,14.86,2021-03-09
226,159994,银华中证5G通信主题ETF,指数型-股票,2025-03-14,0.9705,0.9705,0.77,-1.62,6.11,34.85,25.47,33.38,23.74,3.6,-2.95,2020-01-22
227,159567,银华国证港股通创新药ETF,指数型-股票,2025-03-14,1.1526,1.1526,2.05,12.58,18.58,30.13,25.35,,,20.62,15.26,2024-01-03
228,517080,汇添富中证沪港深500ETF,指数型-股票,2025-03-13,0.8673,0.8673,-2.29,3.94,7.73,30.05,25.33,14.42,13.85,7.42,-13.27,2021-02-01
229,517170,华夏中证沪港深500ETF,指数型-股票,2025-03-13,0.8838,0.8838,-2.29,4.03,7.75,30.33,25.33,13.32,9.22,7.41,-11.62,2021-04-07
230,516730,浦银安盛中证证券公司30ETF,指数型-股票,2025-03-13,1.0,1.0,-2.06,-0.57,-7.32,38.5,25.3,24.19,17.38,-4.09,0.0,2021-11-04
231,159535,嘉实中证2000ETF,指数型-股票,2025-03-13,1.152,1.152,-0.69,3.63,-0.09,49.84,25.26,,,10.23,15.2,2023-09-14
232,517010,易方达中证沪港深500ETF,指数型-股票,2025-03-13,0.9713,0.9713,-2.34,4.03,7.77,29.97,25.25,14.22,13.72,7.52,-2.87,2021-08-03
233,159692,证券ETF东财,指数型-股票,2025-03-13,1.2158,1.2158,-2.01,-0.54,-7.12,37.8,25.06,,,-3.91,21.57,2023-05-05
234,159804,国寿安保创精选88ETF,指数型-股票,2025-03-13,1.2744,1.2744,-2.28,4.36,1.77,57.02,24.99,5.21,1.67,12.48,27.44,2020-03-04
235,513690,博时恒生高股息ETF,指数型-股票,2025-03-13,0.9362,0.9617,0.92,7.72,7.63,23.06,24.96,23.03,16.19,5.04,-3.43,2021-05-11
236,515630,鹏华中证800证保ETF,指数型-股票,2025-03-13,1.2575,1.2575,-1.99,-1.44,-8.05,31.51,24.9,22.61,20.98,-4.77,25.75,2020-02-28
237,159775,建信国证新能源车电池ETF,指数型-股票,2025-03-14,0.6191,0.6191,1.98,4.58,8.73,46.36,24.74,-12.99,-27.51,12.83,-38.05,2022-01-07
238,516590,易方达中证智能电动汽车ETF,指数型-股票,2025-03-13,1.0127,1.0127,-3.17,0.64,7.19,39.43,24.73,1.84,-15.48,9.16,1.27,2021-04-29
239,159663,华夏中证机床ETF,指数型-股票,2025-03-13,1.1545,1.1545,-2.26,8.02,10.28,58.15,24.68,16.52,,14.84,15.45,2022-10-12
240,516260,华夏中证物联网主题ETF,指数型-股票,2025-03-13,0.9039,0.9039,-4.19,-0.14,6.1,43.16,24.66,20.26,8.43,5.25,-9.61,2021-07-22
241,515750,富国中证科技50策略ETF,指数型-股票,2025-03-13,1.4388,1.4388,-4.15,1.66,7.25,47.81,24.57,10.78,7.63,8.19,44.01,2019-11-15
242,561280,工银中证1000增强策略ETF,指数型-股票,2025-03-13,1.1661,1.1661,-0.83,5.12,6.12,53.29,24.49,,,11.29,16.61,2023-08-31
243,159993,鹏华国证证券龙头ETF,指数型-股票,2025-03-13,1.1767,1.1767,-2.29,-1.36,-7.82,38.35,24.37,21.76,15.98,-4.85,17.67,2019-12-26
244,516380,华宝智能电动汽车ETF,指数型-股票,2025-03-13,0.808,0.808,-3.22,0.6,7.22,39.31,24.37,0.66,-17.67,9.1,-19.22,2021-06-04
245,159996,国泰中证全指家电ETF,指数型-股票,2025-03-14,1.4168,1.4168,2.3,1.85,5.16,35.23,24.26,31.72,43.21,6.29,41.68,2020-02-27
246,512880,国泰中证全指证券公司ETF,指数型-股票,2025-03-13,1.1147,1.1147,-2.13,-1.49,-8.65,38.58,24.02,23.64,16.69,-4.67,11.47,2016-07-26
247,159615,南方恒生生物科技ETF(QDII),指数型-海外股票,2025-03-14,0.845,0.845,2.33,11.01,20.03,35.2,23.99,-9.32,,22.36,-15.5,2022-06-17
248,560780,广发中证半导体材料设备主题ETF,指数型-股票,2025-03-13,1.1587,1.1587,-5.8,2.9,-0.16,48.42,23.9,,,6.45,15.84,2023-12-01
249,512000,华宝券商ETF,指数型-股票,2025-03-13,1.0655,1.0655,-2.11,-1.47,-8.63,38.09,23.68,23.31,16.44,-4.65,6.55,2016-08-30
250,513030,华安德国(DAX)ETF(QDII),指数型-海外股票,2025-03-12,1.6758,1.6758,0.62,6.96,13.97,21.0,23.58,48.04,72.94,17.83,67.58,2014-08-08
251,561370,国泰中证2000ETF,指数型-股票,2025-03-13,1.1243,1.1243,-1.06,4.9,0.51,53.26,23.55,,,11.89,12.43,2023-09-13
252,515010,华夏中证全指证券公司ETF,指数型-股票,2025-03-13,1.2721,1.2721,-2.1,-1.2,-8.28,37.79,23.53,24.18,18.09,-4.33,27.21,2019-09-17
253,512900,南方中证全指证券公司ETF,指数型-股票,2025-03-13,1.1022,1.1022,-2.14,-1.44,-8.61,37.86,23.41,23.04,16.17,-4.61,10.22,2017-03-10
254,562520,华夏中证智选1000成长创新策略ETF,指数型-股票,2025-03-14,1.1133,1.1133,-0.2,6.04,8.82,52.36,23.41,2.5,11.75,11.98,11.33,2022-03-08
255,516110,国泰中证800汽车与零部件ETF,指数型-股票,2025-03-13,1.2993,1.2993,-2.43,-2.48,3.02,27.85,23.38,34.32,31.68,1.71,29.93,2021-04-07
256,159541,万家创业板综合ETF,指数型-股票,2025-03-13,1.1845,1.1845,-2.67,1.73,0.54,52.07,23.28,,,7.45,18.45,2023-10-18
257,159841,天弘中证全指证券公司ETF,指数型-股票,2025-03-13,1.0104,1.0104,-2.13,-1.46,-8.65,37.62,23.25,23.05,16.53,-4.63,1.04,2021-01-28
258,560880,广发中证全指家用电器ETF,指数型-股票,2025-03-13,1.4389,1.4389,-0.39,-0.44,3.0,33.23,23.14,29.03,,3.98,43.89,2022-03-30
259,159721,永赢深证创新100ETF,指数型-股票,2025-03-13,0.7956,0.7956,-2.64,0.67,4.68,38.01,23.1,7.69,-0.85,4.34,-20.44,2021-06-17
260,159516,国泰中证半导体材料设备主题ETF,指数型-股票,2025-03-13,1.0632,1.0632,-5.85,2.83,-0.65,46.85,23.03,,,6.03,6.32,2023-07-19
261,513310,华泰柏瑞中韩半导体ETF(QDII),指数型-海外股票,2025-03-13,1.5453,1.5453,-1.84,-1.27,10.01,39.43,23.02,52.5,,7.96,54.53,2022-11-02
262,516200,华安中证全指证券公司ETF,指数型-股票,2025-03-13,1.0662,1.0662,-2.12,-1.42,-8.54,37.31,22.85,22.26,15.19,-4.57,6.62,2021-03-09
263,159822,银华工银南方东英标普中国新经济ETF(QDII),指数型-海外股票,2025-03-13,0.6851,0.6851,-3.47,6.22,10.84,29.98,22.82,7.75,15.08,13.52,-31.49,2020-09-29
264,563300,华泰柏瑞中证2000ETF,指数型-股票,2025-03-13,1.1272,1.1272,-1.15,4.2,-0.52,53.34,22.82,,,10.98,12.72,2023-09-06
265,512570,易方达中证全指证券公司ETF,指数型-股票,2025-03-13,1.112,1.112,-2.1,-1.27,-8.4,36.44,22.72,24.3,17.67,-4.43,11.2,2017-07-27
266,159991,招商创业板大盘ETF,指数型-股票,2025-03-14,0.4825,1.3703,1.17,0.23,-0.37,46.57,22.71,-1.49,-7.81,3.43,37.03,2020-03-20
267,516980,华富中证证券公司先锋策略ETF,指数型-股票,2025-03-13,1.0896,1.0896,-1.83,-1.03,-7.92,37.71,22.7,23.59,15.56,-3.87,8.96,2021-06-15
268,159842,银华中证全指证券公司ETF,指数型-股票,2025-03-13,1.0549,1.0549,-2.08,-1.4,-8.38,36.42,22.63,22.45,15.95,-4.45,5.49,2021-03-03
269,159895,易方达中证物联网主题ETF,指数型-股票,2025-03-13,0.9076,0.9076,-4.14,-0.1,6.09,41.53,22.62,15.88,3.1,5.23,-9.24,2021-10-13
270,159563,华夏创业板综合ETF,指数型-股票,2025-03-13,1.3553,1.3553,-2.25,3.2,1.56,49.29,22.56,,,8.75,35.53,2024-02-01
271,159872,鹏华中证车联网主题ETF,指数型-股票,2025-03-13,0.9655,0.9655,-2.21,0.12,4.07,48.4,22.54,9.97,6.97,8.79,-3.45,2021-06-16
272,560090,汇添富中证全指证券公司ETF,指数型-股票,2025-03-13,1.1967,1.1967,-2.13,-1.45,-8.61,37.03,22.54,22.73,,-4.64,19.67,2023-02-27
273,562590,华夏中证半导体材料设备主题ETF,指数型-股票,2025-03-13,1.1169,1.1169,-5.88,2.81,-0.45,46.13,22.51,,,6.2,11.69,2023-10-09
274,159848,国联安中证全指证券公司ETF,指数型-股票,2025-03-13,0.8882,1.1009,-2.11,-1.43,-8.47,36.52,22.49,21.75,15.08,-4.54,10.09,2021-02-09
275,159896,南方中证物联网主题ETF,指数型-股票,2025-03-13,0.846,0.846,-4.19,-0.11,6.17,41.9,22.36,15.65,3.98,5.24,-15.4,2021-11-15
276,516010,国泰中证动漫游戏ETF,指数型-股票,2025-03-14,1.2504,1.2504,1.69,-4.12,8.33,67.14,22.35,36.79,49.48,25.76,25.04,2021-02-25
277,159565,易方达中证汽车零部件主题ETF,指数型-股票,2025-03-13,1.2995,1.2995,-2.83,2.82,9.6,45.21,22.33,,,12.88,29.94,2024-02-08
278,159505,博时国证2000ETF,指数型-股票,2025-03-13,1.1251,1.1251,-0.31,6.25,4.73,52.56,22.29,,,12.07,12.51,2023-11-23
279,159720,泰康中证智能电动汽车ETF,指数型-股票,2025-03-13,0.6789,0.6789,-3.22,0.55,6.76,38.07,22.26,-2.33,-20.23,8.8,-32.11,2021-07-07
280,159512,广发中证全指汽车ETF,指数型-股票,2025-03-13,1.386,1.386,-2.95,-3.37,-1.37,32.89,22.23,,,-1.6,38.6,2023-07-13
281,159757,景顺长城国证新能源车电池ETF,指数型-股票,2025-03-13,0.5929,0.5929,-2.03,3.64,6.27,43.94,22.22,-13.53,-28.12,10.16,-40.71,2021-07-21
282,159840,工银瑞信国证新能源车电池ETF,指数型-股票,2025-03-13,0.5756,0.5756,-2.06,3.67,6.18,44.26,22.21,-14.59,-29.47,10.18,-42.44,2021-08-05
283,159836,天弘创业板300ETF,指数型-股票,2025-03-13,0.8564,0.8564,-2.95,1.18,-0.95,50.25,22.08,0.63,-8.12,4.71,-14.36,2021-05-11
284,560000,浦银安盛中证智能电动汽车ETF,指数型-股票,2025-03-13,0.7033,0.7033,-3.19,0.5,6.61,36.62,21.89,-2.33,-20.66,8.55,-29.67,2021-09-17
285,159755,广发国证新能源车电池ETF,指数型-股票,2025-03-13,0.7188,0.7188,-2.07,3.65,6.11,43.96,21.87,-15.03,-30.84,10.09,-28.12,2021-06-15
286,588210,易方达上证科创板100ETF,指数型-股票,2025-03-13,1.0003,1.0003,-3.74,6.21,9.08,59.72,21.84,,,14.73,0.03,2023-11-08
287,159936,广发中证全指可选消费ETF,指数型-股票,2025-03-13,2.0427,2.0427,-1.56,-0.55,3.07,31.95,21.83,20.79,22.04,2.89,104.27,2014-06-03
288,516300,华泰柏瑞中证1000ETF,指数型-股票,2025-03-13,2.6258,1.1072,-1.06,3.97,2.29,49.46,21.82,1.33,-0.05,8.95,10.72,2021-03-15
289,517770,浦银安盛中证沪港深游戏及文化传媒ETF,指数型-股票,2025-03-13,1.0438,1.0438,-1.86,2.5,6.23,47.28,21.67,18.8,25.56,15.82,4.38,2021-11-25
290,515000,华宝中证科技龙头ETF,指数型-股票,2025-03-14,1.3874,1.3874,-0.99,0.0,7.34,46.1,21.52,11.0,-1.53,5.93,38.74,2019-07-22
291,159778,鹏华中证工业互联网主题ETF,指数型-股票,2025-03-13,0.8946,0.8946,-4.57,1.08,9.66,46.73,21.5,6.92,-4.99,9.42,-10.54,2022-01-25
292,512560,易方达中证军工ETF,指数型-股票,2025-03-13,0.6667,1.3334,3.3,6.52,2.52,36.79,21.46,-2.8,-2.63,5.14,33.3,2017-07-14
293,516330,华泰柏瑞中证物联网主题ETF,指数型-股票,2025-03-13,1.0501,1.0501,-4.18,-0.23,5.95,40.46,21.46,15.04,3.78,5.02,5.01,2021-03-31
294,517300,国寿安保中证沪港深300ETF,指数型-股票,2025-03-13,0.7987,0.7987,-1.92,2.48,4.91,28.16,21.38,11.1,8.25,4.23,-20.13,2021-02-04
295,159743,博时湖北新旧动能转换ETF,指数型-股票,2025-03-13,0.9355,0.9355,0.02,4.6,0.45,48.78,21.34,8.28,6.9,6.28,-6.45,2021-12-29
296,159725,工银瑞信中证线上消费ETF,指数型-股票,2025-03-13,0.8843,0.8843,-4.15,-3.28,0.49,66.0,21.3,15.22,16.34,15.61,-11.58,2021-06-11
297,561950,招商中证500增强策略ETF,指数型-股票,2025-03-14,1.1201,1.1201,2.06,3.66,5.94,39.87,21.29,,,8.43,12.01,2023-03-29
298,515050,华夏中证5G通信主题ETF,指数型-股票,2025-03-13,1.1529,1.1529,-3.27,-3.35,3.58,31.79,21.2,29.48,17.13,1.08,15.29,2019-09-17
299,512810,华宝中证军工ETF,指数型-股票,2025-03-13,1.2605,1.2605,3.28,6.38,2.49,36.06,21.19,-2.37,-2.65,5.01,26.01,2016-08-05
300,159767,兴银国证新能源车电池ETF,指数型-股票,2025-03-13,0.5863,0.5863,-2.05,3.66,5.98,43.1,21.19,-14.37,-28.92,9.98,-41.37,2021-08-06
301,515760,华夏中证浙江国资创新发展ETF,指数型-股票,2025-03-14,1.2447,1.2447,1.1,0.48,0.73,32.82,21.13,17.45,13.85,4.66,24.47,2020-09-17
302,588880,华泰柏瑞上证科创板100ETF,指数型-股票,2025-03-13,0.9889,0.9889,-3.92,5.99,8.71,58.6,21.04,,,14.4,-1.11,2023-11-08
303,588800,华夏上证科创板100ETF,指数型-股票,2025-03-13,0.9894,0.9894,-3.98,6.0,8.46,58.51,20.94,,,14.25,-1.06,2023-11-08
304,159543,工银国证2000ETF,指数型-股票,2025-03-13,1.062,1.062,-0.9,4.92,2.47,48.82,20.83,,,10.27,6.2,2023-11-09
305,159906,大成深证成长40ETF,指数型-股票,2025-03-14,0.9529,0.9529,1.03,1.45,2.75,43.06,20.77,-10.61,-20.06,5.94,-4.71,2010-12-21
306,517030,易方达中证沪港深300ETF,指数型-股票,2025-03-13,0.964,0.964,-1.94,2.47,4.73,27.92,20.64,11.12,7.66,4.15,-3.6,2021-09-15
307,510030,华宝上证180价值ETF,指数型-股票,2025-03-14,1.0,2.739,1.52,0.4,1.83,21.51,20.63,26.74,27.88,-0.79,173.86,2010-04-23
308,588900,南方上证科创板100ETF,指数型-股票,2025-03-13,1.0261,1.0261,-3.93,6.01,8.7,58.79,20.62,,,14.42,2.61,2023-12-08
309,159918,嘉实中创400ETF,指数型-股票,2025-03-13,1.9724,1.9724,-1.64,3.46,2.15,50.43,20.6,3.56,1.08,8.99,97.24,2012-03-22
310,560590,鹏华中证1000增强ETF,指数型-股票,2025-03-13,1.1675,1.1675,-0.84,4.16,2.1,43.25,20.4,,,8.05,16.75,2023-09-01
311,588030,博时上证科创板100ETF,指数型-股票,2025-03-13,1.0222,1.0222,-3.94,5.97,8.58,57.7,20.36,,,14.21,2.22,2023-09-06
312,159570,汇添富国证港股通创新药ETF,指数型-股票,2025-03-13,1.1149,1.1149,-1.22,15.59,14.91,26.55,20.35,,,16.35,11.49,2023-12-28
313,512660,国泰中证军工ETF,指数型-股票,2025-03-13,1.0934,1.0934,3.3,6.51,2.31,36.01,20.25,-4.97,-5.79,4.96,9.34,2016-07-26
314,512680,广发中证军工ETF,指数型-股票,2025-03-13,1.1206,1.1206,3.28,6.5,2.26,35.88,20.18,-5.15,-6.07,4.92,12.06,2016-08-30
315,588220,鹏华上证科创板100ETF,指数型-股票,2025-03-13,1.0237,1.0237,-3.9,5.95,8.56,57.47,20.18,,,14.16,2.37,2023-09-06
316,159677,银华中证1000增强策略ETF,指数型-股票,2025-03-13,1.0973,1.0973,-0.27,3.98,2.24,44.51,20.07,3.88,,7.98,9.73,2022-11-24
317,561780,博时中证1000增强策略ETF,指数型-股票,2025-03-13,1.1413,1.1413,-0.8,4.52,4.27,45.0,20.04,,,9.34,14.13,2023-11-02
318,588120,国泰上证科创板100ETF,指数型-股票,2025-03-13,1.0244,1.0244,-3.97,5.96,8.62,57.65,20.04,,,14.27,2.44,2023-09-06
319,159728,南方国证在线消费ETF,指数型-股票,2025-03-13,0.9017,0.9017,-4.02,-1.31,3.47,61.68,19.99,12.81,11.4,14.59,-9.83,2021-12-29
320,159964,平安创业板ETF,指数型-股票,2025-03-14,1.4281,1.4281,0.95,0.48,-0.33,44.52,19.94,-2.56,-10.56,3.98,42.81,2019-03-15
321,561590,华泰柏瑞中证1000增强策略ETF,指数型-股票,2025-03-13,1.0782,1.0782,-0.54,4.92,5.05,48.61,19.91,5.26,,8.98,7.82,2022-11-23
322,159956,建信创业板ETF,指数型-股票,2025-03-14,1.395,1.395,0.95,0.45,-0.25,44.59,19.86,-1.65,-9.48,4.04,39.49,2018-02-06
323,588300,招商中证科创创业50ETF,指数型-股票,2025-03-14,0.6047,0.6047,-1.13,1.87,2.68,43.84,19.81,-2.22,-10.71,3.72,-39.54,2021-06-25
324,516050,工银中证科技龙头ETF,指数型-股票,2025-03-13,0.7126,0.7126,-4.35,-0.96,5.24,44.72,19.8,10.77,-4.13,3.86,-28.74,2021-01-21
325,512970,平安粤港澳大湾区ETF,指数型-股票,2025-03-13,1.2395,1.2395,-1.69,0.85,3.69,28.87,19.61,6.09,1.4,3.74,23.95,2019-09-23
326,512670,鹏华中证国防ETF,指数型-股票,2025-03-13,0.7505,1.501,5.08,10.25,5.5,36.8,19.54,-14.85,-18.42,8.11,50.1,2019-07-05
327,588190,银华上证科创板100ETF,指数型-股票,2025-03-13,1.0179,1.0179,-3.91,5.9,8.31,57.08,19.43,,,14.09,1.79,2023-09-06
328,159633,易方达中证1000ETF,指数型-股票,2025-03-13,2.647,0.9404,-1.08,4.01,1.8,46.57,19.42,-2.53,,8.57,-5.96,2022-07-28
329,159507,广发国证通信ETF,指数型-股票,2025-03-13,1.1132,1.1132,-2.83,-1.29,1.86,34.31,19.35,,,0.55,11.32,2023-06-08
330,159709,工银瑞信深证物联网50ETF,指数型-股票,2025-03-13,0.9427,0.9427,-3.53,1.3,5.51,43.97,19.28,18.3,10.57,5.42,-5.74,2021-06-18
331,159915,易方达创业板ETF,指数型-股票,2025-03-14,2.1841,,0.97,0.49,-0.36,44.92,19.24,-3.93,-12.26,4.0,150.21,2011-09-20
332,159695,嘉实国证通信ETF,指数型-股票,2025-03-13,1.2173,1.2173,-2.88,-1.35,1.69,33.7,19.24,,,0.45,21.73,2023-04-27
333,159781,易方达中证科创创业50ETF,指数型-股票,2025-03-14,0.5841,0.5841,-1.13,1.92,2.73,43.51,19.18,-3.18,-12.05,3.77,-41.59,2021-06-28
334,159966,华夏创业板价值ETF,指数型-股票,2025-03-14,0.5011,1.5416,0.02,-0.4,1.42,41.83,19.08,1.03,-1.63,4.94,51.13,2019-06-14
335,513120,广发中证香港创新药ETF(QDII),指数型-海外股票,2025-03-13,0.8354,0.8354,-1.53,14.78,13.68,25.12,18.99,-7.97,,15.85,-16.47,2022-07-01
336,560010,广发中证1000ETF,指数型-股票,2025-03-13,2.6304,0.9284,-1.05,4.07,1.76,46.49,18.95,-3.4,,8.54,-7.16,2022-07-28
337,159566,易方达国证新能源电池ETF,指数型-股票,2025-03-14,1.4314,1.4314,1.91,6.96,6.3,35.2,18.92,,,8.09,43.14,2024-01-31
338,588330,华宝双创龙头ETF,指数型-股票,2025-03-14,0.5971,0.5971,-1.11,1.93,2.77,42.61,18.85,-2.19,-11.05,3.74,-40.29,2021-06-29
339,560110,汇添富中证1000ETF,指数型-股票,2025-03-13,0.9453,0.9453,-1.06,4.04,1.66,46.04,18.71,-2.96,,8.49,-5.48,2022-07-29
340,159631,招商中证A100ETF,指数型-股票,2025-03-14,1.0387,1.0387,1.52,2.1,4.48,28.3,18.64,9.02,,3.48,3.87,2022-08-18
341,510090,建信责任ETF,指数型-股票,2025-03-14,2.5409,3.0312,1.93,1.82,2.41,23.25,18.56,10.95,12.78,1.13,203.12,2010-05-28
342,159682,景顺长城创业板50ETF,指数型-股票,2025-03-13,0.9241,0.9241,-3.13,-1.4,-4.54,41.99,18.52,-6.14,,-0.72,-7.51,2022-12-23
343,159845,华夏中证1000ETF,指数型-股票,2025-03-13,2.6344,1.0921,-1.04,4.07,1.73,46.49,18.51,-3.61,-5.59,8.54,9.21,2021-03-18
344,159681,鹏华创业板50ETF,指数型-股票,2025-03-13,0.9354,0.9354,-3.14,-1.39,-4.53,41.9,18.48,-5.53,,-0.69,-6.46,2022-12-21
345,512100,南方中证1000ETF,指数型-股票,2025-03-13,2.587,0.9592,-1.04,4.08,1.76,46.44,18.41,-3.62,-5.44,8.57,-3.92,2016-09-29
346,159629,富国中证1000ETF,指数型-股票,2025-03-13,2.6263,0.9247,-1.05,4.06,1.74,46.3,18.41,-3.43,,8.53,-7.53,2022-07-27
347,159943,大成深证成份ETF,指数型-股票,2025-03-14,1.1732,0.9102,1.2,2.1,2.78,38.12,18.27,0.62,-3.36,5.62,-8.98,2015-06-05
348,159511,南方中证通信服务ETF,指数型-股票,2025-03-13,1.0971,1.0971,-2.98,-1.36,2.6,33.99,18.27,,,2.42,9.78,2023-07-28
349,159973,弘毅远方民企领先100ETF,指数型-股票,2025-03-13,1.3744,1.3744,-2.2,-0.07,1.01,32.74,18.24,-2.32,-12.66,2.1,35.26,2019-07-16
350,159556,平安中证2000增强策略ETF,指数型-股票,2025-03-14,1.0473,1.0473,0.97,7.69,6.93,52.11,18.14,,,13.37,4.73,2023-12-27
351,562530,华夏中证智选1000价值稳健策略ETF,指数型-股票,2025-03-13,1.1649,1.1649,1.37,3.95,-1.03,33.56,18.13,9.62,,2.82,16.49,2022-07-28
352,159949,华安创业板50ETF,指数型-股票,2025-03-13,0.952,0.952,-3.16,-1.45,-4.73,42.07,18.08,-6.38,-17.35,-0.83,-4.8,2016-06-30
353,515580,华泰柏瑞中证科技100ETF,指数型-股票,2025-03-13,0.8657,1.7314,-3.22,0.28,4.54,35.14,18.06,7.53,3.94,4.79,73.09,2019-09-27
354,159521,平安国证2000ETF,指数型-股票,2025-03-14,1.06,1.06,1.0,5.9,5.4,47.69,17.97,,,10.53,6.0,2023-08-25
355,517550,招商中证沪港深消费龙头ETF,指数型-股票,2025-03-14,0.8539,0.8539,0.76,7.25,15.63,42.91,17.88,3.3,9.67,16.35,-14.61,2022-01-20
356,159595,大成中证A50ETF,指数型-股票,2025-03-14,1.1784,1.1784,2.34,2.02,3.45,26.71,17.88,,,2.73,17.84,2024-03-06
357,512190,浙商之江凤凰ETF,指数型-股票,2025-03-14,1.9261,1.9261,1.3,2.79,0.99,25.3,17.87,9.56,8.76,3.56,92.61,2019-08-05
358,159562,华夏中证沪深港黄金产业股票ETF,指数型-股票,2025-03-13,1.3531,1.3531,3.54,2.54,9.36,18.77,17.87,,,16.31,35.31,2024-01-11
359,159510,华夏中证智选300价值稳健策略ETF,指数型-股票,2025-03-13,1.1061,1.1061,-0.73,0.07,0.58,23.24,17.77,,,-0.64,10.61,2023-07-31
360,510060,工银上证央企ETF,指数型-股票,2025-03-13,2.4539,1.5696,-0.69,-1.17,-1.37,16.87,17.65,19.62,22.97,-4.07,56.96,2009-08-26
361,159892,华夏恒生生物科技ETF(QDII),指数型-海外股票,2025-03-13,0.5628,0.5628,-1.99,13.9,15.23,29.83,17.62,-12.09,-1.88,17.47,-43.72,2021-09-29
362,510130,中盘ETF,指数型-股票,2025-03-14,6.0419,,1.23,0.72,0.11,28.04,17.56,10.4,11.1,0.8,107.19,2010-03-29
363,512750,嘉实中证锐联基本面ETF,指数型-股票,2025-03-13,1.3745,1.3745,-0.86,-1.29,-1.19,19.87,17.5,22.13,29.41,-3.1,37.45,2019-05-23
364,510810,汇添富中证上海国企ETF,指数型-股票,2025-03-13,0.8249,0.9149,-1.5,-2.54,-7.68,24.24,17.39,9.64,7.27,-5.87,76.21,2016-07-28
365,588320,广发中证科创创业50增强策略ETF,指数型-股票,2025-03-13,0.9264,0.9264,-4.21,1.14,1.6,41.76,17.24,-4.89,,2.29,-7.36,2022-12-28
366,513280,汇添富恒生生物科技ETF(QDII),指数型-海外股票,2025-03-13,0.7935,0.7935,-1.99,13.96,15.32,29.81,17.17,-12.81,,17.49,-20.65,2022-07-05
367,510800,建信上证50ETF,指数型-股票,2025-03-14,1.2646,1.2646,2.02,2.97,4.42,25.25,17.02,10.17,5.51,2.41,26.42,2017-12-22
368,159718,平安中证港股通医药卫生综合ETF,指数型-股票,2025-03-14,0.6949,0.6949,1.79,9.23,17.56,28.4,16.99,-15.69,4.17,19.98,-30.51,2021-12-16
369,159814,西部利得创业板大盘ETF,指数型-股票,2025-03-13,0.4142,0.8529,-3.09,-1.0,-3.65,41.66,16.97,-7.96,-17.74,0.1,-14.68,2020-06-19
370,588360,国泰中证科创创业50ETF,指数型-股票,2025-03-13,0.6217,0.6217,-4.41,0.96,0.93,41.84,16.97,-2.65,-13.44,1.88,-37.83,2021-06-29
371,159591,富国中证A50ETF,指数型-股票,2025-03-14,1.1697,1.1697,2.4,2.08,3.56,26.92,16.97,,,2.84,16.97,2024-03-07
372,563330,华泰柏瑞中证A股ETF,指数型-股票,2025-03-13,3.3871,1.1278,-0.91,1.51,0.17,34.7,16.85,,,4.07,12.78,2023-10-30
373,159958,工银瑞信创业板ETF,指数型-股票,2025-03-13,1.2939,1.2939,-3.01,-0.45,-2.85,41.63,16.59,-5.52,-16.37,1.34,29.39,2017-12-25
374,159855,银华中证影视主题ETF,指数型-股票,2025-03-14,0.964,0.964,2.63,-9.51,-2.16,55.96,16.54,8.38,16.27,16.57,-3.6,2021-02-09
375,517520,永赢中证沪深港黄金产业股票ETF,指数型-股票,2025-03-13,1.2384,1.2384,3.55,2.47,9.11,17.85,16.39,,,16.24,23.84,2023-10-24
376,560990,中金中证科技先锋ETF,指数型-股票,2025-03-13,0.8754,0.8754,-3.59,-0.16,3.86,34.06,16.35,-3.46,,2.19,-12.47,2022-06-10
377,159824,博时新能源汽车ETF,指数型-股票,2025-03-13,0.8806,0.8806,-2.58,4.46,6.29,46.21,16.31,-16.06,-30.07,11.16,-11.94,2020-12-10
378,159923,大成中证A100ETF,指数型-股票,2025-03-14,1.8049,1.8049,1.5,2.02,3.99,26.23,16.15,3.55,-0.06,3.07,80.49,2013-02-07
379,159596,华宝中证A50ETF,指数型-股票,2025-03-14,1.1399,1.1601,2.37,2.04,3.67,26.69,16.15,,,2.89,16.06,2024-03-07
380,588350,鹏扬中证科创创业50ETF,指数型-股票,2025-03-13,0.8922,0.8922,-4.49,0.93,0.7,40.93,16.14,-4.52,,1.71,-10.78,2022-10-26
381,159638,嘉实中证高端装备细分50ETF,指数型-股票,2025-03-13,0.8209,0.8209,3.0,7.39,2.69,35.04,16.11,-12.27,,6.2,-18.08,2022-08-05
382,588380,富国中证科创创业50ETF,指数型-股票,2025-03-13,0.5894,0.5894,-4.5,0.91,0.63,40.74,16.07,-4.52,-15.79,1.66,-41.06,2021-06-29
383,516770,华泰柏瑞中证动漫游戏ETF,指数型-股票,2025-03-13,1.2489,1.2489,-3.45,-2.33,4.68,61.92,16.03,34.28,45.37,20.99,24.89,2021-02-25
384,159592,银华中证A50ETF,指数型-股票,2025-03-14,1.1602,1.1602,2.41,2.1,3.44,26.47,16.02,,,2.77,16.02,2024-03-06
385,515700,平安中证新能源汽车产业ETF,指数型-股票,2025-03-13,1.7569,1.7569,-2.58,4.63,6.14,45.68,16.01,-17.27,-30.75,11.08,75.64,2019-12-31
386,159782,银华中证科创创业50ETF,指数型-股票,2025-03-13,0.5764,0.5764,-4.43,0.93,0.72,40.38,15.98,-4.74,-16.14,1.73,-42.36,2021-06-29
387,159821,中银证券创业板ETF,指数型-股票,2025-03-13,0.8076,0.8076,-3.04,-0.52,-3.06,40.94,15.97,-6.79,-17.95,1.11,-19.24,2020-09-29
388,159676,富国创业板增强策略ETF,指数型-股票,2025-03-13,0.9256,0.9256,-2.77,0.84,-0.48,41.08,15.96,,,3.0,-7.54,2023-03-23
389,561580,华泰柏瑞中证中央企业红利ETF,指数型-股票,2025-03-13,1.1789,1.1789,0.49,0.84,-1.34,20.33,15.96,,,-2.7,17.89,2023-05-18
390,510760,国泰上证综合交易ETF,指数型-股票,2025-03-13,1.0652,1.2072,-0.67,1.8,0.37,25.1,15.93,13.81,19.27,1.36,22.16,2020-08-21
391,159948,南方创业板ETF,指数型-股票,2025-03-13,2.3628,1.1611,-3.07,-0.48,-2.99,41.28,15.87,-6.15,-16.69,1.22,16.11,2016-05-13
392,512710,富国中证军工龙头ETF,指数型-股票,2025-03-13,0.6425,1.285,5.4,7.17,2.1,28.04,15.85,-13.72,-21.68,3.41,28.5,2019-07-23
393,515450,南方红利低波50ETF,指数型-股票,2025-03-14,1.3954,1.7504,1.0,0.33,-1.43,18.78,15.84,35.21,49.83,-2.81,84.72,2020-01-17
394,159975,招商深证100ETF,指数型-股票,2025-03-14,0.5886,1.345,1.31,0.86,1.8,32.39,15.82,-1.26,-4.56,3.06,34.5,2019-11-07
395,159780,南方中证科创创业50ETF,指数型-股票,2025-03-13,0.5771,0.5771,-4.5,0.91,0.56,40.58,15.81,-4.91,-16.3,1.6,-42.29,2021-06-24
396,159952,广发创业板ETF,指数型-股票,2025-03-13,1.2984,1.2984,-3.06,-0.46,-3.03,41.13,15.78,-6.27,-16.98,1.21,29.84,2017-04-25
397,159603,天弘中证科创创业50ETF,指数型-股票,2025-03-13,0.8879,0.8879,-4.49,0.86,0.58,40.31,15.73,-4.58,,1.61,-11.21,2022-05-26
398,560950,汇添富中证500增强策略ETF,指数型-股票,2025-03-13,1.0702,1.0702,0.23,1.75,-0.24,28.91,15.66,,,2.41,7.02,2023-07-19
399,159908,博时创业板ETF,指数型-股票,2025-03-13,1.9954,1.9954,-3.05,-0.47,-2.91,40.95,15.65,-6.31,-16.7,1.26,99.5,2011-06-10
400,510390,平安沪深300ETF,指数型-股票,2025-03-14,4.3522,1.1678,1.56,1.66,2.07,26.88,15.65,5.76,3.26,1.93,15.34,2017-12-25
401,159637,新能源车龙头ETF,指数型-股票,2025-03-13,0.6545,0.6545,-2.62,4.54,6.3,46.19,15.64,-17.45,,11.21,-34.55,2022-08-19
402,159806,国泰中证新能源汽车ETF,指数型-股票,2025-03-13,0.5757,1.7271,-2.62,4.54,6.28,46.01,15.6,-17.52,-31.54,11.18,72.71,2020-03-10
403,159783,华夏中证科创创业50ETF,指数型-股票,2025-03-13,0.5779,0.5779,-4.5,0.93,0.68,40.57,15.58,-5.17,-16.46,1.69,-42.21,2021-06-24
404,159957,华夏创业板ETF,指数型-股票,2025-03-13,1.4027,1.4027,-3.07,-0.48,-2.99,41.27,15.56,-6.2,-16.39,1.23,40.1,2017-12-08
405,159971,富国创业板ETF,指数型-股票,2025-03-13,1.4913,1.4913,-3.07,-0.49,-3.06,40.98,15.56,-6.71,-17.15,1.19,42.84,2019-06-11
406,510560,国寿安保中证500ETF,指数型-股票,2025-03-13,1.4104,0.6531,-0.85,1.59,0.73,37.41,15.51,1.18,-0.96,5.16,-34.64,2015-05-29
407,516390,汇添富中证新能源汽车产业ETF,指数型-股票,2025-03-13,0.7161,0.7161,-2.57,4.62,6.1,45.4,15.46,-17.98,-31.64,11.04,-28.39,2021-06-03
408,515160,招商MSCI中国A股国际通ETF,指数型-股票,2025-03-14,1.3253,1.3253,1.73,1.93,1.97,28.33,15.4,4.96,3.42,2.37,32.53,2020-02-03
409,159902,华夏中小企业100ETF,指数型-股票,2025-03-13,3.4838,3.6038,-1.21,0.91,2.54,30.13,15.37,-7.47,-17.62,4.66,265.7,2006-06-08
410,563350,华泰柏瑞中证A50ETF,指数型-股票,2025-03-13,1.1516,1.1516,-0.97,0.13,0.47,23.31,15.37,,,-0.25,15.16,2024-03-06
411,515810,易方达中证800ETF,指数型-股票,2025-03-13,1.3058,1.3058,-1.02,0.63,0.3,29.18,15.36,6.35,2.11,1.31,30.58,2019-10-08
412,159977,天弘创业板ETF,指数型-股票,2025-03-13,2.2277,1.3138,-3.08,-0.51,-3.13,40.96,15.3,-6.76,-17.27,1.12,31.08,2019-09-12
413,515210,国泰中证钢铁ETF,指数型-股票,2025-03-13,1.3017,1.4667,3.33,7.91,3.99,40.44,15.23,-0.26,-9.56,11.01,46.88,2020-01-22
414,159506,富国恒生港股通医疗保健ETF,指数型-股票,2025-03-13,0.9556,0.9556,-2.68,13.0,15.45,29.41,15.2,,,18.46,-4.44,2023-06-14
415,588400,嘉实中证科创创业50ETF,指数型-股票,2025-03-13,0.5816,0.5816,-4.48,0.9,0.59,40.21,15.15,-5.18,-16.36,1.63,-41.85,2021-06-25
416,159810,浦银安盛创业板ETF,指数型-股票,2025-03-13,0.8653,0.8653,-3.06,-0.53,-3.1,39.9,15.1,-6.95,-17.89,1.15,-13.47,2020-06-12
417,588390,博时中证科创创业50ETF,指数型-股票,2025-03-13,0.6286,0.6286,-4.45,0.85,0.48,39.63,15.09,-5.86,-17.46,1.52,-37.14,2021-08-19
418,515030,华夏中证新能源汽车ETF,指数型-股票,2025-03-13,1.3243,1.3243,-2.63,4.5,6.1,45.46,15.07,-18.4,-32.48,11.03,32.43,2020-02-20
419,561900,招商沪深300ESG基准ETF,指数型-股票,2025-03-14,0.8581,0.8581,1.54,1.86,2.98,26.69,15.04,6.4,4.47,2.3,-14.19,2021-07-06
420,561350,国泰中证500ETF,指数型-股票,2025-03-14,0.9515,0.9515,-0.8,1.55,0.69,36.82,15.01,1.8,0.59,4.96,-6.47,2021-08-18
421,562320,银华沪深300价值ETF,指数型-股票,2025-03-13,1.2145,1.2145,-0.38,-0.26,-0.33,17.99,14.96,18.71,,-2.47,21.45,2022-12-29
422,159982,鹏华中证500ETF,指数型-股票,2025-03-13,1.5259,1.5259,-0.86,1.65,0.65,36.61,14.95,2.66,2.42,5.15,52.59,2019-11-21
423,560330,申万菱信沪深300价值ETF,指数型-股票,2025-03-14,1.1519,1.1519,-0.41,-0.33,-0.33,18.17,14.95,,,-2.5,13.28,2023-05-11
424,159808,融通创业板ETF,指数型-股票,2025-03-13,0.8152,0.8152,-3.01,-0.42,-3.08,40.65,14.88,-7.56,-18.3,1.18,-18.48,2020-08-05
425,512910,广发中证A100ETF,指数型-股票,2025-03-13,1.0342,1.174,-1.18,0.72,1.78,24.9,14.87,3.18,-2.8,0.82,20.01,2019-05-27
426,563030,易方达中证500增强策略ETF,指数型-股票,2025-03-13,1.0307,1.0307,-0.88,1.27,1.31,32.82,14.87,4.63,,4.74,3.05,2023-02-17
427,561300,国泰沪深300增强策略ETF,指数型-股票,2025-03-13,0.8264,0.8264,-0.7,0.76,0.38,23.32,14.84,9.34,-2.6,0.1,-17.36,2021-12-01
428,561230,工银瑞信中证A50ETF,指数型-股票,2025-03-13,1.1169,1.1433,-0.98,0.12,0.29,22.91,14.69,,,-0.37,14.56,2024-03-06
429,512770,华夏战略新兴成指ETF,指数型-股票,2025-03-13,1.3586,1.3586,-2.32,0.32,2.79,35.45,14.63,-12.59,-28.36,3.58,35.83,2018-07-13
430,159678,博时中证500增强策略ETF,指数型-股票,2025-03-13,1.0472,1.0472,-1.05,1.19,1.14,33.76,14.59,7.37,,4.13,4.72,2023-02-13
431,563050,易方达中证国新央企科技引领ETF,指数型-股票,2025-03-13,0.9335,0.9335,0.24,3.04,3.53,36.08,14.58,,,3.5,-6.67,2023-06-21
432,516660,华安中证新能源汽车ETF,指数型-股票,2025-03-13,0.816,0.816,-2.64,4.43,5.97,44.42,14.43,-19.02,-33.0,10.87,-18.4,2021-02-03
433,560030,汇添富中证800价值ETF,指数型-股票,2025-03-13,1.1723,1.1723,-0.14,-0.05,-0.84,19.35,14.38,,,-2.14,17.23,2023-06-20
434,159620,华夏中证智选500成长创新策略ETF,指数型-股票,2025-03-13,0.9645,0.9645,-1.13,1.8,4.18,32.72,14.34,-2.03,,5.44,-3.55,2022-07-19
435,510010,交银上证180公司治理ETF,指数型-股票,2025-03-14,1.612,1.794,2.54,2.09,2.28,18.53,14.25,15.06,17.15,0.75,79.45,2009-09-25
436,561000,华安沪深300增强策略ETF,指数型-股票,2025-03-13,1.0969,1.0969,-1.12,0.5,0.54,22.79,14.24,8.02,,0.26,9.69,2022-12-21
437,159913,交银深证300价值ETF,指数型-股票,2025-03-14,2.238,2.238,1.54,1.59,3.37,25.66,14.18,13.2,11.73,3.61,123.8,2011-09-22
438,512510,华泰柏瑞中证500ETF,指数型-股票,2025-03-13,1.6956,0.8549,-0.91,1.7,0.38,35.7,14.14,2.37,2.47,4.88,-14.07,2015-05-13
439,159968,博时中证500ETF,指数型-股票,2025-03-13,7.3894,1.4567,-0.87,1.64,0.41,35.72,14.1,1.74,0.8,4.89,45.67,2019-08-01
440,159869,华夏中证动漫游戏ETF,指数型-股票,2025-03-13,1.2132,1.2132,-3.49,-2.48,4.09,60.94,14.04,31.02,41.28,21.07,21.32,2021-02-25
441,159602,南方MSCI中国A50互联互通ETF,指数型-股票,2025-03-13,0.8098,0.8258,-1.06,-0.12,0.99,19.96,14.02,2.0,-4.93,-0.5,-17.11,2021-10-29
442,159517,银华中证800增强策略ETF,指数型-股票,2025-03-13,1.0861,1.0861,-0.95,1.04,0.14,26.66,14.01,,,0.53,8.61,2023-08-23
443,159675,嘉实创业板增强策略ETF,指数型-股票,2025-03-13,0.897,0.897,-3.02,0.45,-0.17,39.5,13.93,-8.94,,4.12,-10.3,2022-11-24
444,510020,博时上证超大盘ETF,指数型-股票,2025-03-13,3.1003,1.1435,-0.07,0.9,0.93,22.8,13.92,5.84,-0.78,-1.36,14.35,2009-12-29
445,588160,南方上证科创板新材料ETF,指数型-股票,2025-03-13,0.6314,0.6314,-1.59,8.82,2.52,53.77,13.89,-31.41,,12.39,-36.86,2022-09-30
446,159690,招商中证有色金属矿业主题ETF,指数型-股票,2025-03-14,1.1001,1.1001,3.69,5.01,6.57,29.3,13.88,,,14.01,10.01,2023-06-21
447,561180,富国中证A100ETF,指数型-股票,2025-03-13,1.0719,1.0719,-1.23,0.69,1.89,24.16,13.77,1.3,,0.93,7.19,2022-11-03
448,159881,国泰中证有色金属ETF,指数型-股票,2025-03-14,1.0896,1.0896,3.26,5.09,5.9,28.79,13.75,1.85,-2.45,13.02,8.96,2021-06-17
449,510850,工银瑞信上证50ETF,指数型-股票,2025-03-13,3.0689,1.28,-0.69,0.85,1.56,21.95,13.74,7.06,0.08,-0.36,26.56,2018-12-07
450,510710,博时上证50ETF,指数型-股票,2025-03-13,3.6707,1.1348,-0.75,0.85,1.54,21.61,13.69,7.5,0.7,-0.43,13.48,2015-05-27
451,515200,申万菱信中证研发创新100ETF,指数型-股票,2025-03-14,1.6572,1.6572,-2.95,2.77,6.57,37.46,13.65,-5.05,-8.92,7.11,62.32,2019-10-25
452,516650,华夏细分有色金属产业主题ETF,指数型-股票,2025-03-13,1.0708,1.0708,3.25,4.05,5.0,25.98,13.65,0.03,-7.59,11.68,7.08,2021-06-09
453,510180,华安上证180ETF,指数型-股票,2025-03-13,3.5789,4.0674,-1.08,0.29,0.08,22.76,13.61,6.67,1.43,-0.56,332.68,2006-04-13
454,516830,富国沪深300ESG基准ETF,指数型-股票,2025-03-13,0.8461,0.8461,-1.16,0.46,1.1,25.29,13.6,6.04,1.2,0.42,-15.43,2021-06-24
455,562890,嘉实中证A50ETF,指数型-股票,2025-03-13,1.1355,1.1355,-0.94,0.13,0.32,22.77,13.6,,,-0.39,13.55,2024-03-07
456,159805,鹏华中证传媒ETF,指数型-股票,2025-03-13,1.1974,1.1974,-2.13,-4.41,-1.87,49.97,13.58,25.04,32.35,11.13,19.74,2020-03-06
457,563000,易方达MSCI中国A50互联互通ETF,指数型-股票,2025-03-13,0.8269,0.8269,-1.06,-0.1,0.92,19.53,13.57,1.89,-5.04,-0.53,-17.32,2021-10-29
458,159652,汇添富中证细分有色金属产业主题ETF,指数型-股票,2025-03-13,0.9488,0.9488,3.25,4.06,4.98,26.09,13.57,0.02,,11.65,-5.12,2023-01-16
459,159903,南方深证成份ETF,指数型-股票,2025-03-13,1.2862,0.949,-1.49,0.99,0.19,34.44,13.54,-4.51,-11.07,3.07,-5.1,2009-12-04
460,517330,易方达中证长江保护主题ETF,指数型-股票,2025-03-14,0.7433,,1.63,2.82,0.42,29.13,13.52,-3.58,-12.62,2.06,-25.69,2021-11-26
461,562380,银华中证国新央企科技引领ETF,指数型-股票,2025-03-13,0.9244,0.9244,0.24,3.04,3.4,34.95,13.47,,,3.57,-7.56,2023-06-26
462,510200,汇安上证证券ETF,指数型-股票,2025-03-13,1.1891,1.1891,-1.94,-0.99,-7.5,23.44,13.46,18.06,10.96,-3.55,18.91,2020-04-09
463,159641,招商中证上海环交所碳中和ETF,指数型-股票,2025-03-14,0.8242,0.8242,1.98,2.46,2.5,25.74,13.34,-2.21,,4.81,-17.58,2022-07-14
464,159601,华夏MSCI中国A50互联互通ETF,指数型-股票,2025-03-13,0.8255,0.8255,-1.09,-0.17,0.77,19.36,13.3,1.5,-5.34,-0.65,-17.45,2021-11-01
465,159610,景顺中证500增强策略ETF,指数型-股票,2025-03-13,0.8713,0.8713,-1.11,1.4,-0.05,31.24,13.3,5.29,-2.53,3.3,-12.87,2021-12-13
466,512550,嘉实富时中国A50ETF,指数型-股票,2025-03-13,1.5091,1.5091,-0.17,0.29,0.17,19.67,13.28,9.34,5.62,-1.37,50.91,2017-07-03
467,563080,易方达中证A50ETF,指数型-股票,2025-03-13,1.1428,1.1428,-1.01,0.07,0.33,23.07,13.28,,,-0.38,14.28,2024-03-06
468,159630,汇添富中证A100ETF,指数型-股票,2025-03-13,1.1149,1.1149,-1.22,0.7,1.61,23.25,13.25,1.43,,0.61,11.49,2022-10-20
469,510680,万家上证50ETF,指数型-股票,2025-03-13,2.7698,2.7698,-0.71,0.8,1.45,21.54,13.21,5.98,-1.25,-0.44,176.98,2013-10-31
470,588310,方正富邦科创创业50ETF,指数型-股票,2025-03-13,0.6359,0.6359,-4.45,0.87,0.49,37.46,13.21,-7.38,-17.95,1.55,-36.41,2021-11-22
471,510770,申万菱信上证G60创新ETF,指数型-股票,2025-03-13,0.5926,0.5926,-2.16,0.22,0.68,43.7,13.2,-22.62,-30.22,6.33,-40.74,2021-09-16
472,510160,中证南方小康产业指数ETF,指数型-股票,2025-03-13,0.8338,2.0744,-0.43,-0.44,-3.5,20.13,13.17,11.65,15.21,-4.15,107.44,2010-08-27
473,510100,易方达上证50ETF,指数型-股票,2025-03-13,2.664,1.1861,-0.73,0.85,1.37,21.16,13.15,6.8,0.15,-0.56,18.6,2019-09-06
474,512160,南方MSCI中国A股国际通ETF,指数型-股票,2025-03-13,1.207,1.497,-0.89,0.35,-0.21,25.99,13.12,2.93,-1.61,0.17,49.71,2018-04-03
475,513060,博时恒生医疗保健(QDII-ETF),指数型-海外股票,2025-03-13,0.4501,0.4501,-2.93,13.2,14.09,27.91,13.12,-18.73,-9.14,16.67,-54.99,2021-03-18
476,560050,汇添富MSCI中国A50互联互通ETF,指数型-股票,2025-03-13,0.821,0.821,-1.07,-0.18,0.72,19.11,13.12,1.41,-5.62,-0.7,-17.91,2021-10-29
477,510580,易方达中证500ETF,指数型-股票,2025-03-13,3.0069,1.149,-0.91,1.59,0.16,35.04,13.1,0.35,-0.58,4.73,14.9,2015-08-27
478,562000,华宝中证A100ETF,指数型-股票,2025-03-13,0.9584,0.9584,-1.26,0.65,1.67,23.44,13.1,1.65,,0.67,-4.16,2022-07-21
479,517880,华泰柏瑞中证品牌消费50ETF,指数型-股票,2025-03-13,0.8983,0.8983,0.97,3.63,2.96,23.77,13.08,7.22,7.72,3.77,-10.17,2021-11-17
480,512180,建信MSCI中国A股国际通ETF,指数型-股票,2025-03-14,1.44,1.44,1.67,1.8,1.52,26.06,13.06,1.9,0.22,2.0,43.97,2018-04-19
481,588010,博时上证科创板新材料ETF,指数型-股票,2025-03-13,0.6214,0.6214,-1.71,8.54,2.49,52.3,13.06,-32.37,,12.13,-37.84,2022-09-30
482,159593,平安中证A50ETF,指数型-股票,2025-03-13,1.1426,1.1426,-0.99,0.11,0.35,22.99,13.06,,,-0.37,14.26,2024-03-04
483,159871,银华中证有色金属ETF,指数型-股票,2025-03-13,1.1236,1.1236,3.34,4.43,4.53,26.83,13.05,-1.83,-10.14,11.5,12.36,2021-03-10
484,561330,国泰中证有色金属矿业主题ETF,指数型-股票,2025-03-13,1.0451,1.0451,3.45,4.21,4.94,27.25,13.01,-2.48,,12.46,4.51,2022-10-19
485,512990,华夏MSCIA股国际通ETF,指数型-股票,2025-03-13,1.6172,1.6172,-0.99,0.29,-0.2,26.17,13.0,2.86,-1.2,0.22,61.72,2015-02-12
486,512150,汇安富时中国A50ETF,指数型-股票,2025-03-13,1.618,1.618,-0.22,0.26,0.06,19.3,12.99,6.94,3.64,-1.48,62.74,2018-12-21
487,515380,泰康沪深300ETF,指数型-股票,2025-03-13,4.4017,1.0722,-1.14,0.16,-0.27,24.47,12.92,3.24,-1.79,-0.41,7.25,2019-12-27
488,159627,华夏中证A100ETF,指数型-股票,2025-03-13,1.0654,1.0654,-1.24,0.66,1.6,23.38,12.91,0.57,,0.62,6.54,2022-11-08
489,159820,天弘中证500ETF,指数型-股票,2025-03-13,1.0001,1.0001,-0.9,1.58,0.07,35.04,12.89,-0.34,-1.61,4.68,0.0,2020-08-07
490,159876,华宝有色金属ETF,指数型-股票,2025-03-14,1.1691,1.1691,3.24,5.05,5.85,28.46,12.89,-0.63,-5.71,12.93,16.91,2021-03-12
491,510380,国寿安保沪深300ETF,指数型-股票,2025-03-13,1.126,1.126,-1.12,0.16,-0.23,24.52,12.85,2.53,-2.96,-0.37,12.58,2018-01-19
492,159686,易方达中证A100ETF,指数型-股票,2025-03-13,1.0345,1.0345,-1.25,0.63,1.55,23.55,12.85,,,0.59,3.45,2023-07-11
493,560350,摩根中证A50ETF,指数型-股票,2025-03-13,1.1099,1.1362,-1.0,0.1,0.15,22.73,12.85,,,-0.4,13.46,2024-03-05
494,510050,华夏上证50ETF,指数型-股票,2025-03-13,2.7236,4.0731,-0.73,0.86,1.42,21.2,12.84,5.74,-1.88,-0.53,353.28,2004-12-30
495,512090,易方达MSCI中国A股ETF,指数型-股票,2025-03-13,1.5773,1.5773,-0.9,0.37,-0.21,25.58,12.79,3.11,-0.23,0.21,57.73,2018-05-17
496,512530,建信沪深300红利ETF,指数型-股票,2025-03-14,1.4622,1.4622,1.3,0.36,-0.5,16.91,12.78,23.01,25.72,-2.95,46.19,2019-08-23
497,159969,银华深证100ETF,指数型-股票,2025-03-14,1.2057,1.2057,1.22,0.77,1.28,29.87,12.78,-5.76,-10.62,2.47,20.79,2019-06-28
498,561910,招商中证电池主题ETF,指数型-股票,2025-03-14,0.5267,0.5267,0.73,3.78,3.29,37.05,12.78,-20.9,-34.94,8.02,-47.33,2021-08-04
499,159606,易方达中证500质量成长ETF,指数型-股票,2025-03-13,0.9115,0.9115,0.36,1.42,2.43,25.95,12.78,5.49,-2.86,4.82,-8.85,2021-12-17
500,510510,广发中证500ETF,指数型-股票,2025-03-13,1.8754,1.8754,-0.89,1.54,0.04,34.8,12.77,-0.65,-2.92,4.61,87.54,2013-04-11
501,159925,南方沪深300ETF,指数型-股票,2025-03-13,3.9385,1.7714,-1.13,0.17,-0.29,24.39,12.77,2.92,-2.15,-0.41,102.73,2013-02-18
502,510190,华安上证50ETF,指数型-股票,2025-03-13,3.7837,1.4499,-0.75,0.85,1.41,20.72,12.76,6.33,0.34,-0.53,44.99,2010-11-18
503,510310,易方达沪深300发起式ETF,指数型-股票,2025-03-13,3.8495,1.9641,-1.14,0.18,-0.25,24.37,12.75,2.95,-1.97,-0.39,96.4,2013-03-06
504,515660,国联安沪深300ETF,指数型-股票,2025-03-13,4.7268,1.2208,-1.13,0.17,-0.26,24.38,12.75,3.68,-0.74,-0.39,22.08,2019-11-25
505,510350,工银瑞信沪深300ETF,指数型-股票,2025-03-13,3.9631,1.1274,-1.14,0.17,-0.26,24.13,12.72,2.97,-1.8,-0.39,13.67,2019-05-20
506,515800,添富中证800ETF,指数型-股票,2025-03-13,1.0219,1.1339,-1.06,0.53,-0.21,26.88,12.72,2.12,-1.73,0.83,14.46,2019-10-08
507,515300,嘉实沪深300红利低波动ETF,指数型-股票,2025-03-13,1.3357,1.602,-0.54,-0.88,-1.34,14.12,12.69,30.85,41.04,-4.29,63.07,2019-08-08
508,159761,国泰中证新材料主题ETF,指数型-股票,2025-03-14,0.5362,0.5362,0.09,4.97,2.11,36.51,12.67,-23.31,-34.07,6.58,-46.38,2021-11-24
509,515350,民生加银沪深300ETF,指数型-股票,2025-03-13,5.0989,1.2675,-1.13,0.17,-0.31,24.15,12.66,3.19,-1.82,-0.42,26.75,2019-12-24
510,510530,工银中证500ETF,指数型-股票,2025-03-13,6.3191,1.2217,-0.88,1.57,0.21,34.74,12.63,-1.25,-3.4,4.61,22.17,2019-10-17
511,516620,国泰中证影视主题ETF,指数型-股票,2025-03-13,1.0522,1.0522,-1.39,-9.43,-3.47,54.49,12.63,4.89,9.36,14.81,5.22,2021-10-20
512,159807,易方达中证科技50ETF,指数型-股票,2025-03-13,0.5258,1.0516,-3.58,0.65,3.34,38.95,12.54,-8.79,-19.99,2.04,5.16,2020-03-16
513,159661,嘉实中证A100ETF,指数型-股票,2025-03-13,1.1466,1.1466,-1.2,0.66,1.7,22.93,12.53,,,0.66,14.66,2023-11-23
514,515390,华安沪深300ETF,指数型-股票,2025-03-13,1.11,1.11,-1.16,0.14,-0.3,24.23,12.52,2.35,-2.73,-0.42,10.93,2019-12-13
515,159673,鹏华沪深300ETF,指数型-股票,2025-03-13,1.0468,1.0468,-1.15,0.15,-0.24,24.12,12.52,,,-0.38,4.68,2023-06-21
516,512500,华夏中证500ETF,指数型-股票,2025-03-13,3.2856,0.7192,-0.89,1.61,0.22,34.77,12.5,-1.27,-2.87,4.7,-28.08,2015-05-05
517,510600,申万菱信上证50ETF,指数型-股票,2025-03-13,3.4204,1.3937,-0.72,0.79,1.16,20.59,12.5,5.4,-1.81,-0.66,39.37,2018-09-03
518,510330,华夏沪深300ETF,指数型-股票,2025-03-13,4.0328,1.9701,-1.14,0.18,-0.27,24.36,12.46,2.33,-3.09,-0.38,104.12,2012-12-25
519,512980,广发中证传媒ETF,指数型-股票,2025-03-13,0.8576,0.8576,-2.18,-4.48,-2.36,49.2,12.44,22.87,28.58,10.84,-14.24,2017-12-27
520,515330,天弘沪深300ETF,指数型-股票,2025-03-13,1.0978,1.0978,-1.14,0.15,-0.34,24.24,12.44,2.35,-2.88,-0.46,9.78,2019-12-05
521,510300,华泰柏瑞沪深300ETF,指数型-股票,2025-03-13,4.0073,1.7347,-1.14,0.17,-0.27,24.16,12.43,2.15,-3.46,-0.4,78.09,2012-05-04
522,515130,博时沪深300ETF,指数型-股票,2025-03-13,1.2359,1.2359,-1.07,0.26,-0.13,24.14,12.42,2.22,-3.62,-0.23,23.57,2020-04-03
523,510990,工银瑞信中证180ESGETF,指数型-股票,2025-03-13,0.894,0.894,-0.64,-0.02,-0.02,20.36,12.41,5.24,0.03,-0.89,-10.62,2021-06-18
524,510500,南方中证500ETF,指数型-股票,2025-03-13,5.9889,1.9801,-0.91,1.57,0.06,34.58,12.4,-1.29,-2.64,4.65,98.54,2013-02-06
525,561550,华泰柏瑞中证500增强策略ETF,指数型-股票,2025-03-13,0.957,0.957,-1.11,2.55,3.2,31.56,12.38,4.16,3.38,6.29,-4.3,2021-12-02
526,159919,嘉实沪深300ETF,指数型-股票,2025-03-13,4.1096,1.8581,-1.14,0.17,-0.26,24.26,12.37,2.18,-3.26,-0.4,85.19,2012-05-07
527,510360,广发沪深300ETF,指数型-股票,2025-03-13,1.4553,1.4553,-1.14,0.14,-0.41,24.13,12.36,2.38,-3.04,-0.49,45.53,2015-08-20
528,515550,国联中证500ETF,指数型-股票,2025-03-13,1.3181,1.3181,-0.9,1.49,-0.04,33.84,12.36,-0.79,-2.13,4.53,31.81,2019-11-15
529,512400,南方中证申万有色金属ETF,指数型-股票,2025-03-13,1.0927,1.1027,3.71,4.41,5.6,28.06,12.35,-2.78,-13.95,12.41,10.54,2017-08-03
530,510980,汇添富上证综合ETF,指数型-股票,2025-03-13,1.1345,1.1345,-0.71,0.4,-0.94,22.57,12.35,,,-0.21,13.45,2023-11-22
531,513200,易方达中证港股通医药卫生综合ETF,指数型-股票,2025-03-13,0.7832,0.7832,-2.89,12.98,13.84,24.55,12.32,-17.85,-5.42,16.36,-21.68,2022-01-19
532,560170,南方中证国新央企科技引领ETF,指数型-股票,2025-03-13,0.8969,0.8969,0.2,2.94,3.07,34.17,12.31,,,3.09,-10.34,2023-06-21
533,515360,方正富邦沪深300ETF,指数型-股票,2025-03-13,5.2848,1.3044,-1.08,0.2,-0.33,23.92,12.29,2.82,-1.55,-0.43,30.44,2019-09-24
534,515310,添富沪深300ETF,指数型-股票,2025-03-13,1.1418,1.1418,-1.13,0.14,-0.33,23.95,12.26,2.07,-3.56,-0.46,14.18,2019-12-04
535,159880,鹏华国证有色金属行业ETF,指数型-股票,2025-03-13,1.1039,1.1039,3.22,3.69,4.54,26.54,12.26,-0.6,-11.51,10.84,10.39,2021-03-08
536,560180,南方沪深300ESG基准ETF,指数型-股票,2025-03-13,1.0076,1.0076,-1.2,0.39,0.55,24.09,12.25,,,-0.21,0.76,2023-04-13
537,560100,南方中证500增强策略ETF,指数型-股票,2025-03-13,0.9941,0.9941,-0.28,1.68,0.69,31.49,12.23,3.57,3.04,4.19,-0.59,2022-01-26
538,159577,汇添富MSCI美国50ETF,指数型-海外股票,2025-03-12,1.1463,1.1463,-4.64,-9.08,-9.22,1.16,12.22,,,-7.28,14.63,2024-02-05
539,515530,泰康中证500ETF,指数型-股票,2025-03-13,3.204,1.0012,-0.92,1.55,-0.04,34.6,12.2,-1.93,-3.4,4.59,0.12,2020-09-18
540,515590,前海开源中证500等权ETF,指数型-股票,2025-03-13,1.4906,1.4906,-0.61,2.24,0.39,35.64,12.18,-0.15,1.19,4.91,49.06,2019-11-14
541,159922,嘉实中证500ETF,指数型-股票,2025-03-13,2.3919,1.9746,-0.9,1.59,0.07,34.36,12.17,-1.15,-2.64,4.65,97.54,2013-02-06
542,159935,景顺长城中证500ETF,指数型-股票,2025-03-13,1.8699,1.8699,-0.88,1.54,-0.01,33.95,12.15,-1.95,-3.72,4.47,86.99,2013-12-26
543,512650,添富中证长三角ETF,指数型-股票,2025-03-13,0.9967,0.9967,-1.57,0.13,0.01,27.31,12.15,-1.29,-8.9,1.23,-0.33,2019-07-26
544,515190,中银证券中证500ETF,指数型-股票,2025-03-13,1.2327,1.2327,-0.91,1.56,-0.02,34.19,12.15,-1.95,-3.8,4.56,23.27,2020-04-30
545,159791,华夏沪深300ESG基准ETF,指数型-股票,2025-03-13,0.9376,0.9376,-1.22,0.39,0.48,24.0,12.11,2.19,-3.9,-0.16,-6.24,2022-02-24
546,561200,工银中证A100ETF,指数型-股票,2025-03-13,1.1858,1.1858,-1.24,0.63,1.54,23.14,12.07,,,0.59,18.6,2023-12-22
547,512360,平安MSCI中国A股国际ETF,指数型-股票,2025-03-14,1.5319,1.5319,1.67,1.66,1.62,24.68,12.05,0.7,-2.11,2.05,53.27,2018-06-15
548,159965,国联央视财经50ETF,指数型-股票,2025-03-13,1.4518,1.4518,-1.11,0.43,0.71,23.4,12.0,10.73,9.08,0.07,45.18,2019-03-19
549,159529,景顺长城标普消费精选ETF(QDII),指数型-海外股票,2025-03-12,1.1683,1.1683,-5.59,-8.67,-11.06,2.68,11.99,,,-7.39,16.83,2024-01-24
550,560500,鹏扬中证500质量成长ETF,指数型-股票,2025-03-13,0.9543,0.9543,0.38,1.41,2.48,25.14,11.97,3.71,-5.22,4.75,-4.57,2021-08-04
551,510590,平安中证500ETF,指数型-股票,2025-03-13,6.1887,1.1678,-0.89,1.64,0.3,33.43,11.95,-1.59,-2.85,4.7,15.95,2018-03-23
552,159150,易方达深证50ETF,指数型-股票,2025-03-13,1.1765,1.1765,-1.73,-1.03,-1.49,27.24,11.88,,,-0.71,17.65,2023-11-29
553,511380,博时可转债ETF,指数型-固收,2025-03-13,12.1281,1.2128,-0.48,1.29,3.34,18.04,11.77,7.82,7.6,4.56,21.25,2020-03-06
554,159621,国泰MSCI中国A股ESG通用ETF,指数型-股票,2025-03-14,1.0082,1.0082,-1.04,0.02,-0.81,22.51,11.65,-0.41,,-0.6,-1.55,2022-08-30
555,159912,汇添富深证300ETF,指数型-股票,2025-03-13,1.4424,1.4424,-1.55,0.49,-0.34,31.47,11.64,-6.43,-13.53,1.94,44.27,2011-09-16
556,511090,鹏扬中债-30年期国债ETF,指数型-固收,2025-03-13,120.5382,1.2504,-2.44,-5.16,-1.23,3.1,11.6,,,-3.08,25.35,2023-05-19
557,510570,兴业中证500ETF,指数型-股票,2025-03-13,0.9322,0.9322,-0.9,1.54,0.03,31.95,11.55,-0.95,-3.09,4.4,-6.74,2020-06-30
558,516720,浦银安盛中证ESG120策略ETF,指数型-股票,2025-03-13,0.881,0.881,-1.14,0.34,0.62,21.37,11.55,3.89,-2.51,-0.22,-11.9,2021-07-22
559,516530,银华中证现代物流ETF,指数型-股票,2025-03-13,0.8787,0.8787,0.35,0.19,-3.63,16.93,11.54,-7.03,-4.41,-2.17,-12.13,2022-01-04
560,517160,南方中证长江保护主题ETF,指数型-股票,2025-03-14,0.7396,0.7396,-0.68,1.71,-1.41,26.97,11.5,-5.92,-17.36,0.17,-27.4,2021-11-26
561,159576,广发深证100ETF,指数型-股票,2025-03-13,1.1698,1.1761,-1.89,-0.6,-0.96,29.4,11.48,,,0.18,17.64,2023-12-21
562,513700,鹏华中证港股通医药卫生综合交易ETF,指数型-股票,2025-03-13,0.4716,0.4716,-2.8,12.63,13.67,24.01,11.46,-18.42,-6.61,16.27,-52.84,2021-07-13
563,515880,国泰中证全指通信设备ETF,指数型-股票,2025-03-13,1.3266,1.3266,-2.8,-3.59,-1.38,30.42,11.44,36.76,37.2,-2.68,32.67,2019-08-16
564,561990,招商沪深300增强策略ETF,指数型-股票,2025-03-13,0.8585,0.8585,-1.19,0.21,-0.2,22.59,11.44,3.28,-0.6,-0.34,-14.15,2021-12-02
565,159730,博时国证龙头家电ETF,指数型-股票,2025-03-13,0.9987,0.9987,-1.11,-1.42,0.64,15.68,11.35,11.13,16.02,1.37,-0.13,2021-12-13
566,516950,银华中证基建ETF,指数型-股票,2025-03-14,1.0845,1.0845,0.96,4.06,-0.53,26.72,11.34,-1.04,6.85,1.2,8.45,2021-04-29
567,510550,方正富邦中证500ETF,指数型-股票,2025-03-13,1.5017,1.5017,-0.9,1.41,-0.17,32.99,11.32,-2.16,-4.62,4.36,50.2,2018-11-30
568,560700,广发中证国新央企股东回报ETF,指数型-股票,2025-03-14,1.0402,1.0987,1.2,1.79,-2.41,19.23,11.23,,,-2.22,10.05,2023-05-24
569,516910,富国中证现代物流ETF,指数型-股票,2025-03-13,1.0179,1.0179,0.35,0.18,-3.74,16.88,11.19,-7.15,-4.58,-2.29,1.79,2021-06-03
570,159350,富国深证50ETF,指数型-股票,2025-03-13,1.1644,1.1644,-1.73,-1.07,-1.71,26.29,11.01,,,-0.93,16.59,2023-11-30
571,159916,建信深证基本面60ETF,指数型-股票,2025-03-14,4.8511,2.6431,1.06,0.85,-0.13,25.2,10.99,3.93,2.39,1.49,164.31,2011-09-08
572,512380,银华MSCI中国A股ETF,指数型-股票,2025-03-13,1.3285,1.3285,-0.91,0.24,-0.49,24.25,10.87,-0.23,-4.24,-0.02,32.85,2019-03-19
573,515090,博时可持续发展100ETF,指数型-股票,2025-03-13,1.1992,1.1992,-1.14,0.82,0.12,22.59,10.84,2.29,-2.72,-0.01,19.92,2020-01-19
574,561960,招商中证国新央企股东回报ETF,指数型-股票,2025-03-14,1.0933,1.1053,1.18,1.79,-2.43,18.75,10.81,,,-2.28,10.51,2023-05-24
575,159961,方正富邦深证100ETF,指数型-股票,2025-03-13,1.6576,1.6576,-1.86,-0.6,-1.31,28.07,10.79,-6.8,-13.19,-0.04,65.33,2018-11-02
576,515770,摩根MSCI中国A股ETF,指数型-股票,2025-03-13,1.1647,1.1647,-0.95,0.31,-0.68,23.59,10.78,-0.91,-5.97,-0.21,16.47,2020-05-13
577,510370,兴业沪深300ETF,指数型-股票,2025-03-13,0.8621,0.8621,-1.15,0.09,-0.47,22.39,10.78,1.13,-4.7,-0.57,-13.79,2020-09-11
578,512520,华泰MSCI中国A股国际通ETF,指数型-股票,2025-03-13,1.1912,1.5212,-1.01,0.29,-0.58,24.1,10.76,0.56,-2.42,-0.04,51.75,2018-04-26
579,159619,国泰中证基建ETF,指数型-股票,2025-03-14,0.9845,0.9845,0.93,4.01,-0.89,26.2,10.73,-0.82,8.66,0.93,-1.55,2022-02-09
580,159608,广发中证稀有金属主题ETF,指数型-股票,2025-03-13,0.6151,0.6151,2.43,6.33,3.15,39.8,10.67,-18.68,-31.27,10.87,-38.49,2021-12-15
581,159773,华泰柏瑞创业板科技ETF,指数型-股票,2025-03-13,0.7433,0.7433,-4.0,-0.56,-2.11,39.53,10.66,-5.12,-11.45,2.52,-25.67,2021-09-23
582,159776,银华中证港股通医药卫生综合ETF,指数型-股票,2025-03-13,0.8965,0.8965,-2.81,12.24,12.91,23.13,10.62,-21.46,-9.79,15.47,-10.35,2022-03-07
583,159901,易方达深证100ETF,指数型-股票,2025-03-13,2.7699,5.3739,-1.91,-0.62,-1.26,28.17,10.55,-7.62,-14.37,0.0,441.87,2006-03-24
584,512870,南华中证杭州湾区ETF,指数型-股票,2025-03-13,1.2321,1.2321,-2.48,0.3,2.12,35.1,10.53,-15.95,-25.32,5.7,25.05,2018-12-14
585,513850,易方达MSCI美国50ETF(QDII),指数型-海外股票,2025-03-13,1.2511,1.2511,-4.29,-11.77,-10.99,-0.71,10.52,,,-8.93,25.11,2023-11-06
586,159523,华夏中证智选300成长创新策略ETF,指数型-股票,2025-03-13,1.0209,1.0209,-1.53,0.73,1.98,23.96,10.4,,,0.85,2.09,2023-09-05
587,513970,景顺长城恒生消费ETF(QDII),指数型-海外股票,2025-03-13,0.8973,0.8973,-1.31,3.85,0.7,27.77,10.36,,,3.13,-10.27,2023-04-12
588,563020,易方达中证红利低波动ETF,指数型-股票,2025-03-13,1.1345,1.1855,0.39,-0.15,-1.01,15.28,10.36,,,-2.59,18.81,2023-12-06
589,159706,华安深证100ETF,指数型-股票,2025-03-13,0.7039,0.7039,-1.87,-0.61,-1.25,27.43,10.35,-7.35,-14.12,-0.03,-29.61,2021-12-09
590,159635,华夏中证基建ETF,指数型-股票,2025-03-13,1.0288,1.0288,-0.66,3.24,-2.28,24.48,10.23,-4.25,,-0.48,2.88,2022-06-28
591,560550,广发中证上海环交所碳中和ETF,指数型-股票,2025-03-13,0.775,0.775,-0.23,1.24,0.41,22.3,10.23,-7.25,,2.7,-22.5,2022-07-11
592,515600,广发央企创新ETF,指数型-股票,2025-03-14,1.4904,1.4904,0.78,0.9,0.36,20.02,10.2,9.58,23.93,-1.0,50.83,2019-09-20
593,159653,国联安国证ESG300ETF,指数型-股票,2025-03-13,0.9857,0.9857,-0.8,0.32,-0.51,21.78,10.18,-1.43,,-0.05,-1.43,2023-03-06
594,510290,南方上证380ETF,指数型-股票,2025-03-13,2.0393,2.0393,-0.09,1.47,0.74,28.35,10.15,-2.03,-1.63,3.64,103.99,2011-09-16
595,159777,国联安创业板科技ETF,指数型-股票,2025-03-13,0.7146,0.7146,-3.96,-0.52,-2.14,37.66,10.12,-5.73,-12.98,2.54,-28.54,2021-09-27
596,159642,大成中证上海环交所碳中和ETF,指数型-股票,2025-03-14,0.7955,0.7955,1.91,2.33,1.9,22.78,10.1,-5.51,,4.34,-20.45,2022-07-13
597,512890,华泰柏瑞中证红利低波ETF,指数型-股票,2025-03-13,1.0906,2.1812,0.36,-0.19,-1.14,15.24,9.9,23.36,35.11,-2.74,118.12,2018-12-19
598,512280,景顺MSCI中国A股ETF,指数型-股票,2025-03-13,1.461,1.461,-0.92,0.26,-0.8,23.01,9.82,-1.9,-6.18,-0.29,46.19,2018-04-27
599,561130,富国中证新华社民族品牌工程ETF,指数型-股票,2025-03-13,0.7901,0.7901,-1.86,0.01,-0.94,30.4,9.78,-3.17,-6.46,-0.47,-21.01,2021-09-27
600,159980,大成有色金属期货ETF,指数型-其他,2025-03-14,1.7495,1.7495,2.07,3.33,4.65,7.1,9.76,14.58,6.6,6.8,74.95,2019-10-24
601,159970,工银瑞信深证100ETF,指数型-股票,2025-03-13,4.697,1.0281,-1.92,-0.62,-1.27,26.73,9.76,-7.79,-14.64,-0.07,2.81,2019-12-19
602,159717,鹏华国证ESG300ETF,指数型-股票,2025-03-13,0.8795,0.8795,-0.81,0.3,-0.67,22.07,9.73,-0.67,-4.59,-0.18,-12.05,2021-09-15
603,511180,海富通上证投资级可转债ETF,指数型-固收,2025-03-13,11.5108,1.1511,-0.29,0.23,2.17,13.55,9.68,10.02,8.47,2.39,15.11,2020-07-13
604,159656,万家沪深300成长ETF,指数型-股票,2025-03-13,0.8549,0.8549,-0.79,1.15,0.68,29.1,9.62,-12.59,,1.86,-14.51,2022-12-28
605,560860,万家中证工业有色金属主题ETF,指数型-股票,2025-03-13,0.877,0.877,3.66,4.83,5.61,32.58,9.61,-10.25,,10.73,-12.3,2023-02-22
606,159974,富国央企创新ETF,指数型-股票,2025-03-13,1.5984,1.5984,-0.71,0.79,-0.72,19.2,9.6,9.35,22.16,-2.06,63.09,2019-09-20
607,560070,汇添富中证国新央企股东回报ETF,指数型-股票,2025-03-13,1.0227,1.0727,0.57,1.0,-3.41,17.38,9.55,,,-3.22,7.37,2023-05-24
608,159639,南方中证上海环交所碳中和ETF,指数型-股票,2025-03-13,0.7737,0.7737,-0.26,1.23,0.27,21.9,9.5,-8.01,,2.6,-22.63,2022-07-11
609,516190,华夏中证文娱传媒ETF,指数型-股票,2025-03-13,1.0531,1.0531,-2.52,-5.0,-4.24,49.86,9.49,11.52,16.95,9.52,5.31,2021-09-09
610,513730,华泰柏瑞南方东英新交所泛东南亚科技ETF(QDII),指数型-海外股票,2025-03-12,1.1247,1.1247,-6.83,-12.34,-18.91,-5.4,9.47,,,-15.64,12.47,2023-11-15
611,516600,工银瑞信中证消费服务领先ETF,指数型-股票,2025-03-13,0.6069,0.6069,-1.46,1.2,-0.13,28.74,9.37,-9.16,-9.89,0.93,-39.31,2021-02-09
612,561190,富国中证上海环交所碳中和ETF,指数型-股票,2025-03-13,0.7733,0.7733,-0.26,1.23,0.31,21.86,9.32,-8.08,,2.67,-22.69,2022-07-11
613,159549,天弘中证红利低波动100ETF,指数型-股票,2025-03-13,1.1188,1.1188,0.33,0.01,-2.65,18.43,9.28,,,-3.63,11.88,2023-11-23
614,516710,华夏中证新材料主题ETF,指数型-股票,2025-03-14,0.5157,0.5157,0.06,4.9,1.28,33.64,9.26,-26.75,-36.97,5.91,-48.43,2021-08-04
615,562010,华宝中证绿色能源ETF,指数型-股票,2025-03-14,0.752,0.752,1.7,2.1,0.44,23.6,9.18,-22.12,,3.88,-24.64,2022-12-16
616,510210,上证综指ETF,指数型-股票,2025-03-13,0.814,1.692,-0.61,0.62,-1.09,22.59,9.12,5.76,7.57,-0.12,71.92,2011-01-30
617,159763,建信中证新材料主题ETF,指数型-股票,2025-03-14,0.5047,0.5047,0.06,4.77,1.22,32.99,9.1,-26.9,-38.22,5.76,-49.53,2021-08-19
618,517380,天弘恒生沪深港创新药精选50ETF,指数型-股票,2025-03-13,0.5524,0.5524,-2.42,5.52,3.21,23.66,9.06,-16.06,-19.03,6.62,-44.76,2021-07-27
619,562990,易方达中证上海环交所碳中和ETF,指数型-股票,2025-03-13,0.7726,0.7726,-0.27,1.21,0.18,21.54,9.06,-8.3,,2.53,-22.74,2022-07-11
620,516360,华宝新材料ETF,指数型-股票,2025-03-14,0.7177,0.7177,0.06,4.82,1.18,32.76,8.96,-26.18,-36.78,5.73,-28.24,2021-04-30
621,515100,景顺长城红利低波动100ETF,指数型-股票,2025-03-13,1.4396,1.8766,0.26,-0.08,-2.89,17.77,8.94,17.47,28.8,-3.73,93.51,2020-05-22
622,159944,广发中证全指原材料ETF,指数型-股票,2025-03-13,0.9736,0.9736,2.26,3.3,3.06,26.05,8.92,-9.8,-16.84,7.7,-2.64,2015-06-25
623,159666,华夏中证全指运输ETF,指数型-股票,2025-03-13,0.9493,0.9493,-0.32,-0.27,-5.79,13.27,8.89,-6.72,,-4.43,-5.07,2023-01-13
624,159699,广发恒生消费(QDII-ETF),指数型-海外股票,2025-03-13,0.977,0.977,-1.56,3.27,0.27,26.6,8.88,,,2.6,-2.3,2023-08-10
625,159687,南方基金南方东英富时亚太低碳精选ETF(QDII),指数型-海外股票,2025-03-13,1.2833,1.2833,-3.05,-0.98,0.72,4.85,8.84,29.52,,2.12,28.33,2022-12-16
626,159671,工银瑞信中证稀有金属主题ETF,指数型-股票,2025-03-13,0.7468,0.7468,2.43,6.32,2.85,38.07,8.64,-21.22,,10.64,-25.25,2023-02-17
627,515860,嘉实新兴科技100ETF,指数型-股票,2025-03-13,1.2299,1.2299,-1.98,1.11,7.74,40.08,8.59,5.9,-3.95,5.28,22.99,2019-09-26
628,512260,华安中证低波动ETF,指数型-股票,2025-03-13,1.5969,1.5969,-0.37,0.71,-2.65,26.92,8.55,3.38,6.4,0.51,59.72,2018-11-30
629,515900,博时央企创新驱动ETF,指数型-股票,2025-03-13,1.4716,1.4716,-0.7,0.82,-0.88,18.3,8.51,7.57,19.5,-2.2,48.62,2019-09-20
630,513870,富国纳斯达克100ETF(QDII),指数型-海外股票,2025-03-12,1.3365,1.3365,-5.0,-9.74,-9.64,1.45,8.41,,,-6.97,33.65,2023-10-25
631,159617,华夏中证智选500价值稳健策略ETF,指数型-股票,2025-03-13,1.1554,1.1554,0.64,1.22,-2.0,27.87,8.39,8.52,,0.34,15.54,2022-06-09
632,159662,南方国证交通运输行业ETF,指数型-股票,2025-03-13,0.9784,0.9784,-0.34,-0.69,-6.55,11.77,8.36,-7.31,,-5.54,-2.16,2022-11-23
633,512040,富国中证价值ETF,指数型-股票,2025-03-13,0.9657,2.1394,1.55,1.42,-1.46,20.65,8.35,19.83,18.49,-1.3,116.96,2018-11-07
634,513110,华泰柏瑞纳斯达克100ETF(QDII),指数型-海外股票,2025-03-12,1.6259,1.6259,-5.0,-9.79,-9.43,1.64,8.34,63.14,,-7.11,62.59,2023-03-01
635,560060,汇添富中证上海环交所碳中和ETF,指数型-股票,2025-03-13,0.7604,0.7604,-0.29,1.17,0.01,21.02,8.33,-9.36,,2.4,-23.96,2022-07-13
636,159660,汇添富纳斯达克100ETF,指数型-海外股票,2025-03-12,1.5356,1.5356,-5.01,-9.77,-9.62,1.41,8.31,,,-7.01,53.56,2023-03-30
637,159910,嘉实深证基本面120ETF,指数型-股票,2025-03-13,2.1082,2.1082,-1.39,-0.47,-1.97,24.79,8.24,-0.34,-3.32,0.14,110.82,2011-08-01
638,515680,嘉实中证央企创新驱动ETF,指数型-股票,2025-03-13,1.4798,1.4798,-0.7,0.82,-0.92,18.19,8.2,7.43,20.09,-2.24,49.31,2019-09-20
639,159640,工银瑞信中证上海环交所碳中和ETF,指数型-股票,2025-03-13,0.7624,0.7624,-0.24,1.23,0.07,20.84,8.2,-9.75,,2.45,-23.76,2022-07-13
640,159959,银华中证央企结构调整ETF,指数型-股票,2025-03-13,1.4386,1.4386,-0.79,-0.07,-1.71,18.17,8.17,3.6,9.78,-3.29,43.86,2018-10-22
641,517180,南方富时中国国企开放共赢ETF,指数型-股票,2025-03-13,1.4562,1.5322,-0.49,-1.42,-3.9,10.13,8.15,21.78,49.61,-6.99,53.08,2021-12-17
642,517090,国泰富时中国国企开放共赢ETF,指数型-股票,2025-03-14,1.4626,1.4626,0.61,-0.75,-2.71,11.31,8.15,23.52,47.66,-5.79,46.16,2021-12-17
643,513650,南方标普500ETF(QDII),指数型-海外股票,2025-03-13,1.4259,1.4259,-3.71,-9.66,-8.96,-0.94,8.15,,,-6.32,42.59,2023-03-23
644,513500,博时标普500ETF,指数型-海外股票,2025-03-13,1.8701,3.7402,-3.74,-9.74,-8.99,-0.88,8.1,48.48,48.65,-6.38,274.02,2013-12-05
645,561160,富国中证电池主题ETF,指数型-股票,2025-03-13,0.5175,0.5175,-3.0,2.6,1.02,33.55,8.06,-25.48,,5.7,-48.26,2022-06-30
646,159501,嘉实纳斯达克100ETF(QDII),指数型-海外股票,2025-03-12,1.3212,1.3212,-5.0,-9.75,-9.55,1.49,8.02,,,-6.97,32.12,2023-05-31
647,159941,广发纳斯达克100ETF,指数型-海外股票,2025-03-12,1.0615,4.246,-4.98,-9.68,-9.87,1.0,8.01,67.67,62.61,-7.29,324.6,2015-06-10
648,159547,华夏中证红利低波动ETF,指数型-股票,2025-03-14,1.1344,1.1344,0.37,-0.2,-0.68,15.32,8.0,,,-2.76,12.49,2024-01-25
649,159719,平安富时中国国企开放共赢ETF,指数型-股票,2025-03-13,1.4965,1.4965,-0.47,-1.47,-3.98,9.72,7.94,20.87,46.64,-6.96,49.5,2021-12-17
650,515110,易方达中证国企一带一路ETF,指数型-股票,2025-03-13,1.3273,1.3273,0.3,-0.21,-2.22,19.36,7.92,3.97,6.57,-2.4,32.73,2019-11-06
651,159632,华安纳斯达克100ETF(QDII),指数型-海外股票,2025-03-12,1.6092,1.6092,-4.99,-9.74,-9.5,1.39,7.88,68.63,,-7.04,60.92,2022-07-21
652,159967,华夏创成长ETF,指数型-股票,2025-03-14,0.4621,1.6813,1.09,0.59,-1.3,29.69,7.77,-16.72,-26.05,2.64,63.87,2019-06-21
653,159655,华夏标普500ETF(QDII),指数型-海外股票,2025-03-13,1.4513,1.4513,-3.76,-10.33,-9.24,0.12,7.74,50.47,,-6.91,45.13,2022-10-12
654,159659,招商纳斯达克100ETF(QDII),指数型-海外股票,2025-03-13,1.4871,1.4871,-4.03,-12.6,-11.74,-0.34,7.68,,,-8.6,48.71,2023-04-12
655,159509,景顺长城纳斯达克科技ETF(QDII),指数型-海外股票,2025-03-12,1.3546,1.3546,-4.25,-10.73,-9.71,-0.1,7.64,,,-8.5,35.46,2023-07-19
656,562800,嘉实中证稀有金属主题ETF,指数型-股票,2025-03-13,0.5378,0.5378,2.42,6.28,2.54,37.05,7.54,-21.53,-33.71,10.39,-46.22,2021-09-15
657,513390,博时纳斯达克100ETF(QDII),指数型-海外股票,2025-03-13,1.5499,1.5499,-4.05,-12.67,-11.81,-0.39,7.53,,,-8.72,54.99,2023-04-19
658,159796,汇添富中证电池主题ETF,指数型-股票,2025-03-13,0.6108,0.6108,-3.0,2.6,0.88,32.87,7.38,-26.09,-39.83,5.57,-38.92,2022-03-03
659,516480,国联安中证新材料主题ETF,指数型-股票,2025-03-13,0.6323,0.6323,-1.74,3.37,-0.41,29.78,7.37,-25.96,-38.33,3.95,-36.77,2021-05-27
660,562910,易方达中证装备产业ETF,指数型-股票,2025-03-13,0.6563,0.6563,-0.88,3.09,-0.77,25.68,7.36,-17.61,-27.37,1.34,-34.37,2021-12-29
661,159696,易方达纳斯达克100ETF(QDII),指数型-海外股票,2025-03-13,1.2814,,-4.05,-12.68,-11.93,-0.53,7.36,,,-8.74,28.14,2023-08-17
662,516320,华夏中证装备产业ETF,指数型-股票,2025-03-14,0.7742,0.7742,-0.88,3.1,-0.85,25.83,7.25,-17.91,-26.8,1.3,-23.82,2021-05-27
663,512950,华夏中证央企ETF,指数型-股票,2025-03-13,1.3292,1.3292,-0.79,-0.11,-1.59,17.52,7.17,2.25,8.42,-3.37,36.99,2018-10-19
664,561320,国泰中证内地运输主题ETF,指数型-股票,2025-03-13,0.923,0.923,-0.45,-0.53,-6.0,10.06,7.15,-7.72,,-5.47,-7.7,2022-11-30
665,512960,博时央企结构调整ETF,指数型-股票,2025-03-13,1.2888,1.3276,-0.79,-0.12,-1.58,17.25,7.14,2.37,8.38,-3.35,36.25,2018-10-19
666,561800,华富中证稀有金属主题ETF,指数型-股票,2025-03-13,0.5747,0.5747,2.37,6.23,2.41,36.7,7.06,-22.84,-34.51,10.24,-42.53,2021-08-11
667,513100,国泰纳斯达克100ETF,指数型-海外股票,2025-03-13,1.384,6.92,-4.02,-12.68,-12.02,-0.86,6.96,64.18,60.56,-8.71,592.0,2013-04-25
668,159612,国泰标普500(QDII-ETF),指数型-海外股票,2025-03-13,1.4693,1.4693,-3.73,-9.7,-8.93,-0.98,6.91,46.81,,-6.34,46.93,2022-05-09
669,513300,华夏纳斯达克100ETF(QDII),指数型-海外股票,2025-03-13,1.7419,1.7419,-4.12,-13.32,-12.28,0.32,6.78,68.2,63.9,-9.29,74.19,2020-10-22
670,562880,嘉实中证电池主题ETF,指数型-股票,2025-03-13,0.5315,0.5315,-3.01,2.57,0.76,32.44,6.77,-26.03,-40.1,5.46,-46.87,2021-07-13
671,516560,华宝中证养老产业ETF,指数型-股票,2025-03-13,0.8044,0.8044,0.51,1.35,-5.26,26.56,6.76,-7.94,-8.04,0.14,-19.56,2021-09-08
672,512390,平安MSCI中国A股ETF,指数型-股票,2025-03-13,1.0581,1.3869,-0.42,-0.82,-2.02,13.82,6.73,0.28,1.06,-2.73,38.73,2018-06-07
673,562310,银华沪深300成长ETF,指数型-股票,2025-03-13,0.7785,0.7785,-0.82,1.09,0.09,25.81,6.64,-16.24,,1.58,-22.15,2022-09-01
674,515150,富国中证国企一带一路ETF,指数型-股票,2025-03-13,1.253,1.253,0.27,-0.26,-2.39,18.48,6.59,1.12,2.26,-2.58,25.3,2019-11-06
675,561060,华安中证国有企业红利ETF,指数型-股票,2025-03-13,1.0617,1.0757,1.31,0.57,-2.25,15.45,6.52,,,-3.47,7.58,2023-09-06
676,159708,西部利得深证红利ETF,指数型-股票,2025-03-13,0.7899,0.7899,0.42,2.09,0.04,23.54,6.48,0.48,-0.84,0.8,-20.99,2021-06-18
677,159515,鹏扬中证国有企业红利ETF,指数型-股票,2025-03-13,1.0716,1.0716,1.3,0.53,-2.34,15.47,6.42,,,-3.56,7.16,2023-08-25
678,515180,易方达中证红利ETF,指数型-股票,2025-03-13,1.3396,1.6106,1.36,1.0,-1.84,15.44,6.31,14.27,21.92,-2.81,66.31,2019-11-26
679,159513,大成纳斯达克100ETF(QDII),指数型-海外股票,2025-03-13,1.166,1.166,-3.99,-12.53,-11.74,-0.77,6.29,,,-8.61,16.6,2023-07-12
680,516890,平安中证新材料主题ETF,指数型-股票,2025-03-13,0.5319,0.5319,-1.65,3.54,-0.21,30.75,6.21,-27.96,-39.82,4.09,-46.82,2021-07-09
681,515890,博时红利ETF,指数型-股票,2025-03-13,1.3639,1.6351,1.37,1.01,-1.5,15.08,6.15,15.28,24.26,-2.7,68.67,2020-03-20
682,511270,海富通上证10年期ETF,指数型-固收,2025-03-13,116.3164,1.3516,-0.57,-1.91,-0.66,1.8,6.11,12.31,16.8,-1.32,38.05,2018-10-12
683,515080,招商中证红利ETF,指数型-股票,2025-03-13,1.5165,1.8365,1.35,1.01,-1.64,15.41,6.1,13.44,21.7,-2.81,89.81,2019-11-28
684,513400,鹏华道琼斯工业平均ETF(QDII),指数型-海外股票,2025-03-12,1.068,1.068,-3.8,-6.59,-5.81,1.71,6.04,,,-2.85,6.8,2024-01-17
685,517120,华泰柏瑞中证创新药产业ETF,指数型-股票,2025-03-13,0.5211,0.5211,-2.09,6.35,4.66,22.53,6.0,-16.36,-17.35,8.16,-47.89,2021-07-08
686,562060,华宝标普中国A股红利机会ETF,指数型-股票,2025-03-14,1.0906,1.1366,2.67,2.33,-2.16,21.75,6.0,,,-0.42,13.66,2023-12-08
687,511520,富国中债7-10年政策性金融债ETF,指数型-固收,2025-03-13,113.2673,1.1327,-0.94,-2.16,-0.76,1.8,5.98,13.25,,-1.52,13.27,2022-08-19
688,510170,国联安上证商品ETF,指数型-股票,2025-03-13,0.895,1.11,4.19,1.94,-1.97,17.76,5.92,2.4,-0.42,1.36,11.05,2010-11-26
689,511260,国泰上证10年期国债ETF,指数型-固收,2025-03-14,134.262,1.343,-0.77,-1.72,-0.53,1.98,5.88,11.87,14.62,-1.25,34.05,2017-08-04
690,516970,广发中证基建工程ETF,指数型-股票,2025-03-13,1.0753,1.0753,-0.74,0.07,-6.41,24.17,5.87,-12.41,-8.33,-3.66,7.53,2021-06-23
691,511020,平安中证5-10年国债活跃券ETF,指数型-固收,2025-03-13,115.8228,1.2455,-0.68,-1.61,-0.52,1.93,5.67,11.23,13.21,-1.25,25.56,2018-12-21
692,159703,天弘中证新材料主题ETF,指数型-股票,2025-03-13,0.6191,0.6191,-1.7,3.6,-0.42,31.05,5.67,-29.28,-41.04,4.19,-38.09,2021-05-27
693,516020,华宝化工ETF,指数型-股票,2025-03-14,0.6392,0.6392,1.43,2.65,2.11,25.68,5.55,-19.42,-29.8,5.25,-36.08,2021-02-26
694,511100,华夏上证基准做市国债ETF,指数型-固收,2025-03-13,107.368,1.0737,-0.86,-1.95,-0.44,2.07,5.52,,,-1.18,7.37,2023-12-13
695,560020,汇添富中证红利ETF,指数型-股票,2025-03-13,1.0579,1.0949,1.35,0.94,-1.86,14.98,5.5,,,-2.96,9.48,2023-09-26
696,560960,摩根中证碳中和60ETF,指数型-股票,2025-03-13,0.7976,0.7976,-1.19,1.21,-0.47,20.67,5.42,-17.09,,1.72,-20.24,2022-12-29
697,159581,万家中证红利ETF,指数型-股票,2025-03-13,1.0125,1.0525,1.35,0.98,-1.72,15.42,5.32,,,-2.81,5.33,2024-03-06
698,515990,添富中证国企一带一路ETF,指数型-股票,2025-03-13,1.258,1.258,0.24,-0.35,-2.76,17.25,5.0,-1.32,-0.81,-2.86,25.8,2019-11-06
699,159748,富国沪港深创新药产业ETF,指数型-股票,2025-03-13,0.5799,0.5799,-2.26,6.52,4.66,22.01,4.96,-18.2,-20.4,8.41,-42.01,2021-11-24
700,516130,华宝中证消费龙头ETF,指数型-股票,2025-03-14,0.7986,0.7986,4.07,3.5,1.54,24.43,4.78,-6.38,-2.02,1.8,-20.14,2021-09-28
701,159905,工银深证红利ETF,指数型-股票,2025-03-13,1.6595,1.9655,0.38,2.0,-0.42,22.04,4.75,-2.81,-4.32,0.5,96.63,2010-11-05
702,516070,易方达中证内地低碳经济ETF,指数型-股票,2025-03-14,0.4537,0.9074,1.09,0.82,-4.34,17.84,4.59,-20.28,-31.69,-1.67,-9.26,2021-04-15
703,562330,银华中证500价值ETF,指数型-股票,2025-03-14,1.0067,1.0067,2.65,1.88,-1.83,22.44,4.56,,,0.8,0.61,2023-04-07
704,159972,鹏华中证5年地债ETF,指数型-固收,2025-03-13,114.8742,1.2369,-0.22,-0.91,-0.37,1.09,4.52,9.41,12.4,-0.73,24.25,2019-08-23
705,511060,海富通上证5年期ETF,指数型-固收,2025-03-13,106.6027,1.2045,-0.16,-0.84,-0.41,1.04,4.42,8.75,11.85,-0.73,21.92,2019-11-07
706,159691,工银瑞信中证港股通高股息精选ETF,指数型-股票,2025-03-13,1.1073,1.1176,0.87,3.56,1.58,11.91,4.35,,,1.31,11.82,2023-03-30
707,515060,华夏中证全指房地产ETF,指数型-股票,2025-03-13,0.6704,0.6704,-3.39,-2.78,-13.71,23.78,4.16,-24.79,-30.92,-3.09,-32.96,2019-11-28
708,159616,建信中证农牧主题ETF,指数型-股票,2025-03-14,0.712,0.712,3.17,2.88,-2.94,22.84,4.08,-21.07,,1.48,-28.8,2022-07-21
709,510880,华泰柏瑞上证红利ETF,指数型-股票,2025-03-13,3.0487,2.9368,1.67,-0.4,-2.59,12.31,4.03,14.77,22.2,-4.58,245.69,2006-11-17
710,511010,国泰上证5年期国债ETF,指数型-固收,2025-03-13,139.921,1.412,-0.27,-0.88,-0.76,0.77,4.0,8.17,9.99,-0.98,41.61,2013-03-05
711,159622,创新药ETF沪港深,指数型-股票,2025-03-13,0.8297,0.8297,-2.24,6.45,4.44,21.04,3.99,,,8.16,-17.04,2023-04-21
712,513800,南方顶峰TOPIX-ETF,指数型-海外股票,2025-03-14,1.4066,1.4366,0.65,1.73,1.54,3.28,3.93,34.5,40.37,2.54,43.88,2019-06-12
713,510270,中银上证国企100ETF,指数型-股票,2025-03-13,1.2946,1.5107,0.97,-0.5,-1.46,12.67,3.9,3.16,1.7,-2.91,51.07,2011-06-16
714,517110,国泰中证沪港深创新药产业ETF,指数型-股票,2025-03-13,0.5497,0.5497,-2.22,6.2,4.39,21.4,3.85,-19.74,-22.11,8.0,-45.03,2021-09-08
715,516960,国泰细分机械设备产业主题ETF,指数型-股票,2025-03-13,0.7614,0.7614,-1.98,2.01,-1.64,22.25,3.78,-21.76,-31.73,0.67,-23.86,2021-04-07
716,159886,富国细分机械设备产业主题ETF,指数型-股票,2025-03-13,0.7861,0.7861,-2.03,2.01,-1.84,21.97,3.61,-21.91,-32.52,0.59,-21.39,2021-04-15
717,561500,华泰柏瑞中证企业核心竞争力50ETF,指数型-股票,2025-03-13,0.6684,0.6684,-1.01,3.95,4.85,27.39,3.55,-13.15,-12.73,5.18,-33.16,2021-06-17
718,516120,富国中证细分化工产业主题ETF,指数型-股票,2025-03-13,0.641,0.641,0.68,1.38,0.93,24.13,3.45,-21.11,-31.18,4.11,-35.9,2021-03-01
719,510410,博时上证自然资源ETF,指数型-股票,2025-03-13,1.2147,1.2147,3.75,0.74,-1.92,13.44,3.42,7.97,11.05,0.39,21.47,2012-04-10
720,560650,民生加银中证企业核心竞争力50ETF,指数型-股票,2025-03-13,0.8467,0.8467,-0.97,3.9,4.93,26.6,3.08,-14.68,,5.1,-15.33,2022-06-13
721,159649,华安中债1-5年国开债ETF,指数型-固收,2025-03-13,107.2172,1.0722,-0.08,-0.37,-0.25,0.85,3.04,6.8,,-0.53,7.22,2022-08-08
722,159758,华夏中证红利质量ETF,指数型-股票,2025-03-14,0.9216,0.9216,2.64,0.74,-0.35,29.13,3.01,-2.24,4.92,1.07,-7.84,2021-12-20
723,159816,鹏华0-4年地方政府债ETF,指数型-固收,2025-03-13,112.9304,1.1427,-0.06,-0.46,-0.1,0.79,2.99,6.79,9.09,-0.47,14.44,2020-07-30
724,512200,南方中证房地产ETF,指数型-股票,2025-03-13,1.4139,0.5063,-3.47,-3.08,-14.29,24.15,2.98,-27.15,-33.75,-3.25,-49.37,2017-08-25
725,511220,海富通上证城投债ETF,指数型-固收,2025-03-13,10.291,1.4163,-0.18,-0.66,-0.3,0.67,2.67,7.57,10.67,-0.43,52.44,2014-11-13
726,159650,博时中债0-3年国开行ETF,指数型-固收,2025-03-13,106.1131,1.0611,-0.07,-0.25,0.0,0.88,2.62,5.55,,-0.3,6.09,2022-08-26
727,516570,易方达中证石化产业ETF,指数型-股票,2025-03-14,0.7505,0.7505,1.53,1.19,-0.41,14.32,2.56,-10.68,-19.04,-0.12,-24.95,2021-06-09
728,516220,国泰中证细分化工产业主题ETF,指数型-股票,2025-03-14,0.6672,0.6672,0.62,1.29,0.69,23.07,2.43,-21.87,-31.62,3.84,-33.95,2021-03-02
729,511030,平安中债债利差因子ETF,指数型-固收,2025-03-13,10.4953,1.1745,-0.1,-0.44,-0.1,0.65,2.32,5.54,7.12,-0.25,18.34,2018-12-27
730,159707,华宝中证800地产ETF,指数型-股票,2025-03-14,0.6352,0.6352,-0.39,0.95,-7.38,23.15,2.32,-27.51,-34.54,0.14,-36.48,2021-11-04
731,159651,平安中债-0-3年国开行债券ETF,指数型-固收,2025-03-14,105.5706,1.0557,0.08,-0.11,-0.1,0.8,2.28,5.14,,-0.35,5.57,2022-09-01
732,516550,嘉实中证大农业ETF,指数型-股票,2025-03-13,0.6258,0.6258,1.13,1.15,-5.01,20.65,2.09,-18.63,-26.19,-1.45,-37.42,2021-03-30
733,510150,招商上证消费80ETF,指数型-股票,2025-03-14,0.5398,2.1349,3.13,3.11,0.11,24.41,2.04,-13.19,-13.88,2.02,113.49,2010-12-08
734,159870,鹏华中证细分化工产业ETF,指数型-股票,2025-03-13,0.599,0.599,0.64,1.29,0.64,22.95,2.04,-23.11,-33.01,3.83,-40.1,2021-02-23
735,511360,海富通中证短融ETF,指数型-固收,2025-03-13,111.3335,1.1133,0.04,0.07,0.29,0.84,1.89,4.39,6.64,0.19,11.33,2020-08-03
736,511580,招商中证国债及政策性金融债0-3年ETF,指数型-固收,2025-03-14,107.1733,1.0717,-0.01,-0.22,-0.23,0.09,1.86,6.34,,-0.32,7.17,2022-09-15
737,513290,汇添富纳斯达克生物科技ETF(QDII),指数型-海外股票,2025-03-12,1.1667,1.1667,-1.51,-0.01,-0.77,-6.76,1.74,17.54,,3.17,16.67,2022-08-15
738,562850,嘉实中证国新央企现代能源ETF,指数型-股票,2025-03-13,1.0567,1.0567,0.76,-0.46,-4.96,3.34,1.7,,,-5.72,5.67,2023-07-27
739,561260,工银瑞信中证国新央企现代能源ETF,指数型-股票,2025-03-13,1.0532,1.0532,0.78,-0.43,-4.95,3.3,1.63,,,-5.69,5.32,2023-07-27
740,516810,华夏中证农业主题ETF,指数型-股票,2025-03-14,0.683,0.683,2.46,2.75,-3.18,19.34,1.61,-20.15,-23.64,1.44,-31.7,2021-12-29
741,517990,招商中证沪港深500医药卫生ETF,指数型-股票,2025-03-14,0.7876,0.7876,2.11,2.85,4.75,22.45,1.26,-22.83,,8.11,-21.24,2022-05-09
742,561790,博时中证国新央企现代能源ETF,指数型-股票,2025-03-13,1.0551,1.0551,0.74,-0.48,-4.95,3.11,1.25,,,-5.74,5.51,2023-07-27
743,588700,嘉实上证科创板生物医药ETF,指数型-股票,2025-03-13,0.9195,0.9195,-3.45,7.58,4.09,29.03,1.02,,,10.78,-8.05,2023-12-27
744,159731,华夏中证石化产业ETF,指数型-股票,2025-03-13,0.6878,0.6878,1.09,-0.42,-1.35,13.33,0.95,-13.01,-21.66,-1.11,-31.22,2021-12-02
745,159669,国泰国证绿色电力ETF,指数型-股票,2025-03-13,1.0067,1.0067,1.04,-0.24,-6.03,4.81,0.84,1.44,,-5.07,0.67,2022-12-29
746,159625,嘉实国证绿色电力ETF,指数型-股票,2025-03-13,1.0946,1.0946,1.05,-0.24,-5.95,4.72,0.75,2.77,,-5.04,9.46,2022-04-21
747,159698,鹏华国证粮食产业ETF,指数型-股票,2025-03-13,0.8593,0.8593,0.12,-1.07,-6.71,20.42,0.47,,,-3.02,-14.07,2023-07-26
748,516080,易方达中证创新药产业ETF,指数型-股票,2025-03-14,0.5633,0.5633,1.19,3.66,-0.56,22.94,0.39,-18.47,-23.71,4.84,-43.67,2021-02-03
749,515650,富国中证消费50ETF,指数型-股票,2025-03-13,1.1439,1.1439,0.11,0.57,-3.08,18.77,0.28,-11.55,-10.11,-2.25,14.39,2019-10-14
750,159768,银华中证内地地产主题ETF,指数型-股票,2025-03-13,0.5601,0.5601,-3.94,-1.89,-9.02,20.92,0.02,-32.08,-39.81,-1.62,-43.99,2022-01-27
751,159787,易方达中证全指建筑材料ETF,指数型-股票,2025-03-14,0.6531,,1.46,4.48,-5.2,29.56,-0.05,-26.82,-33.88,2.58,-34.69,2022-03-04
752,159520,工银中证消费龙头ETF,指数型-股票,2025-03-13,1.0299,1.0299,0.33,0.07,-2.74,19.58,-0.07,,,-2.41,2.99,2023-10-19
753,513080,华安法国CAC40ETF(QDII),指数型-海外股票,2025-03-12,1.6338,1.6338,0.2,3.99,10.65,6.83,-0.09,18.4,47.38,12.17,63.33,2020-05-29
754,159798,易方达中证消费50ETF,指数型-股票,2025-03-13,0.926,0.926,0.1,0.49,-3.19,18.19,-0.14,-12.09,,-2.36,-7.4,2022-04-28
755,159745,国泰中证全指建筑材料ETF,指数型-股票,2025-03-13,0.5909,0.5909,0.6,2.2,-6.27,29.41,-0.32,-27.75,-34.74,1.44,-40.91,2021-06-09
756,159670,国联安中证消费50ETF,指数型-股票,2025-03-13,0.9434,0.9434,0.11,0.52,-3.09,16.64,-0.67,,,-2.26,-5.66,2023-04-14
757,159790,华夏中证内地低碳经济主题ETF,指数型-股票,2025-03-13,0.5644,0.5644,-1.48,-0.23,-6.63,13.81,-0.84,-26.44,-39.32,-3.95,-43.56,2021-07-30
758,515710,华宝中证细分食品饮料主题ETF,指数型-股票,2025-03-14,0.6561,0.6561,5.7,8.7,0.37,32.15,-0.94,-18.77,-11.8,3.68,-34.39,2020-12-24
759,159885,鹏华中证内地低碳经济主题ETF,指数型-股票,2025-03-13,0.5855,0.8783,-1.46,-0.24,-6.68,13.4,-1.1,-26.04,-38.06,-3.98,-12.18,2021-04-06
760,159827,银华中证农业主题ETF,指数型-股票,2025-03-13,0.7124,0.7124,1.45,1.35,-4.34,17.11,-1.17,-20.88,-28.57,0.15,-28.76,2020-12-10
761,562550,华夏中证绿色电力ETF,指数型-股票,2025-03-14,1.023,1.023,2.11,0.73,-5.44,3.09,-1.17,2.39,,-4.97,2.3,2023-03-07
762,159611,广发中证全指电力公用事业ETF,指数型-股票,2025-03-13,0.9353,0.9353,1.31,0.25,-5.91,2.2,-1.26,5.71,1.74,-5.62,-6.47,2021-12-29
763,516750,富国中证全指建筑材料ETF,指数型-股票,2025-03-13,0.6487,0.6487,0.56,2.13,-6.58,28.84,-1.31,-28.82,-36.5,1.22,-35.13,2021-10-28
764,562960,易方达中证绿色电力ETF,指数型-股票,2025-03-14,1.0212,1.0212,2.1,0.69,-5.42,2.91,-1.32,,,-4.95,2.12,2023-04-03
765,512580,广发中证环保ETF,指数型-股票,2025-03-13,0.9616,0.9616,-1.34,0.79,-5.89,17.08,-1.35,-28.46,-40.65,-2.47,-3.84,2017-01-25
766,560560,泰康中证内地低碳经济ETF,指数型-股票,2025-03-13,0.5503,0.5503,-1.47,-0.24,-6.67,13.39,-1.38,-26.83,-39.69,-4.0,-45.07,2021-08-27
767,561560,华泰柏瑞中证全指电力公用事业ETF,指数型-股票,2025-03-13,1.1284,1.1284,1.3,0.2,-5.84,2.05,-1.38,6.41,,-5.63,12.84,2022-04-26
768,159858,南方中证创新药产业ETF,指数型-股票,2025-03-14,0.5719,0.5719,1.15,3.61,-1.04,21.4,-1.46,-21.86,-27.94,4.44,-42.81,2021-03-12
769,562300,银华中证内地低碳经济主题ETF,指数型-股票,2025-03-13,0.5548,0.5548,-1.47,-0.27,-6.66,12.99,-1.47,-27.09,-39.49,-4.0,-44.52,2021-12-20
770,159623,博时成渝经济圈ETF,指数型-股票,2025-03-13,0.7841,0.7841,-0.31,0.97,-4.74,26.3,-1.59,-15.48,,-0.49,-21.59,2022-08-15
771,159828,国泰中证医疗ETF,指数型-股票,2025-03-14,0.4358,0.4358,1.4,1.14,1.59,30.36,-1.65,-29.72,-35.45,8.0,-56.42,2020-12-24
772,561700,博时中证全指电力公用事业ETF,指数型-股票,2025-03-13,0.9838,0.9838,1.27,0.15,-5.97,1.94,-1.7,4.72,,-5.67,-1.64,2022-07-01
773,560580,南方中证全指电力公用事业ETF,指数型-股票,2025-03-13,0.9858,0.9858,1.31,0.22,-5.98,2.0,-1.76,,,-5.68,-1.42,2023-04-27
774,561170,富国中证绿色电力ETF,指数型-股票,2025-03-13,1.022,1.022,1.4,0.38,-5.91,2.55,-1.83,2.43,,-5.44,2.19,2023-03-02
775,159697,鹏华国证石油天然气ETF,指数型-股票,2025-03-13,0.9771,0.9771,1.65,-2.21,-6.43,7.44,-1.85,,,-7.52,-2.29,2023-04-17
776,562350,银华中证全指电力公用事业ETF,指数型-股票,2025-03-13,0.9875,0.9875,1.28,0.25,-5.74,1.78,-1.87,3.86,,-5.48,-1.26,2022-06-30
777,159861,国泰中证环保产业50ETF,指数型-股票,2025-03-14,0.8423,0.8423,1.17,1.84,-5.09,17.95,-2.05,-28.58,-38.63,-1.17,-15.77,2021-03-19
778,159835,建信中证创新药产业ETF,指数型-股票,2025-03-14,0.5656,0.5656,1.11,3.51,-1.22,20.29,-2.62,-22.97,-29.99,4.2,-43.44,2021-03-11
779,159825,富国中证农业主题ETF,指数型-股票,2025-03-13,0.6644,0.6644,1.45,1.34,-4.77,16.05,-2.65,-22.85,-30.32,-0.17,-33.56,2020-12-10
780,561360,国泰中证油气产业ETF,指数型-股票,2025-03-14,1.0195,1.0195,1.47,-0.44,-3.83,11.69,-2.69,,,-3.88,1.95,2023-10-23
781,159847,易方达中证医疗ETF,指数型-股票,2025-03-13,0.3991,0.3991,-2.52,3.07,-0.84,27.83,-2.94,-29.39,-35.13,5.36,-60.09,2021-07-08
782,516160,南方中证新能源ETF,指数型-股票,2025-03-14,2.0011,0.6186,1.26,2.94,-4.04,24.63,-2.97,-35.51,-46.14,1.21,-38.16,2021-01-22
783,159898,招商中证全指医疗器械ETF,指数型-股票,2025-03-14,0.5446,0.5446,1.38,-0.04,-0.89,23.21,-2.98,-17.91,-22.37,4.93,-45.54,2021-05-27
784,515120,广发中证创新药产业ETF,指数型-股票,2025-03-13,0.5301,0.5301,-2.2,3.05,-3.44,18.14,-3.07,-24.4,-31.34,1.9,-46.99,2020-12-03
785,516060,工银瑞信中证创新药产业ETF,指数型-股票,2025-03-13,0.4877,0.4877,-2.19,3.04,-3.33,18.2,-3.12,-24.47,-31.38,1.92,-51.23,2021-02-09
786,560900,摩根中证创新药产业ETF,指数型-股票,2025-03-13,0.7632,0.7632,-2.22,3.08,-3.47,18.05,-3.17,-24.84,,1.88,-23.68,2022-05-19
787,513520,华夏野村日经225ETF,指数型-海外股票,2025-03-13,1.385,1.385,-1.69,-3.22,-3.87,-1.54,-3.25,29.14,37.01,-3.29,38.5,2019-06-12
788,159992,银华中证创新药产业ETF,指数型-股票,2025-03-13,0.7095,0.7095,-2.18,3.07,-3.48,17.94,-3.26,-24.95,-31.99,1.9,-29.06,2020-03-20
789,516670,招商中证畜牧养殖ETF,指数型-股票,2025-03-14,0.6247,0.6247,2.41,2.19,-6.02,17.93,-3.31,-27.46,-26.65,0.55,-37.53,2021-03-18
790,159866,工银瑞信大和日经225ETF(QDII),指数型-海外股票,2025-03-13,1.0314,1.0314,-1.84,-3.28,-4.41,-2.05,-3.35,25.41,31.88,-3.04,3.14,2021-03-24
791,516760,平安中证畜牧养殖ETF,指数型-股票,2025-03-14,0.6051,0.6051,2.35,2.09,-6.19,16.77,-3.49,-28.38,-28.57,0.31,-39.49,2021-03-04
792,562900,易方达中证现代农业主题ETF,指数型-股票,2025-03-13,0.7077,0.7077,0.77,0.55,-6.52,14.46,-3.5,-23.42,-28.61,-1.71,-29.23,2021-12-02
793,510660,华夏医药ETF,指数型-股票,2025-03-13,2.1279,2.1279,-1.8,1.92,-2.22,18.07,-3.57,-19.64,-23.68,1.76,112.79,2013-03-28
794,513000,易方达日经225ETF,指数型-海外股票,2025-03-13,1.3789,1.3789,-1.99,-3.59,-4.57,-2.36,-3.76,26.47,34.12,-3.29,37.89,2019-06-12
795,560260,广发中证医疗ETF,指数型-股票,2025-03-13,0.8573,0.8573,-2.51,3.05,-0.99,26.97,-4.04,,,5.23,-14.27,2023-09-06
796,510630,华夏消费ETF,指数型-股票,2025-03-13,0.9449,3.7796,1.73,2.65,-5.24,24.43,-4.18,-21.7,-22.53,-1.95,277.96,2013-03-28
797,512170,华宝中证医疗ETF,指数型-股票,2025-03-13,0.3434,1.0302,-2.53,3.0,-1.09,26.76,-4.29,-31.11,-38.1,5.11,3.0,2019-05-20
798,159837,易方达中证生物科技主题ETF,指数型-股票,2025-03-14,0.4652,0.4652,1.28,2.33,0.76,22.45,-4.44,-22.29,-32.07,5.92,-53.48,2021-01-14
799,159873,天弘中证全指医疗保健设备与服务ETF,指数型-股票,2025-03-13,0.5919,0.5919,-1.84,2.39,-3.35,23.65,-4.44,-24.24,-27.02,3.35,-40.81,2021-03-16
800,516610,大成中证全指医疗保健设备与服务ETF,指数型-股票,2025-03-14,0.5049,0.5049,1.61,0.8,-1.17,24.42,-4.47,-25.57,-27.99,5.69,-49.51,2021-04-29
801,159891,建信中证全指医疗保健设备与服务ETF,指数型-股票,2025-03-14,0.4542,0.4542,1.61,0.8,-1.2,24.3,-4.64,-26.82,-29.49,5.68,-54.58,2021-05-27
802,159865,国泰中证畜牧养殖ETF,指数型-股票,2025-03-14,0.5691,0.5691,2.37,2.04,-6.27,16.81,-4.74,-29.38,-29.73,0.33,-43.09,2021-03-01
803,516090,易方达中证新能源ETF,指数型-股票,2025-03-13,0.3815,0.763,-1.42,2.01,-5.41,23.18,-4.82,-35.81,-46.66,-0.29,-23.7,2021-03-11
804,159752,申万菱信中证内地新能源主题ETF,指数型-股票,2025-03-14,0.4823,0.4823,-1.06,2.0,-4.65,22.57,-4.9,-36.36,-50.77,-1.29,-52.48,2021-07-20
805,512120,华安中证细分医药ETF,指数型-股票,2025-03-13,0.4063,1.2189,-1.22,1.4,-4.35,14.77,-5.07,-22.61,-29.71,-0.49,21.89,2013-12-04
806,516790,华泰柏瑞中证医疗保健ETF,指数型-股票,2025-03-13,0.5873,0.5873,-1.79,2.53,-2.81,22.87,-5.08,-25.39,-28.16,3.84,-41.27,2021-08-12
807,159843,招商国证食品饮料ETF,指数型-股票,2025-03-13,0.6678,0.6678,1.81,3.49,-4.49,26.69,-5.18,-22.56,-17.82,-1.32,-33.22,2021-01-25
808,513880,华安日经225ETF,指数型-海外股票,2025-03-13,1.2786,1.2786,-1.87,-3.22,-4.29,-2.37,-5.19,22.87,29.49,-3.14,27.86,2019-06-12
809,159849,招商中证生物科技主题ETF,指数型-股票,2025-03-14,0.4858,0.4858,1.25,2.27,0.48,21.6,-5.63,-23.82,-32.98,5.68,-51.42,2021-02-08
810,516270,华安中证内地新能源主题ETF,指数型-股票,2025-03-13,0.4616,0.4616,-1.09,1.92,-4.86,22.08,-5.7,-36.82,-51.12,-1.47,-53.84,2021-07-09
811,159867,鹏华中证畜牧养殖ETF,指数型-股票,2025-03-13,0.5726,0.5726,1.47,1.43,-6.99,15.98,-5.78,-27.7,-31.34,-0.56,-42.74,2021-02-25
812,516850,华夏中证新能源ETF,指数型-股票,2025-03-14,0.7303,0.7303,-1.47,1.93,-5.39,22.63,-6.08,-37.85,-49.18,-0.28,-28.2,2021-03-09
813,159736,天弘中证食品饮料ETF,指数型-股票,2025-03-13,0.7169,0.7169,1.64,3.18,-6.05,26.84,-6.19,-26.05,-23.51,-1.46,-28.31,2021-09-09
814,159928,汇添富中证主要消费ETF,指数型-股票,2025-03-13,0.8127,3.2508,1.75,3.23,-3.96,21.95,-6.2,-22.87,-23.05,-0.53,225.37,2013-08-23
815,560680,广发中证主要消费ETF,指数型-股票,2025-03-13,0.8855,0.8855,1.75,3.22,-3.89,21.75,-6.42,-23.33,,-0.49,-11.45,2022-10-19
816,512600,嘉实中证主要消费ETF,指数型-股票,2025-03-13,0.6902,3.451,1.74,3.22,-3.97,21.62,-6.43,-21.92,-21.06,-0.55,244.96,2014-06-13
817,159689,南方中证主要消费ETF,指数型-股票,2025-03-13,0.7721,0.7721,1.75,3.22,-4.09,21.84,-6.46,-23.35,,-0.58,-22.79,2023-03-03
818,159875,嘉实中证新能源ETF,指数型-股票,2025-03-13,0.4656,0.4656,-1.44,1.95,-5.73,21.98,-6.49,-37.55,-48.4,-0.56,-53.44,2021-08-09
819,516580,博时中证新能源ETF,指数型-股票,2025-03-13,0.4652,0.4652,-1.44,1.86,-5.81,21.62,-6.57,-37.91,-49.81,-0.66,-53.48,2021-07-15
820,159938,广发中证全指医药卫生ETF,指数型-股票,2025-03-13,0.6114,1.2228,-1.4,1.48,-4.03,16.26,-6.63,-24.36,-28.19,0.26,22.28,2014-12-01
821,159672,博时主要消费ETF,指数型-股票,2025-03-13,0.7705,0.7705,1.73,3.17,-3.98,21.34,-6.64,,,-0.58,-22.95,2023-03-23
822,515170,华夏中证细分食品饮料主题ETF,指数型-股票,2025-03-13,0.5881,0.5881,1.71,3.28,-4.73,25.56,-6.67,-24.96,-21.4,-1.47,-41.19,2020-12-30
823,159766,富国中证旅游主题ETF,指数型-股票,2025-03-13,0.6688,0.6688,-0.31,0.07,-13.75,15.45,-6.8,-39.3,-31.11,-5.09,-33.12,2021-07-15
824,562510,华夏中证旅游主题ETF,指数型-股票,2025-03-13,0.6746,0.6746,-0.33,0.04,-13.82,15.38,-6.95,-39.16,-30.76,-5.13,-32.54,2021-12-21
825,159877,南方中证全指医疗保健设备与服务ETF,指数型-股票,2025-03-13,0.5891,0.5891,-1.87,2.42,-3.43,22.02,-6.96,-28.53,-31.87,3.35,-41.09,2021-10-22
826,159929,汇添富中证医药卫生ETF,指数型-股票,2025-03-13,1.2609,1.2609,-1.47,1.03,-4.72,15.6,-6.99,-24.11,-28.61,-0.46,25.93,2013-08-23
827,516930,民生加银中证生物科技主题ETF,指数型-股票,2025-03-13,0.4709,0.4709,-2.32,3.04,-1.79,18.14,-7.16,-25.78,-36.2,3.15,-52.91,2021-08-05
828,562390,银华中证中药ETF,指数型-股票,2025-03-14,0.9625,0.9625,2.8,-0.9,-7.11,14.5,-7.18,-15.42,,-3.62,-3.75,2022-07-20
829,159862,银华中证细分食品饮料产业主题ETF,指数型-股票,2025-03-13,0.69,0.69,1.66,3.2,-4.72,24.37,-7.2,-25.38,-21.48,-1.56,-31.0,2021-10-26
830,516500,华夏中证生物科技主题ETF,指数型-股票,2025-03-13,0.5838,0.5838,-2.31,2.96,-2.03,18.44,-7.42,-25.04,-34.89,2.98,-41.62,2021-03-04
831,515950,富国中证医药50ETF,指数型-股票,2025-03-13,0.855,0.982,-0.84,1.18,-4.28,18.05,-7.54,-23.22,-27.78,-0.54,-3.8,2020-03-16
832,512010,易方达沪深300医药ETF,指数型-股票,2025-03-13,0.3563,1.4252,-1.3,1.08,-4.68,15.01,-7.55,-25.43,-30.94,-1.11,42.52,2013-09-23
833,159883,永赢中证全指医疗器械ETF,指数型-股票,2025-03-13,0.4961,0.4961,-1.53,1.93,-3.52,18.15,-7.65,-24.54,-31.01,2.31,-50.39,2021-04-22
834,159760,泰康国证公共卫生与医疗健康ETF,指数型-股票,2025-03-13,0.5691,0.5691,-1.56,0.74,-5.34,14.35,-7.82,-25.17,-30.23,-1.49,-43.09,2021-12-06
835,159797,汇添富中证全指医疗器械ETF,指数型-股票,2025-03-13,0.7629,0.7629,-1.52,1.88,-3.58,17.68,-7.82,-24.73,,2.2,-23.71,2022-04-28
836,515910,中金MSCI中国A股国际质量ETF,指数型-股票,2025-03-13,0.511,0.511,0.33,0.26,-4.0,21.93,-7.83,-25.5,-28.19,-1.77,-48.9,2021-01-21
837,516900,华安中证申万食品饮料ETF,指数型-股票,2025-03-13,0.6224,0.6224,1.68,2.88,-5.25,23.84,-7.86,-26.59,-23.68,-2.0,-37.76,2021-04-16
838,562600,华夏中证全指医疗器械ETF,指数型-股票,2025-03-13,0.8637,0.8637,-1.55,1.9,-3.67,17.35,-8.37,,,2.13,-13.63,2023-11-23
839,513360,博时全球中国教育(QDII-ETF),指数型-海外股票,2025-03-13,0.5644,0.5644,-2.72,0.09,5.89,40.61,-8.41,1.62,65.17,16.32,-43.56,2021-06-08
840,159838,博时医药50ETF,指数型-股票,2025-03-13,0.5393,0.5393,-0.86,1.11,-4.58,16.88,-8.41,-24.48,-29.56,-0.81,-46.07,2021-07-22
841,515960,嘉实医药健康100ETF,指数型-股票,2025-03-13,0.7268,0.7268,-0.51,1.52,-3.77,15.86,-8.61,-24.04,-29.51,0.15,-27.27,2020-04-24
842,159647,鹏华中证中药ETF,指数型-股票,2025-03-13,0.9566,0.9566,0.63,-1.7,-8.64,12.66,-8.64,-17.47,,-5.19,-4.34,2022-07-20
843,159985,华夏饲料豆粕期货ETF,指数型-其他,2025-03-13,1.9406,1.9406,-0.82,0.82,8.62,0.05,-8.66,0.14,20.6,6.15,94.06,2019-09-24
844,560080,汇添富中证中药ETF,指数型-股票,2025-03-13,1.0339,1.0339,0.65,-1.73,-8.8,12.8,-8.92,-18.4,,-5.29,3.39,2022-09-26
845,561510,华泰柏瑞中证中药ETF,指数型-股票,2025-03-13,1.0099,1.0099,0.64,-1.75,-8.76,12.49,-9.21,-17.41,,-5.32,0.99,2022-07-26
846,159945,广发中证全指能源ETF,指数型-股票,2025-03-13,1.0475,1.0475,3.87,-1.95,-9.66,2.92,-9.68,4.78,14.84,-9.57,4.75,2015-06-25
847,159502,嘉实标普生物科技精选行业ETF(QDII),指数型-海外股票,2025-03-12,0.9328,0.9328,-0.67,-3.15,-7.78,-11.69,-9.87,,,-3.58,-6.72,2023-12-26
848,512690,鹏华中证酒ETF,指数型-股票,2025-03-13,0.6224,1.9448,3.39,5.44,-3.83,27.18,-11.12,-31.26,-24.25,1.07,70.0,2019-04-04
849,159930,汇添富中证能源ETF,指数型-股票,2025-03-13,1.2643,1.2643,4.02,-2.95,-10.31,-0.92,-11.49,9.98,25.39,-10.93,27.6,2013-08-23
850,512290,国泰中证生物医药ETF,指数型-股票,2025-03-13,0.9241,0.9241,-2.58,2.04,-2.29,16.41,-11.69,-24.27,-32.07,1.62,-7.59,2019-04-18
851,513350,富国标普石油天然气勘探及生产精选行业ETF(QDII),指数型-海外股票,2025-03-12,0.9131,0.9131,2.0,-7.68,-9.23,-1.06,-11.72,,,-6.44,-8.69,2023-11-20
852,516820,平安医药及医疗器械创新ETF,指数型-股票,2025-03-13,0.3372,0.3372,-1.46,1.93,-4.37,20.82,-11.75,-34.97,-45.94,0.6,-66.28,2021-06-09
853,159518,嘉实标普石油天然气勘探及生产精选行业ETF(QDII),指数型-海外股票,2025-03-12,0.8729,0.8729,1.99,-7.8,-9.21,-1.05,-12.53,,,-6.51,-12.71,2023-11-01
854,159859,天弘国证生物医药ETF,指数型-股票,2025-03-14,0.372,0.372,-1.15,1.8,-6.04,18.5,-13.55,-37.38,-47.54,0.44,-63.75,2021-06-24
855,159864,国泰中证光伏产业ETF,指数型-股票,2025-03-14,0.4866,0.4866,1.67,2.88,-5.05,19.12,-13.66,-42.65,-47.17,0.25,-51.34,2021-07-28
856,159839,汇添富国证生物医药ETF,指数型-股票,2025-03-13,0.3393,0.3393,-1.17,1.77,-6.09,18.1,-13.88,-37.95,-48.5,0.38,-66.07,2021-02-01
857,159981,建信易盛能源化工期货ETF,指数型-其他,2025-03-14,1.3844,1.3844,-1.11,-3.43,-3.66,0.78,-14.2,-9.04,-19.52,-4.17,38.43,2019-12-13
858,515220,国泰中证煤炭ETF,指数型-股票,2025-03-13,1.0437,2.3474,5.97,0.15,-10.89,6.8,-14.48,-0.81,3.27,-7.56,134.9,2020-01-20
859,159857,天弘中证光伏产业ETF,指数型-股票,2025-03-14,0.6394,0.6394,1.67,2.83,-5.37,18.25,-14.52,-44.24,-49.39,-0.08,-36.06,2021-02-04
860,159508,华安国证生物医药ETF,指数型-股票,2025-03-13,0.7582,0.7582,-1.19,1.68,-6.12,16.77,-14.89,,,0.26,-24.18,2023-06-29
861,560980,广发中证光伏龙头30ETF,指数型-股票,2025-03-14,0.4963,0.4963,2.44,3.12,-4.19,17.61,-16.05,-46.83,,0.34,-50.37,2022-11-16
862,516880,银华中证光伏产业ETF,指数型-股票,2025-03-13,0.6253,0.6253,-0.87,1.63,-6.71,16.62,-16.35,-45.65,-51.44,-1.62,-37.47,2021-01-05
863,561920,招商中证疫苗与生物技术ETF,指数型-股票,2025-03-14,0.6578,0.6578,0.72,1.75,-3.35,21.48,-16.35,,,2.85,-34.22,2023-03-15
864,159643,国泰国证疫苗与生物科技ETF,指数型-股票,2025-03-14,0.5995,0.5995,1.87,0.54,-4.23,17.53,-16.71,-36.08,,1.49,-40.05,2022-08-10
865,516290,汇添富中证光伏产业ETF,指数型-股票,2025-03-13,0.4614,0.4614,-0.88,1.61,-7.03,15.93,-17.28,-46.22,-51.54,-1.79,-53.86,2021-08-09
866,159863,鹏华中证光伏产业ETF,指数型-股票,2025-03-13,0.4932,0.7398,-0.9,1.59,-7.17,15.69,-17.32,-46.22,-51.01,-1.89,-26.02,2021-02-22
867,515790,华泰柏瑞中证光伏产业ETF,指数型-股票,2025-03-13,0.7442,0.7442,-0.89,1.6,-7.11,15.83,-17.38,-46.53,-52.21,-1.83,-25.58,2020-12-07
868,562860,嘉实中证疫苗与生物技术ETF,指数型-股票,2025-03-13,0.6139,0.6139,-2.37,1.98,-5.2,19.11,-17.39,-36.49,,0.95,-38.61,2023-02-16
869,159609,浦银安盛中证光伏产业ETF,指数型-股票,2025-03-13,0.4311,0.4311,-0.92,1.55,-7.15,15.33,-17.67,-46.69,,-1.91,-56.89,2022-06-16
870,159657,鹏华国证疫苗与生物科技ETF,指数型-股票,2025-03-13,0.6334,0.6334,-2.07,0.36,-6.51,15.44,-17.71,-35.68,,-1.03,-36.66,2023-02-22
871,516180,平安中证光伏产业ETF,指数型-股票,2025-03-13,0.6138,0.6138,-0.9,1.54,-7.1,14.99,-17.75,-46.47,-51.9,-1.9,-38.62,2021-02-09
872,159618,华安中证光伏产业ETF,指数型-股票,2025-03-13,0.5911,0.5911,-0.89,1.56,-7.1,15.13,-17.93,-46.96,,-1.89,-40.89,2022-04-08
873,159645,富国国证疫苗与生物科技ETF,指数型-股票,2025-03-13,0.6595,0.6595,-2.12,0.37,-6.77,14.5,-19.01,-38.29,,-1.21,-33.93,2022-09-16
874,563090,易方达上证50增强策略ETF,指数型-股票,2025-03-14,1.095,1.095,2.89,4.39,6.67,23.17,,,,4.46,9.5,2024-05-27
875,562560,华夏中证全指信息技术ETF,指数型-股票,2025-03-13,1.4202,1.4202,-4.52,0.78,7.68,57.59,,,,8.4,42.02,2024-03-27
876,563280,富国MSCI中国A50互联互通增强策略ETF,指数型-股票,2025-03-13,1.0885,1.0885,-1.07,-0.27,0.4,16.97,,,,-0.94,8.84,2024-04-01
877,562580,华夏中证全指可选消费ETF,指数型-股票,2025-03-13,1.1916,1.1916,-1.6,-0.65,2.6,29.42,,,,2.44,19.16,2024-03-18
878,159542,大成中证工程机械ETF,指数型-股票,2025-03-14,1.2435,1.2435,-1.54,11.37,15.29,42.59,,,,17.39,24.35,2024-05-28
879,159558,易方达中证半导体材料设备主题ETF,指数型-股票,2025-03-13,1.2367,1.2367,-5.76,2.9,-0.5,46.13,,,,6.21,23.67,2024-06-06
880,159597,易方达创业板成长ETF,指数型-股票,2025-03-13,1.2085,1.2085,-3.13,-0.27,-2.08,43.89,,,,2.01,20.85,2024-05-08
881,588450,招商上证科创板50成份增强策略ETF,指数型-股票,2025-03-14,1.3776,1.3776,-2.16,4.68,7.5,58.8,,,,7.68,37.76,2024-05-06
882,159307,博时中证红利低波100ETF,指数型-股票,2025-03-13,1.0294,1.0554,0.35,0.15,-2.26,19.34,,,,-3.31,5.75,2024-04-16
883,560850,汇添富中证信息技术应用创新产业ETF,指数型-股票,2025-03-13,1.4879,1.4879,-6.22,2.68,14.03,85.59,,,,21.28,48.79,2024-04-01
884,560150,泰康中证红利低波动ETF,指数型-股票,2025-03-13,1.0939,1.0939,0.39,-0.14,-0.46,15.94,,,,-2.57,9.42,2024-03-15
885,510950,广发上证50ETF,指数型-股票,2025-03-13,1.1052,1.1052,-0.73,0.87,1.61,21.05,,,,-0.33,10.52,2024-04-24
886,159533,博时中证2000ETF,指数型-股票,2025-03-13,1.3476,1.3476,-0.58,6.16,4.85,58.63,,,,14.57,34.76,2024-05-28
887,159525,富国中证红利低波动ETF,指数型-股票,2025-03-13,1.0199,1.0199,0.37,-0.17,-0.55,15.18,,,,-2.67,1.99,2024-05-07
888,159599,西藏东财中证芯片产业ETF,指数型-股票,2025-03-13,1.5478,1.5478,-5.47,2.84,10.89,72.38,,,,8.13,54.78,2024-04-19
889,513210,易方达恒生ETF(QDII),指数型-海外股票,2025-03-13,1.4582,1.4582,-3.61,7.97,17.6,37.22,,,,16.91,45.82,2024-04-10
890,159589,广发中证红利ETF,指数型-股票,2025-03-13,1.0288,1.0452,1.35,0.93,-1.85,15.03,,,,-2.98,4.57,2024-03-14
891,159321,华安中证沪深港黄金产业股票ETF,指数型-股票,2025-03-13,0.962,0.962,3.42,2.41,8.57,16.49,,,,15.43,-3.8,2024-05-09
892,159310,天弘中证芯片产业ETF,指数型-股票,2025-03-14,1.5777,1.5777,-2.33,4.68,12.89,76.1,,,,10.06,57.77,2024-04-18
893,159526,嘉实中证机器人ETF,指数型-股票,2025-03-13,1.389,1.389,-4.65,6.51,13.49,70.64,,,,22.0,38.9,2024-04-16
894,562820,嘉实中证全指集成电路ETF,指数型-股票,2025-03-13,1.7343,1.7343,-5.35,2.98,13.17,85.01,,,,9.9,73.43,2024-04-12
895,561760,博时中证油气资源ETF,指数型-股票,2025-03-13,0.9052,0.9052,1.32,-2.18,-6.03,8.79,,,,-6.1,-9.49,2024-04-19
896,159588,景顺长城国证石油天然气ETF,指数型-股票,2025-03-13,0.9173,0.9173,1.65,-2.23,-6.46,7.21,,,,-7.54,-8.27,2024-05-23
897,159582,博时中证半导体产业ETF,指数型-股票,2025-03-13,1.4878,1.4878,-5.94,3.12,6.48,57.94,,,,7.37,48.78,2024-04-08
898,513170,鹏华恒生中国央企(QDII),指数型-海外股票,2025-03-13,1.2995,1.2995,-1.37,3.8,10.77,27.87,,,,6.51,29.95,2024-04-10
899,159553,海富通中证2000增强策略ETF,指数型-股票,2025-03-13,1.3302,1.3302,-0.29,5.15,3.63,55.4,,,,11.88,33.02,2024-03-27
900,588890,南方上证科创板芯片ETF,指数型-股票,2025-03-13,1.8143,1.8143,-5.22,6.98,12.08,88.85,,,,10.68,81.43,2024-04-15
901,517400,国泰中证沪深港黄金产业股票ETF,指数型-股票,2025-03-14,1.0156,1.0156,5.39,4.59,11.68,20.2,,,,18.91,1.56,2024-04-24
902,159306,平安中证汽车零部件主题ETF,指数型-股票,2025-03-14,1.2126,1.2126,-0.45,4.89,11.87,46.38,,,,15.07,21.26,2024-04-29
903,513820,汇添富中证港股通高股息投资ETF,指数型-股票,2025-03-13,1.1007,1.1277,0.73,3.72,4.36,21.06,,,,1.74,13.0,2024-04-24
904,563180,银华中证高股息策略ETF,指数型-股票,2025-03-13,1.0433,1.0433,2.03,0.09,-3.8,11.44,,,,-5.1,4.33,2024-05-06
905,159300,富国沪深300ETF,指数型-股票,2025-03-13,4.0114,1.1187,-1.14,0.17,-0.21,24.44,,,,-0.35,11.89,2024-05-23
906,563150,银华中证油气资源ETF,指数型-股票,2025-03-13,0.9021,0.9021,1.31,-2.19,-6.19,8.52,,,,-6.17,-9.79,2024-05-22
907,588990,博时上证科创板芯片ETF,指数型-股票,2025-03-13,1.6926,1.6926,-5.16,6.92,11.98,85.43,,,,10.58,69.26,2024-08-08
908,159552,招商中证2000增强策略ETF,指数型-股票,2025-03-14,1.5368,1.5368,1.43,7.04,9.69,61.97,,,,18.02,53.68,2024-06-19
909,562570,华夏中证信息技术应用创新产业ETF,指数型-股票,2025-03-13,1.4586,1.4586,-6.25,2.64,14.71,86.59,,,,21.93,45.83,2024-04-19
910,159561,嘉实德国DAXETF(QDII),指数型-海外股票,2025-03-12,1.2188,1.2188,0.69,6.92,13.47,20.34,,,,17.32,21.88,2024-04-03
911,588860,工银瑞信上证科创板生物医药ETF,指数型-股票,2025-03-13,1.2171,1.2171,-3.44,7.62,3.91,27.95,,,,10.66,21.71,2024-08-08
912,562260,海富通中证汽车零部件主题ETF,指数型-股票,2025-03-13,1.1884,1.1884,-2.66,2.56,9.35,44.77,,,,12.62,19.41,2024-04-19
913,562340,银华中证500质量成长ETF,指数型-股票,2025-03-14,1.06,1.06,2.34,2.57,4.03,25.43,,,,6.21,6.0,2024-04-25
914,159557,嘉实恒生医疗保健ETF(QDII),指数型-海外股票,2025-03-13,1.1387,1.1387,-2.87,13.09,13.94,27.44,,,,16.47,13.87,2024-05-07
915,560690,鹏华中证电信主题ETF,指数型-股票,2025-03-13,1.365,1.365,-3.9,-0.01,3.44,43.62,,,,2.32,36.5,2024-04-01
916,560520,大成中证红利低波动100ETF,指数型-股票,2025-03-14,1.0593,1.0593,1.02,0.65,-2.08,18.01,,,,-2.95,5.93,2024-04-08
917,159528,富国中证国有企业改革ETF,指数型-股票,2025-03-13,1.0581,1.0581,-0.87,-0.24,-1.65,20.46,,,,-1.36,5.81,2024-05-07
918,159315,工银瑞信中证沪深港黄金产业股票ETF,指数型-股票,2025-03-13,1.0192,1.0192,3.46,2.42,8.98,17.32,,,,15.92,1.92,2024-05-30
919,159545,易方达恒生港股通高股息低波动ETF,指数型-股票,2025-03-13,1.2537,1.2997,1.12,6.61,7.17,27.13,,,,4.51,30.59,2024-03-27
920,511130,博时上证30年期国债ETF,指数型-固收,2025-03-13,108.237,1.1087,-2.2,-4.71,-1.02,3.1,,,,-2.45,10.87,2024-03-20
921,159569,景顺长城国证港股通红利低波动率ETF,指数型-股票,2025-03-13,1.1631,1.1631,2.33,5.81,6.17,21.28,,,,1.72,16.31,2024-08-14
922,510720,国泰上证国有企业红利ETF,指数型-股票,2025-03-14,0.9499,0.9909,2.09,-0.53,-2.94,9.14,,,,-5.18,-0.96,2024-04-30
923,560360,万家中证软件服务ETF,指数型-股票,2025-03-13,1.5637,1.5637,-5.95,-0.56,8.15,85.36,,,,17.12,56.37,2024-06-13
924,562700,华夏中证汽车零部件主题ETF,指数型-股票,2025-03-13,1.2028,1.2028,-2.86,2.86,9.68,45.25,,,,13.0,20.28,2024-05-06
925,159309,汇添富中证油气资源ETF,指数型-股票,2025-03-13,0.9319,0.9319,1.37,-2.21,-6.07,8.87,,,,-6.03,-6.81,2024-05-31
926,159578,南方深证主板50ETF,指数型-股票,2025-03-13,1.0924,1.0924,-0.83,0.44,1.54,23.24,,,,1.6,9.24,2024-05-30
927,159303,大成恒生医疗保健ETF(QDII),指数型-海外股票,2025-03-14,1.2861,1.2861,1.36,9.35,18.19,32.45,,,,20.72,28.61,2024-06-18
928,159352,南方中证A500ETF,指数型-股票,2025-03-13,1.0127,1.0127,-1.2,0.37,0.19,,,,,1.0,1.27,2024-09-25
929,520500,华泰柏瑞恒生创新药ETF,指数型-海外股票,2025-03-13,1.1662,1.1662,-1.59,16.59,,,,,,18.14,16.62,2024-12-16
930,588500,易方达上证科创板100增强策略ETF,指数型-股票,2025-03-13,1.4444,1.4444,-4.04,4.42,8.63,59.34,,,,14.1,44.44,2024-06-27
931,520830,华泰柏瑞南方东英沙特ETF,指数型-海外股票,2025-03-12,0.9762,0.9762,-1.6,-5.32,-3.98,-0.45,,,,-3.33,-2.39,2024-07-05
932,159322,平安中证沪深港黄金产业ETF,指数型-股票,2025-03-13,1.0147,1.0147,3.22,2.05,8.34,16.38,,,,14.67,1.47,2024-06-05
933,159305,广发国证新能源电池ETF,指数型-股票,2025-03-13,1.266,1.266,-1.26,6.32,4.29,,,,,6.11,26.6,2024-09-18
934,159329,南方基金南方东英沙特阿拉伯ETF(QDII),指数型-海外股票,2025-03-13,0.9895,0.9895,-0.49,-4.89,-3.44,0.84,,,,-2.93,-1.05,2024-07-05
935,159335,融通中证诚通央企科技创新ETF,指数型-股票,2025-03-13,1.2223,1.2223,-1.07,2.82,3.06,25.07,,,,2.45,22.21,2024-08-22
936,520520,华泰柏瑞恒生消费ETF,指数型-海外股票,2025-03-13,1.051,1.051,-1.37,3.89,0.76,,,,,3.15,5.1,2024-10-23
937,530880,银河上证国有企业红利ETF,指数型-股票,2025-03-13,0.9788,0.9838,1.77,-0.77,-3.23,,,,,-5.46,-1.62,2024-10-30
938,530000,天弘上证50ETF,指数型-股票,2025-03-13,1.2003,1.2003,-0.74,0.81,1.35,21.08,,,,-0.6,20.03,2024-09-04
939,159332,富国中证中央企业红利ETF,指数型-股票,2025-03-13,1.0949,1.0967,0.48,0.8,-1.54,19.21,,,,-2.94,9.67,2024-07-16
940,520890,华泰柏瑞恒生港股通高股息低波动ETF,指数型-股票,2025-03-13,1.2365,1.2365,0.72,6.06,6.45,23.81,,,,3.94,23.61,2024-09-04
941,561930,招商沪深300ETF,指数型-股票,2025-03-14,1.2686,1.2686,1.59,1.78,2.4,27.77,,,,2.22,27.03,2024-09-06
942,159800,鹏华中证800ETF,指数型-股票,2025-03-13,1.1634,1.1634,-1.09,0.53,-0.28,26.11,,,,0.77,16.34,2024-06-27
943,159326,华夏中证电网设备主题ETF,指数型-股票,2025-03-13,1.1207,1.1207,0.62,4.08,-0.44,12.5,,,,0.91,12.07,2024-08-29
944,561570,华泰柏瑞中证油气产业ETF,指数型-股票,2025-03-13,0.9533,0.9533,1.04,-1.69,-4.87,,,,,-4.77,-4.67,2024-10-09
945,588830,鹏华上证科创板新能源ETF,指数型-股票,2025-03-13,1.1652,1.1652,-1.73,4.7,-9.32,26.12,,,,1.66,16.52,2024-07-31
946,159351,嘉实中证A500ETF,指数型-股票,2025-03-13,0.9854,0.9864,-1.19,0.37,0.18,,,,,0.99,-1.36,2024-09-20
947,159353,景顺长城中证A500ETF,指数型-股票,2025-03-13,0.9814,0.9814,-1.18,0.38,0.17,,,,,0.99,-1.86,2024-09-24
948,560610,招商中证A500ETF,指数型-股票,2025-03-13,0.9619,0.9619,-1.19,0.4,0.2,,,,,1.01,-3.81,2024-09-26
949,563360,华泰柏瑞中证A500ETF,指数型-股票,2025-03-13,1.0192,1.0192,-1.2,0.36,0.16,,,,,0.97,1.88,2024-09-25
950,159590,汇添富中证全指软件ETF,指数型-股票,2025-03-13,1.1711,1.1711,-6.31,-1.41,6.7,,,,,16.68,17.11,2024-10-28
951,159338,国泰中证A500ETF,指数型-股票,2025-03-13,0.9631,0.9631,-1.2,0.36,0.17,,,,,0.98,-3.69,2024-09-26
952,159339,银华中证A500ETF,指数型-股票,2025-03-13,0.972,0.972,-1.2,0.34,0.16,,,,,0.97,-2.8,2024-09-26
953,560510,泰康中证A500ETF,指数型-股票,2025-03-13,0.9606,0.9612,-1.19,0.38,0.18,,,,,0.99,-3.88,2024-09-27
954,560530,摩根中证A500ETF,指数型-股票,2025-03-13,0.9916,0.9934,-1.2,0.36,0.14,,,,,0.96,-0.65,2024-09-24
955,560890,新华中证红利低波动ETF,指数型-股票,2025-03-13,1.138,1.138,0.35,-0.18,-0.59,13.99,,,,-2.68,13.8,2024-09-02
956,563220,富国中证A500ETF,指数型-股票,2025-03-13,1.0006,1.0006,-1.2,0.37,0.18,,,,,0.99,0.02,2024-09-25
957,520700,万家中证港股通创新药ETF,指数型-股票,2025-03-13,1.0288,1.0288,-1.52,14.92,14.29,2.88,,,,15.69,2.88,2024-09-13
958,159325,南方中证半导体行业精选ETF,指数型-股票,2025-03-13,1.1341,1.1341,-5.49,4.54,11.58,,,,,10.82,13.41,2024-10-31
959,159318,银华恒指港股通ETF,指数型-股票,2025-03-14,1.323,1.323,-1.0,6.09,19.05,39.54,,,,18.1,32.3,2024-06-13
960,159327,万家中证半导体材料设备主题ETF,指数型-股票,2025-03-13,1.258,1.258,-5.77,2.86,-0.75,45.94,,,,5.95,25.8,2024-07-24
961,588680,广发上证科创板100增强策略ETF,指数型-股票,2025-03-13,1.4541,1.4541,-3.47,5.16,9.0,61.28,,,,14.66,45.41,2024-06-27
962,159331,国泰中证港股通高股息投资ETF,指数型-股票,2025-03-14,1.139,1.1527,1.38,3.06,6.36,22.53,,,,2.45,15.35,2024-07-23
963,159587,广发国证粮食产业ETF,指数型-股票,2025-03-13,1.1108,1.1108,0.1,-1.4,-7.26,15.68,,,,-3.58,11.08,2024-08-08
964,520600,广发中证港股通汽车ETF,指数型-股票,2025-03-13,1.2271,1.2271,2.48,16.32,,,,,,26.0,22.71,2024-12-19
965,159330,东财沪深300ETF,指数型-股票,2025-03-13,1.1729,1.1729,-1.12,0.18,-0.18,23.66,,,,-0.33,17.29,2024-08-01
966,513780,景顺长城中证港股通创新药ETF,指数型-股票,2025-03-13,1.0731,1.0731,-1.54,14.06,13.22,,,,,14.61,7.31,2024-10-16
967,159337,中证500ETF基金,指数型-股票,2025-03-13,1.3214,1.3214,-0.89,1.6,0.2,32.33,,,,4.73,32.14,2024-09-02
968,588070,万家上证科创板成长ETF,指数型-股票,2025-03-13,1.0326,1.0326,-5.42,3.97,7.43,,,,,9.09,3.26,2024-11-06
969,520900,广发中证国新港股通央企红利ETF,指数型-股票,2025-03-13,0.9172,0.9276,1.21,2.03,3.03,12.39,,,,-0.76,-7.22,2024-06-26
970,159301,华夏中证全指公用事业ETF,指数型-股票,2025-03-13,0.8864,0.8864,0.88,-0.23,-5.53,1.31,,,,-6.28,-11.36,2024-07-10
971,159583,富国中证通信设备主题ETF,指数型-股票,2025-03-13,1.1811,1.1811,-1.13,0.13,0.65,33.05,,,,0.14,18.11,2024-06-28
972,520660,南方中证国新港股通央企红利ETF,指数型-股票,2025-03-13,0.9204,0.9304,1.22,2.05,3.22,13.01,,,,-0.74,-6.93,2024-06-26
973,520990,景顺长城中证国新港股通央企红利ETF,指数型-股票,2025-03-13,0.9274,0.9274,1.2,2.01,3.17,12.63,,,,-0.77,-7.26,2024-06-26
974,560620,万家中证全指公用事业ETF,指数型-股票,2025-03-13,0.8788,0.8788,0.87,-0.24,-5.53,-12.12,,,,-6.24,-12.12,2024-09-11
975,159333,万家中证港股通央企红利ETF,指数型-股票,2025-03-13,1.2106,1.2106,0.07,3.84,5.52,29.49,,,,1.59,21.06,2024-08-21
976,159302,银华中证港股高股息ETF,指数型-股票,2025-03-14,1.1353,1.1353,1.28,2.84,4.7,21.22,,,,2.21,13.53,2024-08-23
977,588230,华泰柏瑞上证科创板200ETF,指数型-股票,2025-03-13,1.0851,1.0851,-4.13,4.5,,,,,,14.23,8.51,2024-12-16
978,159361,易方达中证A500ETF,指数型-股票,2025-03-13,0.9791,0.9791,-1.2,0.36,0.16,,,,,0.98,-2.09,2024-11-12
979,159362,工银中证A500ETF,指数型-股票,2025-03-13,1.0079,1.0145,-1.24,0.33,0.09,,,,,0.95,1.46,2024-11-19
980,512050,华夏中证A500ETF,指数型-股票,2025-03-13,0.9586,0.9586,-1.19,0.38,0.18,,,,,0.99,-4.15,2024-11-08
981,560810,融通中证诚通央企ESGETF,指数型-股票,2025-03-13,0.9675,0.9675,-1.39,1.26,-2.26,,,,,-2.33,-3.27,2024-11-25
982,588810,富国上证科创板芯片ETF,指数型-股票,2025-03-13,1.1366,1.1366,-5.14,7.0,,,,,,13.61,13.61,2024-12-30
983,159378,永赢国证通用航空产业ETF,指数型-股票,2025-03-13,1.142,1.142,-0.98,3.89,,,,,,,14.2,2025-01-02
984,159379,融通中证A500ETF,指数型-股票,2025-03-13,1.0348,1.0348,-1.17,0.4,,,,,,,3.49,2025-01-09
985,562970,易方达中证光伏产业ETF,指数型-股票,2025-03-14,0.8483,,1.69,2.89,-5.31,,,,,-0.04,-15.17,2024-10-30
986,159357,博时中证A500ETF,指数型-股票,2025-03-13,1.0128,1.0143,-1.18,0.37,0.17,,,,,0.97,1.43,2024-11-21
987,561880,华富中证A100ETF,指数型-股票,2025-03-13,1.0337,1.0337,-1.22,0.58,,,,,,,3.37,2025-01-15
988,159373,嘉实创业板50ETF,指数型-股票,2025-03-13,1.0092,1.0092,-3.17,-1.45,,,,,,,0.92,2025-01-23
989,510040,鹏华上证180ETF,指数型-股票,2025-03-13,0.9947,0.9947,-1.14,0.42,,,,,,0.27,-0.53,2024-12-25
990,159371,富国创业板50ETF,指数型-股票,2025-03-13,0.9953,0.9953,-3.14,-1.52,,,,,,,-0.47,2025-01-24
991,159367,华夏创业板50ETF,指数型-股票,2025-03-14,1.0261,1.0261,1.3,0.14,,,,,,,2.6,2025-01-24
992,159375,国泰创业板50ETF,指数型-股票,2025-03-14,1.0849,1.0849,1.4,0.32,,,,,,8.61,8.49,2024-12-30
993,530580,南方上证180ETF,指数型-股票,2025-03-13,0.9843,0.9843,-1.09,0.31,,,,,,-0.54,-1.57,2024-12-30
994,530300,华泰柏瑞上证180ETF,指数型-股票,2025-03-13,1.0228,1.0228,-1.04,0.3,,,,,,2.32,2.25,2024-12-30
995,588930,银华上证科创板人工智能ETF,指数型-股票,2025-03-13,1.2458,1.2458,-6.5,4.72,,,,,,,24.58,2025-01-06
996,511160,国债ETF东财,指数型-固收,2025-03-13,99.5519,0.9955,-0.12,-0.46,,,,,,-0.66,-0.48,2024-12-20
997,588780,国联安科创芯片设计ETF,指数型-股票,2025-03-13,1.1111,1.1111,-4.95,9.38,11.09,,,,,16.9,11.11,2024-12-11
998,560190,鹏华中证全指公用事业ETF,指数型-股票,2025-03-13,0.943,0.943,0.87,-0.24,,,,,,-5.46,-5.7,2024-12-25
999,588960,富国上证科创板新能源ETF,指数型-股票,2025-03-13,1.0456,1.0456,-1.58,4.55,,,,,,,4.55,2025-02-06
1000,530080,天弘上证180ETF,指数型-股票,2025-03-14,1.0509,1.0509,1.28,1.8,,,,,,,5.09,2025-01-08
1001,520550,招商恒生港股通高股息低波动ETF,指数型-股票,2025-03-13,1.0504,1.0504,0.33,5.78,,,,,,,5.04,2025-01-15
1002,588730,易方达上证科创板人工智能ETF,指数型-股票,2025-03-13,1.1593,1.1593,-6.58,4.59,,,,,,,15.93,2025-01-16
1003,588760,广发上证科创板人工智能ETF,指数型-股票,2025-03-13,0.5986,1.1972,-6.57,4.77,,,,,,,19.72,2025-01-15
1004,588870,汇添富上证科创板50成份ETF,指数型-股票,2025-03-13,1.0961,1.0961,-4.59,5.18,,,,,,,9.61,2025-01-20
1005,512080,中金中证A500ETF,指数型-股票,2025-03-13,1.0351,1.0351,-1.17,0.37,,,,,,,3.5,2025-01-14
1006,513830,嘉实中证港股通高股息投资ETF,指数型-股票,2025-03-13,1.0032,1.0032,,,,,,,,,0.32,2025-02-26
1007,159370,工银瑞信创业板50ETF,指数型-股票,2025-03-13,1.0413,1.0413,-3.09,-1.42,,,,,,,4.09,2025-01-10
1008,159328,易方达中证家电龙头ETF,指数型-股票,2025-03-14,1.0418,1.0418,2.56,1.02,6.85,,,,,6.05,4.18,2024-11-07
1009,563520,沪深300ETF永赢,指数型-股票,2025-03-13,0.9747,0.9747,-1.12,0.21,-0.11,,,,,-0.29,-2.55,2024-11-08
1010,159312,广发恒指港股通ETF,指数型-股票,2025-03-13,1.1561,1.1561,-3.46,8.1,17.75,,,,,16.82,15.61,2024-10-24
1011,159380,A500ETF东财,指数型-股票,2025-03-13,1.05,1.05,-1.16,0.42,,,,,,5.09,5.0,2024-12-30
1012,159376,浦银安盛中证A500ETF,指数型-股票,2025-03-13,1.0512,1.0512,-1.2,0.36,,,,,,5.12,5.12,2024-12-30
1013,159320,广发恒生A股电网设备ETF,指数型-股票,2025-03-14,0.9875,0.9875,2.04,0.94,-1.18,,,,,1.42,-1.25,2024-12-12
1014,512020,鹏华中证A500ETF,指数型-股票,2025-03-13,1.0174,1.0174,-1.18,0.34,0.17,,,,,0.93,1.74,2024-11-21
1015,563500,华宝中证A500ETF,指数型-股票,2025-03-13,1.0219,1.0219,-1.19,0.34,0.22,,,,,1.01,2.18,2024-11-22
1016,563880,汇添富中证A500ETF,指数型-股票,2025-03-13,0.9947,0.9947,-1.19,0.36,0.16,,,,,0.97,-0.53,2024-11-18
1017,159363,华宝创业板人工智能ETF,指数型-股票,2025-03-13,1.0649,1.0649,-3.76,0.47,4.8,,,,,11.14,6.49,2024-12-06
1018,159355,华宝中证800红利低波动ETF,指数型-股票,2025-03-14,1.0129,1.0129,0.94,0.12,-1.41,,,,,-2.84,1.29,2024-11-25
1019,563800,广发中证A500ETF,指数型-股票,2025-03-13,0.9604,0.9604,-1.19,0.38,0.18,,,,,0.99,-3.96,2024-11-11
1020,588790,博时科创板人工智能ETF,指数型-股票,2025-03-13,1.2686,1.2686,-6.58,4.7,,,,,,26.83,26.83,2024-12-31
1021,560380,南方中证A100ETF,指数型-股票,2025-03-13,0.9994,0.9994,-1.21,0.69,,,,,,0.61,-0.06,2024-12-19
1022,159358,大成中证A500ETF,指数型-股票,2025-03-13,1.0242,1.0242,-1.2,0.36,0.11,,,,,0.99,2.42,2024-11-22
1023,159359,华安中证A500ETF,指数型-股票,2025-03-13,1.0125,1.0125,-1.2,0.36,0.14,,,,,0.96,1.25,2024-11-19
1024,563210,富国恒生A股专精特新企业ETF,指数型-股票,2025-03-13,1.0749,1.0749,-2.35,2.9,,,,,,,7.47,2025-01-16
1025,159336,融通中证诚通央企红利ETF,指数型-股票,2025-03-13,1.0065,1.0065,0.92,0.04,,,,,,,0.65,2025-01-22
1026,530050,上证50ETF东财,指数型-股票,2025-03-14,1.0417,1.0417,2.18,3.0,4.63,,,,,2.61,4.17,2024-11-18
1027,159383,华泰柏瑞创业板50ETF,指数型-股票,2025-03-13,0.9829,0.9829,-3.13,-1.47,,,,,,,-1.72,2025-02-05
1028,530280,平安上证180ETF,指数型-股票,2025-03-14,1.0474,1.0474,1.27,1.11,,,,,,,4.74,2025-01-15
1029,159399,国泰富时中国A股自由现金流聚焦ETF,指数型-股票,2025-03-13,1.0155,1.0155,1.0,,,,,,,,1.55,2025-02-19
1030,560750,申万菱信中证A500ETF,指数型-股票,2025-03-13,1.0363,1.0363,-1.18,0.35,,,,,,,3.63,2025-01-22
1031,159396,博时深证基准做市信用债ETF,指数型-固收,2025-03-13,99.3787,0.9938,-0.26,-0.79,,,,,,,-0.62,2025-01-16
1032,530180,易方达上证180ETF,指数型-股票,2025-03-13,0.9886,0.9886,-1.09,0.21,,,,,,-0.65,-1.14,2024-12-18
1033,159393,万家沪深300ETF,指数型-股票,2025-03-13,0.9987,0.9987,,,,,,,,,-0.13,2025-02-25
1034,159201,华夏国证自由现金流ETF,指数型-股票,2025-03-13,0.9976,0.9976,0.22,,,,,,,,-0.24,2025-02-19
1035,159356,万家中证A500ETF,指数型-股票,2025-03-13,1.0046,1.0046,-1.19,0.37,0.23,,,,,1.03,0.46,2024-11-22
1036,530800,银华上证180ETF,指数型-股票,2025-03-13,1.028,1.028,-1.14,0.37,,,,,,,2.79,2025-01-17
1037,159386,永赢中证A500ETF,指数型-股票,2025-03-13,1.0062,1.0062,-1.21,0.34,,,,,,,0.62,2025-01-24
1038,159398,天弘深证基准做市信用债ETF,指数型-固收,2025-03-13,99.5276,0.9953,-0.24,-0.74,,,,,,,-0.47,2025-01-21
1039,588820,华夏上证科创板200ETF,指数型-股票,2025-03-13,1.1583,1.1583,-4.11,4.53,,,,,,16.35,15.83,2024-12-23
1040,561380,国泰恒生A股电网设备ETF,指数型-股票,2025-03-14,0.9856,0.9856,2.16,0.96,-1.43,,,,,1.69,-1.44,2024-12-11
1041,588750,汇添富上证科创板芯片ETF,指数型-股票,2025-03-13,1.082,1.082,-5.21,6.98,,,,,,10.68,8.2,2024-12-18
1042,159395,大成深证基准做市信用债ETF,指数型-固收,2025-03-14,99.5726,0.9957,-0.08,-0.58,,,,,,,-0.43,2025-01-16
1043,511070,南方上证基准做市公司债ETF,指数型-固收,2025-03-13,98.9926,0.9899,-0.4,-1.18,,,,,,,-1.01,2025-01-13
1044,511190,海富通上证基准做市公司债ETF,指数型-固收,2025-03-13,98.9771,0.9898,-0.43,-1.22,,,,,,,-1.02,2025-01-16
1045,159397,广发深证基准做市信用债ETF,指数型-固收,2025-03-13,99.4333,0.9943,-0.22,-0.72,,,,,,,-0.57,2025-01-22
1046,511200,华夏上证基准做市公司债ETF,指数型-固收,2025-03-13,99.2882,0.9929,-0.31,-0.9,,,,,,,-0.71,2025-01-16
1047,563860,海富通中证A500ETF,指数型-股票,2025-03-13,1.0108,1.0108,-1.17,0.36,,,,,,,1.08,2025-01-22
1048,159323,华夏中证港股通汽车产业主题ETF,指数型-股票,2025-03-13,1.2743,1.2743,2.49,16.9,,,,,,27.42,27.43,2024-12-30
1049,530680,兴业上证180ETF,指数型-股票,2025-03-13,1.0064,1.0064,-1.08,0.18,,,,,,1.25,0.64,2024-12-25
1050,588950,景顺长城上证科创板50成份ETF,指数型-股票,2025-03-13,1.099,1.099,-4.58,5.11,,,,,,,9.9,2025-01-15
1051,511110,易方达上证基准做市公司债ETF,指数型-固收,2025-03-14,99.1464,0.9915,-0.36,-1.1,,,,,,,-0.88,2025-01-16
1052,159360,天弘中证A500ETF,指数型-股票,2025-03-13,1.021,1.021,-1.19,0.36,0.2,,,,,1.0,2.1,2024-11-20
1053,520580,招商利安新兴亚洲精选ETF(QDII),指数型-海外股票,2025-03-13,0.9269,0.9269,-1.83,-7.15,,,,,,,-7.31,2025-01-16
1054,589660,南方上证科创板综合ETF,指数型-股票,2025-03-13,0.9911,0.9911,-3.94,,,,,,,,-0.9,2025-02-26
1055,589890,景顺长城上证科创板综合价格ETF,指数型-股票,2025-03-13,0.9872,0.9872,-3.91,,,,,,,,-1.29,2025-02-26
1056,589800,易方达上证科创板综合ETF,指数型-股票,2025-03-13,0.9831,0.9831,-3.89,,,,,,,,-1.7,2025-02-25
1057,588250,鹏华上证科创板生物医药ETF,指数型-股票,2025-03-12,1.0,1.0,,,,,,,,,0.0,2025-03-12
1058,589500,工银瑞信上证科创板综合价格ETF,指数型-股票,2025-03-13,0.9876,0.9876,-3.83,,,,,,,,-1.25,2025-02-24
1059,589680,鹏华科创板综合ETF,指数型-股票,2025-03-13,0.988,0.988,-3.85,,,,,,,,-1.21,2025-02-26
1060,589520,华宝上证科创板人工智能ETF,指数型-股票,2025-03-14,0.9718,0.9718,-2.7,,,,,,,,-2.82,2025-03-05
1061,588660,兴银中证科创创业50ETF,指数型-股票,2025-03-07,1.0006,1.0006,0.06,,,,,,,,0.06,2025-02-28
1062,588840,万家上证科创板50成份ETF,指数型-股票,2025-03-13,0.9811,0.9811,,,,,,,,,-1.89,2025-02-26
1063,589770,招商上证科创板综合ETF,指数型-股票,2025-03-13,0.9911,0.9911,-3.94,,,,,,,,-0.89,2025-02-26
1064,159206,永赢国证商用卫星ETF,指数型-股票,2025-03-13,0.9904,0.9904,-0.96,,,,,,,,-0.96,2025-03-06
1065,562810,嘉实上证综合增强策略ETF,指数型-股票,2025-03-13,1.0033,1.0033,,,,,,,,,0.33,2025-03-05
1066,589600,富国上证科创板综合价格ETF,指数型-股票,2025-03-13,0.9709,0.9709,-3.97,,,,,,,,-2.92,2025-02-28
1067,589080,汇添富上证科创板综合ETF,指数型-股票,2025-03-13,0.9921,0.9921,-4.0,,,,,,,,-0.8,2025-02-26
1068,589990,华泰柏瑞上证科创板综合ETF,指数型-股票,2025-03-13,0.9993,0.9993,-3.6,,,,,,,,-0.08,2025-02-26
1069,589000,华夏上证科创板综合ETF,指数型-股票,2025-03-13,0.9913,0.9913,-3.88,,,,,,,,-0.88,2025-02-26
1070,589630,国泰上证科创板综合ETF,指数型-股票,2025-03-13,0.9772,0.9772,,,,,,,,,-2.28,2025-03-04
1071,159209,招商中证全指红利质量ETF,指数型-股票,2025-03-14,1.0037,1.0037,,,,,,,,,0.37,2025-03-12
1072,589900,博时科创综指ETF,指数型-股票,2025-03-13,0.9876,0.9876,-3.81,,,,,,,,-1.26,2025-02-26
1073,589860,天弘上证科创板综合ETF,指数型-股票,2025-03-13,0.9781,0.9781,-3.97,,,,,,,,-2.2,2025-02-26
1074,589880,建信上证科创板综合ETF,指数型-股票,2025-03-14,1.0061,1.0061,-1.26,,,,,,,,0.61,2025-02-20
1075,588240,鹏华上证科创板200ETF,指数型-股票,2025-03-13,1.0112,1.0112,-4.02,1.12,,,,,,,1.12,2025-02-13
