序号,基金代码,基金简称,类型,日期,单位净值,累计净值,近1周,近1月,近3月,近6月,近1年,近2年,近3年,今年来,成立来,成立日期
1,159636,工银瑞信国证港股通科技30ETF,指数型-股票,2025-03-12,1.3619,1.3619,0.16,12.77,30.93,76.96,86.15,63.08,,33.47,36.19,2022-06-30
2,513160,银华恒生港股通中国科技ETF,指数型-股票,2025-03-12,1.2447,1.2447,1.78,10.68,34.18,82.72,83.02,65.74,63.54,34.07,24.47,2022-01-17
3,513020,国泰中证港股通科技ETF,指数型-股票,2025-03-12,1.1483,1.1483,1.36,12.53,31.6,73.09,74.73,54.18,51.01,34.12,14.83,2022-01-19
4,513150,华泰柏瑞港股通科技ETF,指数型-股票,2025-03-12,1.1699,1.1699,1.4,12.53,32.09,72.81,74.04,53.75,50.1,33.89,16.99,2022-01-25
5,513560,兴银中证港股通科技ETF,指数型-股票,2025-03-12,1.3616,1.3616,1.42,12.65,31.72,72.95,73.74,54.22,,33.81,36.16,2023-01-31
6,513980,景顺长城中证港股通科技ETF,指数型-股票,2025-03-12,0.739,0.739,1.32,12.64,31.82,72.87,73.19,53.51,52.4,34.51,-26.1,2021-06-21
7,513860,海富通中证港股通科技ETF,指数型-股票,2025-03-12,0.7403,0.7403,1.34,12.73,31.91,72.68,73.01,54.33,52.39,34.36,-25.97,2021-06-17
8,159751,鹏华中证港股通科技ETF,指数型-股票,2025-03-12,1.0711,1.0711,1.3,12.22,31.25,71.43,72.37,54.05,51.5,33.2,7.11,2021-12-10
9,513050,易方达中概互联50ETF,指数型-海外股票,2025-03-11,1.503,1.503,5.73,16.39,26.6,52.93,71.69,57.18,71.09,29.75,50.3,2017-01-04
10,159792,富国中证港股通互联网ETF,指数型-股票,2025-03-12,0.9171,0.9171,1.04,12.92,26.85,69.46,71.68,45.94,50.79,32.13,-8.29,2021-09-15
11,513770,华宝中证港股通互联网ETF,指数型-股票,2025-03-12,1.1224,1.1224,1.06,12.74,26.44,69.21,71.1,44.66,49.12,31.74,12.24,2022-02-09
12,513040,易方达中证港股通互联网ETF,指数型-股票,2025-03-12,1.4822,1.4822,1.05,12.87,26.45,67.71,70.07,,,31.87,48.22,2023-05-31
13,159568,博时港股通互联网ETF,指数型-股票,2025-03-12,1.7943,1.7943,1.04,12.76,25.94,66.56,68.97,,,31.25,79.41,2024-02-08
14,513220,招商中证全球中国互联网ETF(QDII),指数型-海外股票,2025-03-11,1.3485,1.3485,5.59,12.83,21.0,57.76,66.19,53.45,,25.72,34.85,2022-07-04
15,517050,华泰柏瑞中证沪港深互联网ETF,指数型-股票,2025-03-12,0.8858,0.8858,2.04,8.25,17.98,81.55,65.26,45.45,56.45,25.59,-11.42,2021-01-25
16,159607,嘉实中证海外中国互联网30ETF(QDII),指数型-海外股票,2025-03-11,1.1478,1.1478,6.02,13.97,23.53,54.79,64.8,53.98,79.34,28.03,14.78,2021-11-24
17,588200,嘉实上证科创板芯片ETF,指数型-股票,2025-03-12,1.6694,1.6694,0.97,6.96,13.34,93.15,64.34,44.66,,14.0,67.34,2022-09-30
18,159605,广发海外中国互联网30(QDII-ETF),指数型-海外股票,2025-03-11,1.1521,1.1521,5.83,13.86,23.25,54.04,64.28,54.58,81.78,27.87,15.21,2021-11-24
19,159856,工银瑞信中证沪港深互联网ETF,指数型-股票,2025-03-12,0.7903,0.7903,2.08,8.48,18.06,82.05,64.17,41.58,50.99,25.94,-20.97,2021-01-22
20,588290,华安上证科创板芯片ETF,指数型-股票,2025-03-12,1.6287,1.6287,0.99,6.99,13.3,92.7,64.1,43.7,,14.09,62.87,2022-09-30
21,513180,华夏恒生科技ETF(QDII),指数型-海外股票,2025-03-12,0.7969,0.7969,1.55,10.99,26.81,69.63,64.07,60.28,54.17,30.36,-20.31,2021-05-18
22,513890,摩根恒生科技ETF(QDII),指数型-海外股票,2025-03-12,1.1927,1.1927,1.55,10.7,26.27,70.26,64.01,63.47,59.18,29.85,19.23,2021-12-17
23,513380,广发恒生科技(QDII-ETF),指数型-海外股票,2025-03-12,0.725,1.45,1.44,10.97,26.86,69.31,63.55,58.23,,30.55,45.0,2022-04-27
24,159742,博时恒生科技ETF(QDII),指数型-海外股票,2025-03-12,0.8043,0.8043,1.62,11.06,26.54,68.79,63.34,59.3,54.67,30.1,-19.57,2021-05-17
25,513010,易方达恒生科技(QDII-ETF),指数型-海外股票,2025-03-12,0.8117,0.8117,1.55,11.02,26.75,69.07,63.19,60.32,57.03,30.31,-18.83,2021-05-18
26,159741,嘉实恒生科技ETF(QDII),指数型-海外股票,2025-03-12,0.7879,0.7879,1.3,10.8,26.84,69.04,62.99,58.95,54.4,30.3,-21.21,2021-05-26
27,159750,招商中证香港科技ETF(QDII),指数型-海外股票,2025-03-12,1.0508,1.0508,0.95,10.79,27.46,61.39,62.99,42.42,36.33,30.99,5.08,2022-01-26
28,513130,华泰柏瑞南方东英恒生科技(QDII-ETF),指数型-海外股票,2025-03-12,0.785,0.785,1.32,10.89,26.47,68.89,62.8,58.39,51.72,29.77,-21.5,2021-05-24
29,159740,大成恒生科技ETF(QDII),指数型-海外股票,2025-03-12,0.783,0.783,1.29,10.44,26.41,68.42,62.55,57.55,51.51,29.85,-21.7,2021-05-18
30,159747,南方中证香港科技ETF(QDII),指数型-海外股票,2025-03-12,1.4397,0.7199,0.97,10.95,26.81,60.88,62.27,44.4,40.46,30.45,-28.02,2021-07-02
31,517200,嘉实中证沪港深互联网ETF,指数型-股票,2025-03-12,0.8005,0.8005,2.05,8.32,17.65,80.66,62.14,39.95,49.32,25.51,-19.95,2021-01-25
32,513580,华安恒生科技(QDII-ETF),指数型-海外股票,2025-03-12,0.7893,0.7893,1.44,10.81,26.19,68.69,61.87,57.26,52.97,29.78,-21.07,2021-05-20
33,513320,易方达恒生港股通新经济ETF,指数型-股票,2025-03-12,1.3642,1.3642,0.35,10.96,27.01,62.91,61.75,46.09,36.5,29.57,36.42,2022-03-03
34,513090,易方达中证香港证券投资ETF,指数型-股票,2025-03-12,1.6129,1.6129,0.52,4.47,1.15,79.03,61.71,51.6,48.79,8.37,61.24,2020-03-13
35,159851,华宝中证金融科技主题ETF,指数型-股票,2025-03-12,1.5738,1.5738,1.59,-1.16,-4.47,110.29,61.4,40.76,41.86,9.95,57.38,2021-03-04
36,516860,博时金融科技ETF,指数型-股票,2025-03-12,1.3455,1.3455,1.53,-1.13,-4.3,110.96,61.16,37.97,37.34,10.02,34.54,2021-09-24
37,513070,易方达中证港股通消费主题ETF,指数型-股票,2025-03-12,1.3879,1.3879,1.56,13.35,22.08,60.6,60.75,44.65,,26.74,38.79,2022-03-14
38,513230,华夏中证港股通消费主题ETF,指数型-股票,2025-03-12,1.1008,1.1008,1.55,13.32,21.74,60.42,60.28,43.45,42.59,26.69,10.08,2022-01-12
39,513260,汇添富恒生科技ETF(QDII),指数型-海外股票,2025-03-13,1.4896,1.4896,-5.32,10.0,27.83,66.68,60.1,54.22,,27.96,48.96,2022-08-31
40,516100,华夏中证金融科技主题ETF,指数型-股票,2025-03-12,1.2817,1.2817,1.59,-1.19,-4.07,109.19,60.01,37.82,39.42,10.41,28.17,2021-07-13
41,159546,国泰中证全指集成电路ETF,指数型-股票,2025-03-12,1.4518,1.4518,-0.1,3.1,15.56,89.75,59.21,,,13.65,45.18,2023-10-11
42,159729,汇添富中证沪港深互联网ETF,指数型-股票,2025-03-13,0.9211,0.9211,-5.57,6.83,18.76,78.4,58.84,34.57,47.19,23.49,-7.89,2021-07-08
43,159735,银华中证港股通消费主题ETF,指数型-股票,2025-03-12,0.8552,0.8552,1.44,13.08,21.67,57.87,57.87,39.17,37.8,26.23,-14.48,2021-05-25
44,159954,南方恒生中国企业ETF,指数型-股票,2025-03-12,0.9997,0.9997,0.68,8.85,19.13,45.94,57.63,48.02,50.04,19.7,-0.03,2018-02-08
45,513590,鹏华中证港股通消费主题ETF,指数型-股票,2025-03-12,0.9744,0.9744,1.04,12.37,20.44,56.71,56.5,40.14,44.29,24.78,-2.56,2021-08-03
46,513330,华夏恒生互联网科技业ETF(QDII),指数型-海外股票,2025-03-12,0.536,0.536,3.57,11.37,21.05,55.72,54.73,31.28,23.39,28.82,-46.4,2021-01-26
47,517390,天弘中证沪港深云计算产业ETF,指数型-股票,2025-03-12,1.2522,1.2522,2.11,4.63,19.12,84.69,53.53,41.62,55.01,25.0,25.22,2021-12-10
48,159738,华泰柏瑞中证沪港深云计算产业ETF,指数型-股票,2025-03-12,1.3262,1.3262,2.09,4.64,18.89,81.6,52.24,41.57,55.44,24.62,32.62,2022-01-18
49,510900,易方达恒生国企ETF,指数型-海外股票,2025-03-12,1.1231,1.1731,0.56,7.92,18.05,45.8,52.2,46.33,49.29,19.0,17.2,2012-08-09
50,159850,华夏恒生中国企业ETF(QDII),指数型-海外股票,2025-03-12,0.883,0.883,0.5,7.91,18.11,45.78,52.08,45.66,47.61,19.05,-11.7,2021-02-01
51,159688,华安恒生互联网科技业ETF(QDII),指数型-海外股票,2025-03-12,1.0924,1.0924,3.47,11.04,20.87,56.08,52.04,29.91,,28.41,9.24,2023-01-17
52,159665,工银瑞信国证半导体芯片ETF,指数型-股票,2025-03-12,1.3695,1.3695,0.45,2.22,11.82,76.21,50.64,32.31,,9.8,36.95,2022-12-22
53,512480,国联安中证半导体ETF,指数型-股票,2025-03-12,1.1281,2.2562,0.02,2.91,11.3,77.49,50.41,28.69,0.98,11.88,125.62,2019-05-08
54,588100,嘉实上证科创板新一代信息技术ETF,指数型-股票,2025-03-12,1.4661,1.4661,1.12,4.71,11.8,79.89,50.29,40.43,,13.11,46.61,2022-05-18
55,588260,华安上证科创板新一代信息技术ETF,指数型-股票,2025-03-12,1.454,1.454,1.15,4.73,11.81,79.35,50.11,39.13,,13.01,45.4,2022-05-18
56,159788,易方达中证港股通中国100ETF,指数型-股票,2025-03-12,1.2788,1.2788,0.8,8.73,18.16,45.32,49.62,40.82,43.33,19.41,27.88,2022-02-22
57,159960,平安港股通恒生中国企业ETF,指数型-股票,2025-03-12,0.8884,1.0499,0.52,7.63,16.09,42.81,49.58,44.75,51.05,16.39,9.17,2018-09-21
58,516350,易方达中证芯片产业ETF,指数型-股票,2025-03-12,0.9171,0.9171,0.11,2.85,12.29,75.32,49.51,32.64,4.09,11.27,-8.29,2021-12-15
59,517350,广发中证沪港深科技龙头ETF,指数型-股票,2025-03-12,0.8168,0.8168,-0.17,6.12,19.33,54.32,49.0,34.56,24.17,20.76,-18.32,2021-05-20
60,159801,广发国证半导体芯片ETF,指数型-股票,2025-03-12,0.6669,1.3338,0.36,2.08,11.35,74.4,48.53,29.5,-4.89,9.33,33.38,2020-01-20
61,159995,华夏国证半导体芯片ETF,指数型-股票,2025-03-12,1.3406,1.3406,0.4,2.15,11.37,74.6,48.41,29.28,-4.77,9.39,34.06,2020-01-20
62,159813,鹏华国证半导体芯片ETF,指数型-股票,2025-03-12,0.8598,1.2897,0.35,2.08,11.29,74.26,48.32,28.94,-4.69,9.31,28.97,2020-04-17
63,516640,富国中证芯片产业ETF,指数型-股票,2025-03-12,0.8243,0.8243,0.1,2.78,12.24,74.97,47.94,28.46,1.07,11.2,-17.57,2021-08-19
64,513190,华夏中证港股通内地金融ETF,指数型-股票,2025-03-12,1.4616,1.4616,0.24,3.52,9.51,40.23,47.83,,,7.84,46.16,2023-09-25
65,159560,景顺长城中证芯片产业ETF,指数型-股票,2025-03-12,1.2889,1.2889,0.07,2.77,12.21,74.48,47.79,,,11.28,28.86,2023-11-09
66,516920,汇添富中证芯片产业ETF,指数型-股票,2025-03-12,0.8035,0.8035,0.09,2.8,12.06,74.6,47.78,28.25,0.12,11.23,-19.65,2021-07-27
67,517360,华安中证沪港深科技100ETF,指数型-股票,2025-03-12,1.0663,1.0663,1.71,10.17,18.97,52.9,47.67,35.51,42.02,22.39,6.63,2021-06-18
68,513600,南方恒指ETF,指数型-海外股票,2025-03-12,2.7093,1.4285,0.42,9.1,16.84,39.35,47.3,33.54,41.84,18.52,43.47,2014-12-23
69,560660,新华中证云计算50ETF,指数型-股票,2025-03-12,1.2823,1.2823,1.85,2.59,14.0,82.59,47.02,42.3,58.66,20.56,28.23,2021-08-05
70,512760,国泰CES半导体芯片ETF,指数型-股票,2025-03-12,1.2509,2.5018,0.27,3.24,11.95,74.27,46.99,25.77,-3.64,11.4,150.18,2019-05-16
71,513550,华泰柏瑞中证港股通50ETF,指数型-股票,2025-03-12,1.0643,1.0643,-0.07,9.0,17.69,40.63,46.62,36.15,43.24,18.89,6.43,2020-12-30
72,159723,汇添富中证沪港深科技龙头ETF,指数型-股票,2025-03-13,0.9295,0.9295,-5.21,5.9,19.87,51.38,46.52,30.88,22.79,18.76,-7.05,2021-09-27
73,513660,华夏沪港通恒生ETF,指数型-股票,2025-03-12,2.9027,1.507,0.27,8.75,16.85,40.36,46.32,36.28,44.74,18.19,50.7,2014-12-23
74,517800,方正富邦沪港深人工智能50ETF,指数型-股票,2025-03-12,0.838,0.838,1.65,4.48,13.06,66.87,46.07,20.47,15.81,16.15,-16.2,2021-08-04
75,159711,华夏中证港股通50ETF,指数型-股票,2025-03-12,1.2672,1.2672,-0.03,8.89,17.43,40.29,46.04,35.82,44.25,18.77,26.72,2021-12-16
76,159540,易方达国证信息技术创新主题ETF,指数型-股票,2025-03-12,1.3595,1.3595,1.39,3.21,14.08,81.32,45.82,,,14.99,35.95,2023-09-20
77,513990,招商上证港股通ETF,指数型-股票,2025-03-12,1.0781,1.0781,0.43,9.41,17.54,37.88,45.18,31.94,39.52,19.17,7.81,2020-08-03
78,159793,平安中证沪港深线上消费主题ETF,指数型-股票,2025-03-12,0.9923,0.9923,2.33,8.38,13.51,62.73,45.18,30.21,32.43,24.36,-0.77,2021-11-09
79,159537,国泰国证信息技术创新主题ETF,指数型-股票,2025-03-12,1.3338,1.3338,1.33,3.13,13.54,80.02,44.59,,,14.42,33.38,2023-09-20
80,561980,招商中证半导体产业ETF,指数型-股票,2025-03-12,1.3794,1.3794,0.13,3.33,6.54,62.09,44.3,,,10.33,37.94,2023-08-21
81,159920,华夏恒生ETF(QDII),指数型-海外股票,2025-03-12,1.4499,1.5259,0.23,8.45,15.86,38.65,44.28,33.07,37.95,17.68,52.49,2012-08-09
82,159538,富国国证信息技术创新主题ETF,指数型-股票,2025-03-12,1.3498,1.3498,1.34,3.07,13.26,80.09,44.22,,,14.29,34.85,2023-09-14
83,159712,国泰中证港股通50ETF,指数型-股票,2025-03-12,1.1787,1.1787,-0.11,8.29,16.4,38.83,43.88,33.7,41.74,17.48,17.87,2021-10-27
84,159539,广发国证信息技术创新主题ETF,指数型-股票,2025-03-12,1.3191,1.3191,1.33,3.06,13.25,79.42,43.6,,,14.29,31.91,2023-09-20
85,560800,鹏扬中证数字经济主题ETF,指数型-股票,2025-03-12,0.8509,0.8509,1.01,1.64,8.49,79.06,42.1,19.31,5.34,10.62,-14.91,2021-12-22
86,159739,鹏华中证云计算与大数据主题ETF,指数型-股票,2025-03-12,1.2651,1.2651,1.45,2.62,12.47,81.35,41.97,33.17,50.21,19.79,26.51,2021-11-03
87,561100,富国中证消费电子主题ETF,指数型-股票,2025-03-12,0.956,0.956,-0.56,-0.76,8.96,54.14,41.78,36.09,8.43,8.3,-4.3,2022-01-20
88,562950,易方达中证消费电子主题ETF,指数型-股票,2025-03-12,0.9048,0.9048,-0.56,-0.7,9.28,54.38,41.53,34.46,8.19,8.58,-9.52,2022-01-12
89,159890,招商中证云计算ETF,指数型-股票,2025-03-12,1.3347,1.3347,1.4,2.59,12.71,80.58,41.31,32.16,50.8,19.95,33.47,2021-03-25
90,516000,华夏中证大数据产业ETF,指数型-股票,2025-03-12,1.1057,1.1057,1.81,5.52,17.17,90.61,41.02,13.22,23.92,23.16,10.57,2021-02-09
91,516510,易方达中证云计算ETF,指数型-股票,2025-03-12,1.3201,1.3201,1.44,2.63,12.34,80.91,40.87,33.4,51.75,19.82,32.01,2021-03-29
92,159586,南方中证全指计算机ETF,指数型-股票,2025-03-12,1.4068,1.4068,2.05,1.31,6.4,88.45,40.64,,,22.3,40.68,2024-03-07
93,159573,华夏创业板中盘200ETF,指数型-股票,2025-03-12,1.3003,1.3003,2.77,5.91,2.79,72.2,40.56,,,15.91,30.03,2023-12-15
94,159658,华安中证数字经济主题ETF,指数型-股票,2025-03-12,1.3359,1.3359,0.95,1.54,8.17,77.36,40.47,17.63,,10.25,33.59,2022-09-27
95,159572,易方达创业板中盘200ETF,指数型-股票,2025-03-12,1.3008,1.3008,2.75,5.88,2.55,71.11,40.11,,,15.67,30.08,2023-12-15
96,516630,华夏中证云计算ETF,指数型-股票,2025-03-12,1.2788,1.2788,1.47,2.65,12.34,80.44,39.94,30.61,48.97,19.78,27.88,2021-08-24
97,517900,招商中证银行AH价格优选ETF,指数型-股票,2025-03-12,1.3875,1.3875,0.02,2.47,10.36,34.81,39.83,46.59,,6.5,38.75,2022-03-15
98,159527,广发中证云计算与大数据ETF,指数型-股票,2025-03-12,1.674,1.674,1.35,2.52,12.01,79.48,39.73,,,19.48,67.4,2024-01-22
99,561310,国泰中证消费电子主题ETF,指数型-股票,2025-03-12,0.8653,0.8653,-0.69,-0.93,8.8,52.15,39.52,33.97,7.58,8.07,-13.47,2021-11-10
100,563010,易方达中证电信主题ETF,指数型-股票,2025-03-12,1.3464,1.3464,0.31,0.35,4.14,50.67,39.48,,,4.17,34.64,2023-07-05
101,562660,华夏中证2000ETF,指数型-股票,2025-03-12,1.2854,1.2854,3.44,5.88,2.81,57.33,39.41,,,13.83,28.54,2023-09-06
102,513140,华泰柏瑞中证香港300金融服务ETF(QDII),指数型-海外股票,2025-03-12,1.3025,1.3025,-0.2,5.71,10.87,33.07,39.23,33.82,,10.33,30.25,2022-12-26
103,560300,汇添富中证电信主题ETF,指数型-股票,2025-03-12,1.4479,1.4479,0.3,0.33,4.09,50.24,39.06,,,4.14,44.79,2023-12-05
104,159786,银华中证虚拟现实主题ETF,指数型-股票,2025-03-12,0.9699,0.9699,0.13,-1.01,8.66,54.79,39.03,35.14,14.96,13.57,-3.01,2021-07-29
105,159779,招商中证消费电子主题ETF,指数型-股票,2025-03-12,0.841,0.841,-0.67,-0.79,8.66,51.53,39.01,32.21,5.72,8.01,-15.9,2021-11-18
106,159571,富国创业板中盘200ETF,指数型-股票,2025-03-12,1.324,1.324,2.76,5.89,2.92,71.46,38.97,,,15.9,32.4,2023-12-20
107,516520,华泰柏瑞中证智能汽车主题ETF,指数型-股票,2025-03-12,1.1883,1.1883,-0.11,-0.71,10.97,55.68,38.46,34.35,21.73,16.01,18.83,2021-02-09
108,513900,华安CES港股通ETF,指数型-股票,2025-03-12,1.0002,1.0002,0.41,10.8,17.0,39.13,38.42,21.22,23.44,20.14,0.02,2018-04-27
109,517660,天弘中证沪港深物联网主题ETF,指数型-股票,2025-03-12,1.0479,1.0479,-0.11,4.45,15.29,51.17,38.35,36.23,28.09,14.67,4.79,2021-10-12
110,513750,广发中证港股通非银ETF,指数型-股票,2025-03-12,1.2596,1.2596,2.2,5.88,3.59,40.86,38.25,,,7.69,25.93,2023-11-10
111,515400,富国中证大数据产业ETF,指数型-股票,2025-03-12,1.0259,1.0259,1.81,5.45,16.57,87.58,38.17,11.62,21.38,22.58,2.59,2021-01-07
112,588460,鹏华上证科创板50成份增强策略ETF,指数型-股票,2025-03-12,1.2242,1.2242,0.43,3.22,8.87,65.12,38.06,16.28,,9.5,22.42,2022-12-01
113,159899,招商中证全指软件ETF,指数型-股票,2025-03-12,0.9219,0.9219,1.47,-0.58,6.11,87.87,37.78,4.16,15.22,19.68,-7.82,2021-06-18
114,159732,华夏国证消费电子主题ETF,指数型-股票,2025-03-12,0.8802,0.8802,-0.65,-3.06,8.37,46.55,37.66,32.78,5.96,9.36,-11.98,2021-08-12
115,516700,华宝大数据ETF,指数型-股票,2025-03-12,1.0778,1.0778,1.84,5.49,16.61,85.92,37.46,10.5,19.08,22.38,7.78,2021-05-11
116,561600,平安中证消费电子主题ETF,指数型-股票,2025-03-12,0.8952,0.8952,-0.59,-0.76,8.31,49.92,37.43,29.01,2.79,7.75,-10.48,2021-08-30
117,159555,银华中证2000增强策略ETF,指数型-股票,2025-03-12,1.2508,1.2508,3.39,6.01,3.93,60.42,37.27,,,14.49,25.08,2023-12-01
118,512330,南方中证500信息技术ETF,指数型-股票,2025-03-12,1.1106,1.1106,0.37,3.63,9.4,66.78,36.99,17.4,13.27,16.24,11.06,2015-06-29
119,159575,银华创业板中盘200ETF,指数型-股票,2025-03-12,1.2969,1.2969,2.56,5.47,2.63,68.45,36.92,,,14.89,29.69,2023-12-20
120,159939,广发中证全指信息技术ETF,指数型-股票,2025-03-12,0.6962,1.3924,0.64,0.65,8.31,62.36,36.78,22.85,11.3,11.07,39.24,2015-01-08
121,515260,华宝中证电子50ETF,指数型-股票,2025-03-12,0.9603,0.9603,0.4,-0.79,7.22,52.62,36.64,33.69,7.89,6.32,-4.0,2020-07-17
122,513810,华夏中证香港内地国有企业ETF(QDII),指数型-海外股票,2025-03-12,1.4349,1.4349,0.19,3.5,11.02,31.37,35.85,,,8.27,43.49,2023-08-21
123,562030,华宝中证信息技术应用创新产业ETF,指数型-股票,2025-03-12,1.1446,1.1446,1.87,4.19,13.77,85.48,35.84,,,24.12,14.46,2023-09-26
124,159997,天弘中证电子ETF,指数型-股票,2025-03-12,1.2133,1.2133,0.54,0.36,8.4,55.49,35.78,30.87,8.53,8.79,21.33,2020-02-27
125,515250,富国中证智能汽车主题ETF,指数型-股票,2025-03-12,1.0776,1.0776,-0.12,-0.79,10.58,54.19,35.75,29.97,15.24,15.65,7.76,2020-12-24
126,588020,易方达上证科创板成长ETF,指数型-股票,2025-03-12,1.2304,1.2304,0.39,4.0,10.11,63.07,35.67,,,12.98,23.04,2023-08-23
127,561010,华安中证全指软件开发ETF,指数型-股票,2025-03-12,1.1892,1.1892,1.4,-0.26,3.16,82.03,35.55,,,18.59,18.92,2023-11-21
128,159888,华夏中证智能汽车主题ETF,指数型-股票,2025-03-12,1.2009,1.2009,-0.14,-0.86,10.26,53.31,35.45,30.35,15.48,15.4,20.09,2021-05-13
129,516800,华宝中证智能制造ETF,指数型-股票,2025-03-13,1.2203,1.2203,-4.35,3.61,11.74,66.0,35.29,20.91,14.25,10.71,22.03,2021-01-29
130,159795,汇添富中证智能汽车主题ETF,指数型-股票,2025-03-12,1.0238,1.0238,-0.14,-0.81,10.26,53.38,35.01,28.3,14.67,15.44,2.38,2022-01-27
131,513910,华夏中证港股通央企红利ETF,指数型-股票,2025-03-12,1.345,1.345,0.76,2.59,3.24,31.64,34.93,,,1.6,34.5,2024-02-07
132,159519,国泰中证香港内地国有企业ETF(QDII),指数型-海外股票,2025-03-12,1.4486,1.4486,0.19,3.22,10.77,30.45,34.92,,,7.78,44.86,2023-08-23
133,515230,国泰中证全指软件ETF,指数型-股票,2025-03-12,0.9316,0.9316,1.43,-0.64,5.5,85.61,34.82,-0.24,9.87,19.07,-6.84,2021-02-03
134,159819,易方达中证人工智能主题ETF,指数型-股票,2025-03-12,1.0408,1.0408,1.12,2.27,11.39,67.6,34.75,29.52,18.0,14.59,4.08,2020-07-27
135,515320,华安中证电子50ETF,指数型-股票,2025-03-12,0.8914,0.8914,0.35,-0.83,6.72,51.03,34.63,28.59,3.05,6.01,-10.86,2020-11-25
136,515980,华富中证人工智能产业ETF,指数型-股票,2025-03-12,1.1184,1.1184,0.9,2.17,11.37,67.75,34.6,25.11,15.14,15.32,11.84,2019-12-24
137,515070,华夏中证人工智能主题ETF,指数型-股票,2025-03-12,1.3254,1.3254,1.11,2.25,11.28,67.35,34.42,29.08,17.31,14.54,32.54,2019-12-09
138,159889,国泰中证智能汽车主题ETF,指数型-股票,2025-03-12,1.0357,1.0357,-0.14,-0.86,10.13,52.92,34.33,27.47,13.79,15.31,3.57,2021-09-01
139,588000,华夏上证科创板50成份ETF,指数型-股票,2025-03-12,1.15,0.7987,0.72,4.61,8.17,66.59,34.28,11.13,-4.92,10.27,-20.13,2020-09-28
140,512220,景顺中证科技传媒通信150ETF,指数型-股票,2025-03-12,1.8595,1.8595,0.36,0.09,9.39,54.93,33.97,27.42,19.24,10.21,85.95,2014-07-18
141,588110,广发上证科创板成长ETF,指数型-股票,2025-03-12,1.2051,1.2051,0.4,3.93,9.94,61.43,33.93,,,12.91,20.51,2023-08-23
142,588370,南方上证科创板50成份增强策略ETF,指数型-股票,2025-03-12,1.078,1.078,0.84,4.02,7.7,63.68,33.88,9.11,,10.85,7.8,2022-12-01
143,159934,易方达黄金ETF,指数型-其他,2025-03-12,6.4612,2.6322,-0.33,-0.16,7.89,17.82,33.77,60.97,65.66,10.38,163.2,2013-11-29
144,159770,天弘中证机器人ETF,指数型-股票,2025-03-12,1.0211,1.0211,1.86,7.79,15.37,78.05,33.77,27.21,24.95,27.0,2.11,2021-10-26
145,518850,华夏黄金ETF,指数型-其他,2025-03-12,6.554,1.6872,-0.32,-0.13,7.97,17.93,33.71,60.43,64.7,10.45,68.72,2020-04-13
146,588080,易方达上证科创板50成份ETF,指数型-股票,2025-03-12,1.1185,0.7837,0.76,4.88,8.05,65.56,33.65,10.16,-6.42,10.39,-21.63,2020-09-28
147,518800,国泰黄金ETF,指数型-其他,2025-03-12,6.447,2.4388,-0.32,-0.17,7.86,17.76,33.64,60.83,65.52,10.36,143.88,2013-07-18
148,512930,平安人工智能ETF,指数型-股票,2025-03-12,1.4862,1.6902,1.12,2.24,11.33,66.24,33.64,28.39,17.14,14.52,72.16,2019-07-12
149,518680,富国上海金ETF,指数型-其他,2025-03-12,6.5102,1.6255,-0.32,-0.15,7.94,18.02,33.62,60.65,64.24,10.19,62.55,2020-07-06
150,518880,华安黄金易ETF,指数型-其他,2025-03-12,6.525,2.4639,-0.33,-0.17,7.86,17.75,33.6,60.89,65.76,10.36,146.39,2013-07-18
151,159937,博时黄金ETF,指数型-其他,2025-03-12,6.5153,2.5583,-0.33,-0.17,7.81,17.7,33.59,60.74,65.56,10.31,155.83,2014-08-13
152,518660,工银瑞信黄金ETF,指数型-其他,2025-03-12,6.5107,1.6873,-0.32,-0.14,7.96,17.87,33.55,59.93,64.0,10.44,68.68,2020-04-24
153,588180,国联安上证科创板50成份ETF,指数型-股票,2025-03-12,0.7055,0.7055,0.83,4.91,7.94,65.18,33.52,10.3,-5.71,10.41,-29.45,2021-06-24
154,588060,广发上证科创板50成份ETF,指数型-股票,2025-03-12,0.6961,0.6961,0.81,4.91,7.92,65.11,33.51,9.9,-7.11,10.39,-30.39,2021-07-15
155,588150,南方上证科创板50ETF,指数型-股票,2025-03-12,0.7657,0.7657,0.83,4.93,8.09,65.74,33.49,9.56,-6.06,10.55,-23.43,2021-12-10
156,159685,天弘中证1000增强ETF,指数型-股票,2025-03-12,1.0848,1.0848,2.77,4.62,4.04,53.83,33.48,,,11.25,8.48,2023-03-15
157,159852,嘉实中证软件服务ETF,指数型-股票,2025-03-12,0.9215,0.9215,1.04,-0.17,7.38,87.91,33.42,-2.84,7.55,19.64,-7.85,2021-01-29
158,159830,天弘上海金ETF,指数型-其他,2025-03-12,6.7881,1.6903,-0.32,-0.16,7.92,18.06,33.37,58.81,61.09,10.18,69.03,2021-07-06
159,518860,建信上海金ETF,指数型-其他,2025-03-12,6.5427,1.5547,-0.32,-0.18,7.85,17.88,33.36,59.98,64.22,10.13,55.47,2020-08-05
160,159812,前海开源黄金ETF,指数型-其他,2025-03-12,6.5047,1.6738,-0.32,-0.17,7.82,17.68,33.35,59.75,63.81,10.32,67.38,2020-04-29
161,159834,金ETF,指数型-其他,2025-03-12,6.807,1.6618,-0.32,-0.18,7.82,17.83,33.35,60.04,66.7,10.09,66.18,2022-03-03
162,588090,华泰柏瑞上证科创板50成份ETF,指数型-股票,2025-03-12,1.1255,0.7859,0.82,4.89,7.89,65.2,33.34,9.84,-6.61,10.36,-21.41,2020-09-28
163,588050,工银上证科创50成份ETF,指数型-股票,2025-03-12,1.1227,0.7824,0.81,4.87,7.96,64.98,33.32,10.03,-6.29,10.35,-21.76,2020-09-28
164,518890,中银上海金ETF,指数型-其他,2025-03-12,6.5449,1.5749,-0.32,-0.2,7.82,17.83,33.26,59.5,63.41,10.09,57.36,2020-08-28
165,588280,华安上证科创板50ETF,指数型-股票,2025-03-12,0.7883,0.7883,0.81,4.91,7.96,64.81,33.25,9.76,-7.24,10.38,-21.17,2021-10-12
166,513920,华安恒生港股通中国央企红利ETF,指数型-股票,2025-03-12,1.3855,1.4025,1.17,3.93,5.75,29.35,33.21,,,4.13,40.39,2023-12-20
167,159831,嘉实上海金ETF,指数型-其他,2025-03-12,6.5965,1.6592,-0.32,-0.19,7.73,17.73,33.18,59.42,,10.08,65.92,2022-03-23
168,518600,广发上海金ETF,指数型-其他,2025-03-12,6.4258,1.5739,-0.32,-0.19,7.81,17.83,33.14,58.51,61.93,10.1,57.39,2020-07-08
169,562930,易方达中证软件服务ETF,指数型-股票,2025-03-12,0.9329,0.9329,1.06,-0.15,7.24,85.98,33.04,,,19.31,-6.71,2023-05-22
170,159532,易方达中证2000ETF,指数型-股票,2025-03-12,1.2328,1.2328,2.99,5.63,1.54,56.27,32.79,,,13.53,23.28,2023-09-13
171,562500,华夏中证机器人ETF,指数型-股票,2025-03-12,0.9869,0.9869,1.87,7.83,15.37,76.83,32.45,25.56,23.7,27.0,-1.33,2021-12-17
172,159680,招商中证1000增强策略ETF,指数型-股票,2025-03-12,1.2458,1.2458,2.53,4.22,2.17,53.52,32.33,18.24,,11.3,24.57,2022-11-18
173,159530,易方达国证机器人产业ETF,指数型-股票,2025-03-12,1.4515,1.4515,2.32,8.41,16.01,77.01,31.82,,,25.12,45.15,2024-01-10
174,515920,博时智能消费ETF,指数型-股票,2025-03-12,0.929,0.929,0.47,-0.83,6.86,47.04,31.7,27.87,17.55,7.64,-7.1,2020-12-30
175,159551,国泰中证机器人ETF,指数型-股票,2025-03-12,1.2748,1.2748,1.89,7.73,15.0,74.82,31.68,,,26.41,27.48,2023-11-08
176,159667,国泰中证机床ETF,指数型-股票,2025-03-12,1.2083,1.2083,3.47,9.54,12.46,63.35,31.24,24.85,,19.88,20.83,2022-10-12
177,159559,景顺长城国证机器人产业ETF,指数型-股票,2025-03-12,1.3133,1.3133,2.27,8.37,15.95,77.14,31.17,,,24.99,31.33,2023-11-30
178,562360,银华中证机器人ETF,指数型-股票,2025-03-12,1.0703,1.0703,1.84,7.78,15.07,74.89,31.16,22.59,20.37,26.62,7.03,2021-09-22
179,512720,国泰中证计算机ETF,指数型-股票,2025-03-12,1.2197,1.3157,1.68,1.68,9.1,79.76,31.09,8.92,13.87,16.39,34.25,2019-07-11
180,516310,易方达中证银行ETF,指数型-股票,2025-03-12,1.2254,1.2254,-0.84,-0.28,3.72,25.63,30.93,45.12,37.3,0.93,22.54,2021-05-20
181,159998,天弘中证计算机ETF,指数型-股票,2025-03-12,1.0233,1.0233,1.68,1.67,9.02,79.65,30.89,8.94,13.32,16.31,2.32,2020-03-20
182,560280,广发中证工程机械主题ETF,指数型-股票,2025-03-12,1.4015,1.4015,1.28,12.72,13.97,42.54,30.87,,,18.58,40.15,2023-10-18
183,563200,富国中证2000ETF,指数型-股票,2025-03-12,1.187,1.187,3.19,5.72,1.51,52.51,30.83,,,13.87,18.64,2023-09-28
184,562920,易方达中证信息安全主题ETF,指数型-股票,2025-03-12,1.0629,1.0629,2.11,3.45,8.24,73.85,30.45,,,17.66,6.29,2023-05-31
185,159613,嘉实中证信息安全主题ETF,指数型-股票,2025-03-12,1.0009,1.0009,2.12,3.52,8.44,74.59,30.27,10.77,14.4,17.85,0.09,2022-01-19
186,512820,汇添富中证银行ETF,指数型-股票,2025-03-12,1.3128,1.5088,-0.87,-0.33,3.52,25.35,30.23,42.77,33.16,0.81,51.94,2018-10-23
187,159811,博时中证5G产业50ETF,指数型-股票,2025-03-12,1.3195,1.3195,-0.02,-2.14,9.22,42.48,30.23,37.25,28.61,5.82,32.02,2020-03-27
188,515290,天弘中证银行ETF,指数型-股票,2025-03-12,1.335,1.335,-0.86,-0.32,3.64,25.38,30.18,43.15,33.89,0.85,33.5,2020-12-11
189,159536,汇添富中证2000ETF,指数型-股票,2025-03-12,1.1805,1.1805,3.44,6.5,2.44,59.16,30.07,,,14.36,18.05,2023-09-13
190,515020,华夏中证银行ETF,指数型-股票,2025-03-12,1.5797,1.5797,-0.86,-0.31,3.63,25.21,30.05,44.08,35.75,0.84,57.97,2019-10-24
191,159715,易方达中证稀土产业ETF,指数型-股票,2025-03-12,0.7547,0.7547,4.07,4.91,5.08,48.71,29.96,3.94,-4.19,13.56,-24.53,2021-09-01
192,512700,南方中证银行ETF,指数型-股票,2025-03-12,1.5079,1.6749,-0.87,-0.33,3.59,25.23,29.93,42.69,33.5,0.82,74.94,2017-06-28
193,512800,华宝中证银行ETF,指数型-股票,2025-03-12,1.4957,1.4957,-0.88,-0.37,3.52,24.89,29.72,42.38,32.9,0.75,48.89,2017-07-18
194,159663,华夏中证机床ETF,指数型-股票,2025-03-12,1.2018,1.2018,3.43,9.58,12.01,61.55,29.67,21.84,,19.55,20.18,2022-10-12
195,560220,广发中证2000ETF,指数型-股票,2025-03-12,1.2076,1.2076,2.66,4.57,1.49,55.98,29.67,,,13.28,20.75,2023-09-08
196,159679,国泰中证1000增强策略ETF,指数型-股票,2025-03-12,1.0673,1.0673,3.2,5.12,3.25,48.79,29.53,9.15,,11.61,6.73,2023-02-09
197,510650,上证金融地产发起式ETF,指数型-股票,2025-03-12,2.69,2.69,-0.4,0.06,-0.93,26.13,29.46,39.34,34.08,-0.43,169.0,2013-03-28
198,159822,银华工银南方东英标普中国新经济ETF(QDII),指数型-海外股票,2025-03-11,0.6962,0.6962,5.02,10.72,11.36,32.53,29.38,11.73,16.95,15.36,-30.38,2020-09-29
199,159887,富国中证800银行ETF,指数型-股票,2025-03-12,1.2193,1.2193,-0.87,-0.28,3.76,25.02,29.34,42.29,32.95,0.9,21.93,2021-05-12
200,516210,华安中证银行ETF,指数型-股票,2025-03-12,1.2698,1.2698,-0.86,-0.33,3.51,24.71,29.27,41.32,31.49,0.77,26.98,2021-09-03
201,512730,鹏华中证银行ETF,指数型-股票,2025-03-12,1.5312,1.5312,-0.87,-0.33,3.5,24.5,29.19,41.79,34.47,0.83,53.12,2019-12-19
202,159628,万家国证2000ETF,指数型-股票,2025-03-12,1.1308,1.1308,3.25,5.91,2.52,54.8,29.06,10.2,,13.13,13.08,2022-06-29
203,159713,富国中证稀土产业ETF,指数型-股票,2025-03-12,0.8301,0.8301,4.06,4.85,4.8,48.31,28.98,1.55,-7.57,13.37,-16.92,2021-08-05
204,159804,国寿安保创精选88ETF,指数型-股票,2025-03-12,1.3038,1.3038,3.03,5.98,1.89,57.52,28.96,8.15,4.01,15.08,30.38,2020-03-04
205,159531,南方中证2000ETF,指数型-股票,2025-03-12,1.1513,1.1513,3.0,5.75,0.89,56.6,28.71,,,14.3,15.13,2023-09-07
206,513950,富国恒生港股通高股息低波动ETF(QDII),指数型-海外股票,2025-03-12,1.2354,1.3111,1.83,4.86,4.6,27.14,28.62,,,4.09,33.26,2023-04-19
207,516780,华泰柏瑞中证稀土产业ETF,指数型-股票,2025-03-12,1.119,1.119,4.02,4.82,4.84,47.86,28.46,0.88,-8.07,13.3,11.9,2021-02-26
208,159907,广发国证2000ETF,指数型-股票,2025-03-12,0.8601,1.5629,2.74,3.33,2.93,55.53,28.39,8.65,-0.99,12.14,56.18,2011-06-03
209,159535,嘉实中证2000ETF,指数型-股票,2025-03-12,1.1687,1.1687,2.49,3.99,-0.21,50.03,27.5,,,11.83,16.87,2023-09-14
210,159976,工银粤港澳大湾区创新100ETF,指数型-股票,2025-03-12,1.163,1.163,0.78,3.11,5.14,31.89,27.37,18.63,12.68,7.41,16.3,2019-11-01
211,510230,国泰上证180金融ETF,指数型-股票,2025-03-12,1.2983,2.1475,-0.26,-0.1,-1.44,25.65,27.36,37.59,31.65,-0.64,125.25,2011-03-31
212,561280,工银中证1000增强策略ETF,指数型-股票,2025-03-12,1.1849,1.1849,2.93,5.53,6.06,53.8,27.33,,,13.08,18.49,2023-08-31
213,516150,嘉实中证稀土产业ETF,指数型-股票,2025-03-12,1.1641,1.1641,4.02,4.8,4.56,47.13,27.2,-1.1,-10.38,13.17,16.41,2021-03-09
214,516260,华夏中证物联网主题ETF,指数型-股票,2025-03-12,0.9244,0.9244,-0.36,-0.61,6.82,46.61,27.1,24.82,10.89,7.64,-7.56,2021-07-22
215,159725,工银瑞信中证线上消费ETF,指数型-股票,2025-03-12,0.9035,0.9035,2.29,0.14,2.78,67.75,26.65,21.62,18.87,18.12,-9.66,2021-06-11
216,517000,银华中证沪港深500ETF,指数型-股票,2025-03-12,0.875,0.875,0.55,4.15,6.29,31.64,26.63,17.21,15.07,8.1,-12.5,2021-02-04
217,515750,富国中证科技50策略ETF,指数型-股票,2025-03-12,1.466,1.466,0.61,1.9,7.14,49.49,26.49,14.69,9.66,10.23,46.73,2019-11-15
218,159565,易方达中证汽车零部件主题ETF,指数型-股票,2025-03-12,1.3364,1.3364,1.17,3.37,10.72,47.83,26.46,,,16.09,33.63,2024-02-08
219,517850,汇添富中证沪港深张江自主创新50ETF,指数型-股票,2025-03-13,0.9153,0.9153,-4.92,3.13,10.53,55.45,26.39,-0.48,,11.59,-8.47,2022-04-28
220,561370,国泰中证2000ETF,指数型-股票,2025-03-12,1.1456,1.1456,2.87,5.71,0.83,53.94,26.35,,,14.01,14.56,2023-09-13
221,517100,富国中证沪港深500ETF,指数型-股票,2025-03-12,0.8792,0.8792,0.57,4.39,6.57,32.31,26.34,17.41,15.59,8.62,-12.08,2021-02-09
222,516590,易方达中证智能电动汽车ETF,指数型-股票,2025-03-12,1.0241,1.0241,-0.89,0.76,6.03,38.97,26.15,1.72,-14.53,10.39,2.41,2021-04-29
223,512070,易方达沪深300非银ETF,指数型-股票,2025-03-12,0.7751,2.3253,0.85,-0.97,-10.24,32.47,25.89,25.58,24.02,-4.56,132.53,2014-06-26
224,516110,国泰中证800汽车与零部件ETF,指数型-股票,2025-03-12,1.3154,1.3154,-0.07,-2.65,2.71,28.62,25.8,34.46,33.31,2.97,31.54,2021-04-07
225,516380,华宝智能电动汽车ETF,指数型-股票,2025-03-12,0.8172,0.8172,-0.91,0.65,6.13,38.89,25.8,0.54,-16.73,10.34,-18.3,2021-06-04
226,159933,国投瑞银金融地产ETF,指数型-股票,2025-03-12,2.7565,2.7565,-0.11,-0.53,-3.07,27.09,25.67,28.4,22.6,-1.44,175.65,2013-09-17
227,159512,广发中证全指汽车ETF,指数型-股票,2025-03-12,1.4057,1.4057,-0.23,-3.24,-1.19,33.51,25.62,,,-0.2,40.57,2023-07-13
228,159726,华夏恒生中国内地企业高股息率ETF,指数型-股票,2025-03-12,1.1243,1.1243,1.53,6.02,6.74,29.01,25.58,34.73,19.44,6.05,12.43,2021-11-11
229,159541,万家创业板综合ETF,指数型-股票,2025-03-12,1.2063,1.2063,1.5,2.69,0.15,52.87,25.51,,,9.42,20.63,2023-10-18
230,517080,汇添富中证沪港深500ETF,指数型-股票,2025-03-12,0.8715,0.8715,0.52,4.21,5.92,30.66,25.45,16.37,14.4,7.94,-12.85,2021-02-01
231,560780,广发中证半导体材料设备主题ETF,指数型-股票,2025-03-12,1.1823,1.1823,-0.23,2.71,-0.42,48.68,25.44,,,8.62,18.19,2023-12-01
232,517170,华夏中证沪港深500ETF,指数型-股票,2025-03-12,0.888,0.888,0.52,4.24,5.94,30.93,25.42,15.26,9.74,7.92,-11.2,2021-04-07
233,517010,易方达中证沪港深500ETF,指数型-股票,2025-03-12,0.9761,0.9761,0.54,4.28,5.89,30.58,25.35,16.19,14.28,8.05,-2.39,2021-08-03
234,517770,浦银安盛中证沪港深游戏及文化传媒ETF,指数型-股票,2025-03-12,1.0611,1.0611,5.66,5.93,6.99,48.36,25.35,23.76,27.64,17.74,6.11,2021-11-25
235,588210,易方达上证科创板100ETF,指数型-股票,2025-03-12,1.0233,1.0233,1.24,6.56,9.05,60.49,25.33,,,17.36,2.33,2023-11-08
236,563300,华泰柏瑞中证2000ETF,指数型-股票,2025-03-12,1.1466,1.1466,2.62,4.75,-0.35,53.47,25.31,,,12.89,14.66,2023-09-06
237,159940,广发中证全指金融地产ETF,指数型-股票,2025-03-12,1.1474,1.1474,0.0,-0.98,-4.49,28.83,25.07,26.44,19.32,-1.58,14.74,2015-03-23
238,159872,鹏华中证车联网主题ETF,指数型-股票,2025-03-12,0.9837,0.9837,2.08,-0.16,4.66,48.98,25.01,13.17,8.99,10.84,-1.63,2021-06-16
239,513530,华泰柏瑞中证港股通高股息投资ETF(QDII),指数型-海外股票,2025-03-12,1.4696,1.4696,0.95,2.6,3.35,22.98,24.97,35.52,,1.72,46.92,2022-04-08
240,513630,摩根标普港股通低波红利ETF,指数型-股票,2025-03-12,1.328,1.328,1.1,4.55,4.84,21.12,24.95,,,3.57,32.8,2023-11-23
241,159895,易方达中证物联网主题ETF,指数型-股票,2025-03-12,0.9279,0.9279,-0.34,-0.57,6.77,44.89,24.94,20.19,5.41,7.58,-7.21,2021-10-13
242,159505,博时国证2000ETF,指数型-股票,2025-03-12,1.1416,1.1416,3.11,6.44,4.37,52.46,24.93,,,13.72,14.16,2023-11-23
243,159728,南方国证在线消费ETF,指数型-股票,2025-03-12,0.9215,0.9215,2.5,0.14,4.81,63.76,24.83,18.38,13.85,17.11,-7.85,2021-12-29
244,159701,招商中证物联网主题ETF,指数型-股票,2025-03-12,0.867,0.867,-0.33,-0.54,6.77,45.15,24.73,20.02,6.47,7.62,-13.3,2021-12-15
245,512640,嘉实中证金融地产ETF,指数型-股票,2025-03-12,2.2612,2.2612,-0.04,-0.79,-4.07,27.93,24.72,26.71,20.57,-1.53,127.05,2014-06-20
246,159896,南方中证物联网主题ETF,指数型-股票,2025-03-12,0.8651,0.8651,-0.36,-0.6,6.84,45.3,24.67,20.0,6.33,7.61,-13.49,2021-11-15
247,513310,华泰柏瑞中韩半导体ETF(QDII),指数型-海外股票,2025-03-12,1.5723,1.5723,1.08,-0.25,10.64,40.11,24.65,55.78,,9.84,57.23,2022-11-02
248,159563,华夏创业板综合ETF,指数型-股票,2025-03-12,1.3765,1.3765,1.8,3.71,0.9,49.31,24.58,,,10.46,37.65,2024-02-01
249,159516,国泰中证半导体材料设备主题ETF,指数型-股票,2025-03-12,1.0849,1.0849,-0.32,2.63,-1.18,47.11,24.57,,,8.2,8.49,2023-07-19
250,588880,华泰柏瑞上证科创板100ETF,指数型-股票,2025-03-12,1.0122,1.0122,1.15,6.41,8.7,59.55,24.56,,,17.1,1.22,2023-11-08
251,159716,华宝深创100ETF,指数型-股票,2025-03-13,0.8255,0.8255,-2.6,0.71,4.91,38.81,24.49,10.14,1.53,4.65,-17.45,2021-06-18
252,516730,浦银安盛中证证券公司30ETF,指数型-股票,2025-03-12,1.0059,1.0059,0.78,-0.51,-9.76,39.48,24.45,25.75,18.08,-3.52,0.59,2021-11-04
253,588800,华夏上证科创板100ETF,指数型-股票,2025-03-12,1.0127,1.0127,1.1,6.39,8.59,59.41,24.44,,,16.94,1.27,2023-11-08
254,516300,华泰柏瑞中证1000ETF,指数型-股票,2025-03-12,2.6666,1.1244,2.65,4.42,1.77,49.93,24.37,3.42,1.5,10.65,12.44,2021-03-15
255,159931,汇添富中证金融地产ETF,指数型-股票,2025-03-12,1.7953,1.7953,-0.04,-0.79,-4.09,27.43,24.29,25.47,17.94,-1.54,81.69,2013-08-23
256,159692,证券ETF东财,指数型-股票,2025-03-12,1.223,1.223,0.82,-0.49,-9.59,38.79,24.23,,,-3.34,22.29,2023-05-05
257,588900,南方上证科创板100ETF,指数型-股票,2025-03-12,1.0504,1.0504,1.18,6.42,8.79,59.56,24.15,,,17.13,5.04,2023-12-08
258,159721,永赢深证创新100ETF,指数型-股票,2025-03-12,0.8055,0.8055,0.54,0.36,3.49,38.64,24.06,9.37,0.39,5.64,-19.45,2021-06-17
259,562590,华夏中证半导体材料设备主题ETF,指数型-股票,2025-03-12,1.1398,1.1398,-0.32,2.61,-0.87,46.45,24.04,,,8.38,13.98,2023-10-09
260,562520,华夏中证智选1000成长创新策略ETF,指数型-股票,2025-03-12,1.1195,1.1195,1.87,4.82,7.69,51.35,23.96,3.18,12.38,12.6,11.95,2022-03-08
261,513690,博时恒生高股息ETF,指数型-股票,2025-03-12,0.9349,0.9604,1.97,6.47,5.86,23.79,23.84,24.91,16.03,4.89,-3.57,2021-05-11
262,159836,天弘创业板300ETF,指数型-股票,2025-03-12,0.869,0.869,0.94,1.77,-1.86,50.48,23.84,2.02,-6.77,6.25,-13.1,2021-05-11
263,588030,博时上证科创板100ETF,指数型-股票,2025-03-12,1.0461,1.0461,1.12,6.35,8.67,58.81,23.83,,,16.88,4.61,2023-09-06
264,159778,鹏华中证工业互联网主题ETF,指数型-股票,2025-03-12,0.9137,0.9137,0.24,1.26,10.14,48.45,23.82,11.21,-2.96,11.75,-8.63,2022-01-25
265,516330,华泰柏瑞中证物联网主题ETF,指数型-股票,2025-03-12,1.0738,1.0738,-0.38,-0.68,6.64,43.84,23.77,19.36,6.12,7.39,7.38,2021-03-31
266,159570,汇添富国证港股通创新药ETF,指数型-股票,2025-03-12,1.115,1.115,-0.07,13.97,12.29,29.28,23.75,,,16.36,11.5,2023-12-28
267,159909,招商深证TMT50ETF,指数型-股票,2025-03-12,0.7084,2.1339,0.94,-2.45,2.76,41.31,23.65,16.72,9.0,4.44,113.5,2011-06-27
268,588220,鹏华上证科创板100ETF,指数型-股票,2025-03-12,1.0474,1.0474,1.13,6.32,8.57,58.38,23.62,,,16.81,4.74,2023-09-06
269,159543,工银国证2000ETF,指数型-股票,2025-03-12,1.0803,1.0803,3.16,5.61,2.37,49.01,23.6,,,12.17,8.03,2023-11-09
270,513030,华安德国(DAX)ETF(QDII),指数型-海外股票,2025-03-12,1.6758,1.6758,0.62,6.96,13.97,21.0,23.58,48.04,72.94,17.83,67.58,2014-08-08
271,515050,华夏中证5G通信主题ETF,指数型-股票,2025-03-12,1.1771,1.1771,0.74,-4.35,4.15,36.21,23.58,34.22,19.59,3.2,17.71,2019-09-17
272,159720,泰康中证智能电动汽车ETF,指数型-股票,2025-03-12,0.6865,0.6865,-0.94,0.66,5.62,37.58,23.58,-2.44,-19.34,10.02,-31.35,2021-07-07
273,159993,鹏华国证证券龙头ETF,指数型-股票,2025-03-12,1.184,1.184,0.62,-1.28,-10.14,39.03,23.54,23.41,16.7,-4.26,18.4,2019-12-26
274,588120,国泰上证科创板100ETF,指数型-股票,2025-03-12,1.0485,1.0485,1.1,6.37,8.48,58.72,23.51,,,16.95,4.85,2023-09-06
275,159994,银华中证5G通信主题ETF,指数型-股票,2025-03-12,0.9666,0.9666,0.73,-4.33,4.11,35.93,23.48,33.75,19.29,3.18,-3.34,2020-01-22
276,560590,鹏华中证1000增强ETF,指数型-股票,2025-03-12,1.1859,1.1859,2.51,4.78,2.03,43.83,23.47,,,9.75,18.59,2023-09-01
277,561120,富国中证全指家用电器ETF,指数型-股票,2025-03-12,1.2351,1.2351,1.06,-0.39,0.9,33.58,23.45,32.32,40.56,4.43,23.51,2022-01-25
278,560880,广发中证全指家用电器ETF,指数型-股票,2025-03-12,1.4433,1.4433,1.06,-0.39,0.85,33.6,23.41,31.76,,4.3,44.33,2022-03-30
279,515560,建信中证全指证券公司ETF,指数型-股票,2025-03-12,1.0249,1.0249,0.85,-1.33,-10.5,39.25,23.3,25.85,18.62,-3.89,2.49,2020-06-29
280,515630,鹏华中证800证保ETF,指数型-股票,2025-03-12,1.2638,1.2638,0.83,-1.43,-10.44,32.53,23.24,24.27,21.59,-4.29,26.38,2020-02-28
281,159936,广发中证全指可选消费ETF,指数型-股票,2025-03-12,2.0586,2.0586,0.34,-0.57,1.85,32.57,23.23,22.22,22.99,3.69,105.86,2014-06-03
282,512880,国泰中证全指证券公司ETF,指数型-股票,2025-03-12,1.1219,1.1219,0.84,-1.44,-10.78,39.66,23.23,25.18,17.44,-4.05,12.19,2016-07-26
283,560000,浦银安盛中证智能电动汽车ETF,指数型-股票,2025-03-12,0.7112,0.7112,-0.97,0.64,5.49,36.22,23.22,-2.43,-19.77,9.77,-28.88,2021-09-17
284,516770,华泰柏瑞中证动漫游戏ETF,指数型-股票,2025-03-12,1.2724,1.2724,3.29,0.53,7.37,62.69,23.21,39.81,48.11,23.27,27.24,2021-02-25
285,159918,嘉实中创400ETF,指数型-股票,2025-03-12,2.0053,2.0053,2.48,4.01,2.01,50.66,23.12,5.95,2.76,10.81,100.53,2012-03-22
286,512000,华宝券商ETF,指数型-股票,2025-03-12,1.0724,1.0724,0.87,-1.42,-10.74,39.16,22.9,24.86,17.19,-4.04,7.24,2016-08-30
287,588190,银华上证科创板100ETF,指数型-股票,2025-03-12,1.0416,1.0416,1.11,6.29,8.43,57.75,22.86,,,16.75,4.16,2023-09-06
288,515010,华夏中证全指证券公司ETF,指数型-股票,2025-03-12,1.2802,1.2802,0.87,-1.15,-10.45,38.85,22.77,25.72,18.85,-3.72,28.02,2019-09-17
289,512900,南方中证全指证券公司ETF,指数型-股票,2025-03-12,1.1093,1.1093,0.85,-1.39,-10.76,38.94,22.64,24.58,16.92,-4.0,10.93,2017-03-10
290,159743,博时湖北新旧动能转换ETF,指数型-股票,2025-03-12,0.9493,0.9493,3.29,4.99,0.38,49.87,22.6,10.32,8.48,7.85,-5.07,2021-12-29
291,159757,景顺长城国证新能源车电池ETF,指数型-股票,2025-03-12,0.5953,0.5953,-0.1,3.67,3.93,40.63,22.51,-14.55,-27.82,10.61,-40.47,2021-07-21
292,515850,富国中证全指证券公司ETF,指数型-股票,2025-03-12,1.3692,1.3692,0.86,-1.44,-10.7,38.84,22.5,25.76,18.6,-3.98,36.92,2020-01-21
293,159841,天弘中证全指证券公司ETF,指数型-股票,2025-03-12,1.0169,1.0169,0.84,-1.41,-10.81,38.71,22.47,24.59,17.28,-4.02,1.69,2021-01-28
294,159840,工银瑞信国证新能源车电池ETF,指数型-股票,2025-03-12,0.5779,0.5779,-0.12,3.72,3.83,40.92,22.46,-15.62,-29.19,10.62,-42.21,2021-08-05
295,159567,银华国证港股通创新药ETF,指数型-股票,2025-03-12,1.1107,1.1107,-0.13,13.84,11.77,28.05,22.46,,,16.23,11.07,2024-01-03
296,561590,华泰柏瑞中证1000增强策略ETF,指数型-股票,2025-03-12,1.0941,1.0941,3.15,4.95,4.79,48.96,22.44,7.24,,10.58,9.41,2022-11-23
297,561780,博时中证1000增强策略ETF,指数型-股票,2025-03-12,1.158,1.158,2.61,5.11,3.89,45.33,22.35,,,10.94,15.8,2023-11-02
298,513120,广发中证香港创新药ETF(QDII),指数型-海外股票,2025-03-12,0.8354,0.8354,-0.49,13.34,11.15,27.72,22.26,-8.99,,15.85,-16.47,2022-07-01
299,159755,广发国证新能源车电池ETF,指数型-股票,2025-03-12,0.7217,0.7217,-0.12,3.68,3.83,40.63,22.12,-16.06,-30.57,10.54,-27.83,2021-06-15
300,516200,华安中证全指证券公司ETF,指数型-股票,2025-03-12,1.0731,1.0731,0.84,-1.35,-10.66,38.38,22.08,23.77,15.94,-3.96,7.31,2021-03-09
301,512570,易方达中证全指证券公司ETF,指数型-股票,2025-03-12,1.1192,1.1192,0.87,-1.21,-10.56,37.51,22.0,25.87,18.43,-3.82,11.92,2017-07-27
302,512560,易方达中证军工ETF,指数型-股票,2025-03-12,0.6682,1.3364,5.1,5.83,-0.06,35.9,22.0,-1.66,-2.41,5.38,33.6,2017-07-14
303,159677,银华中证1000增强策略ETF,指数型-股票,2025-03-12,1.1092,1.1092,2.61,4.27,1.37,44.35,21.92,5.66,,9.15,10.92,2022-11-24
304,159842,银华中证全指证券公司ETF,指数型-股票,2025-03-12,1.0616,1.0616,0.86,-1.35,-10.53,37.46,21.87,23.96,16.68,-3.84,6.16,2021-03-03
305,159633,易方达中证1000ETF,指数型-股票,2025-03-12,2.6883,0.955,2.66,4.46,1.27,47.01,21.87,-0.51,,10.27,-4.5,2022-07-28
306,516980,华富中证证券公司先锋策略ETF,指数型-股票,2025-03-12,1.096,1.096,1.02,-1.0,-10.14,38.79,21.86,24.99,16.24,-3.31,9.6,2021-06-15
307,159709,工银瑞信深证物联网50ETF,指数型-股票,2025-03-12,0.9644,0.9644,1.35,0.88,6.01,47.55,21.84,23.18,13.11,7.85,-3.57,2021-06-18
308,560090,汇添富中证全指证券公司ETF,指数型-股票,2025-03-12,1.2044,1.2044,0.85,-1.39,-10.7,38.1,21.77,23.52,,-4.02,20.44,2023-02-27
309,159848,国联安中证全指证券公司ETF,指数型-股票,2025-03-12,0.8938,1.1078,0.82,-1.37,-10.61,37.57,21.75,23.27,15.81,-3.93,10.78,2021-02-09
310,512810,华宝中证军工ETF,指数型-股票,2025-03-12,1.2631,1.2631,5.02,5.68,-0.05,35.18,21.72,-1.26,-2.45,5.22,26.27,2016-08-05
311,516050,工银中证科技龙头ETF,指数型-股票,2025-03-12,0.727,0.727,0.73,-1.26,4.86,47.34,21.71,14.34,-2.19,5.96,-27.3,2021-01-21
312,159996,国泰中证全指家电ETF,指数型-股票,2025-03-12,1.388,1.388,1.03,-0.44,0.58,32.44,21.69,29.36,36.29,4.13,38.8,2020-02-27
313,159767,兴银国证新能源车电池ETF,指数型-股票,2025-03-12,0.5886,0.5886,-0.1,3.61,3.65,39.78,21.49,-15.39,-28.65,10.41,-41.14,2021-08-06
314,560010,广发中证1000ETF,指数型-股票,2025-03-12,2.6713,0.9428,2.65,4.49,1.22,46.94,21.37,-1.41,,10.23,-5.72,2022-07-28
315,159507,广发国证通信ETF,指数型-股票,2025-03-12,1.1299,1.1299,0.84,-1.77,1.82,37.49,21.35,,,2.06,12.99,2023-06-08
316,516010,国泰中证动漫游戏ETF,指数型-股票,2025-03-12,1.2267,1.2267,3.33,0.47,7.03,61.68,21.24,35.89,43.21,23.37,22.67,2021-02-25
317,159695,嘉实国证通信ETF,指数型-股票,2025-03-12,1.2356,1.2356,0.79,-1.84,1.58,36.86,21.23,,,1.96,23.56,2023-04-27
318,159869,华夏中证动漫游戏ETF,指数型-股票,2025-03-12,1.2363,1.2363,3.34,0.44,6.92,61.69,21.22,36.46,43.97,23.37,23.63,2021-02-25
319,517300,国寿安保中证沪港深300ETF,指数型-股票,2025-03-12,0.802,0.802,0.5,2.66,2.9,28.51,21.2,12.86,8.7,4.66,-19.8,2021-02-04
320,159845,华夏中证1000ETF,指数型-股票,2025-03-12,2.6752,1.109,2.64,4.48,1.24,46.92,20.9,-1.63,-4.12,10.22,10.9,2021-03-18
321,159775,建信国证新能源车电池ETF,指数型-股票,2025-03-12,0.605,0.605,-0.15,3.58,3.51,39.27,20.85,-16.9,-31.55,10.26,-39.46,2022-01-07
322,512100,南方中证1000ETF,指数型-股票,2025-03-12,2.6273,0.9739,2.66,4.5,1.27,46.88,20.81,-1.63,-3.97,10.26,-2.42,2016-09-29
323,159629,富国中证1000ETF,指数型-股票,2025-03-12,2.6671,0.939,2.65,4.48,1.21,46.75,20.81,-1.45,,10.22,-6.1,2022-07-27
324,512660,国泰中证军工ETF,指数型-股票,2025-03-12,1.0958,1.0958,5.09,5.8,-0.33,35.12,20.78,-3.85,-5.58,5.19,9.58,2016-07-26
325,512680,广发中证军工ETF,指数型-股票,2025-03-12,1.1231,1.1231,5.09,5.8,-0.38,34.97,20.7,-4.03,-5.86,5.15,12.31,2016-08-30
326,517030,易方达中证沪港深300ETF,指数型-股票,2025-03-12,0.968,0.968,0.5,2.67,2.73,28.23,20.44,12.81,8.11,4.58,-3.2,2021-09-15
327,159511,南方中证通信服务ETF,指数型-股票,2025-03-12,1.1152,1.1152,1.67,-0.77,3.41,37.39,20.21,,,4.11,11.59,2023-07-28
328,159892,华夏恒生生物科技ETF(QDII),指数型-海外股票,2025-03-12,0.5634,0.5634,-0.48,12.75,12.82,32.53,19.9,-12.47,-1.78,17.6,-43.66,2021-09-29
329,512670,鹏华中证国防ETF,指数型-股票,2025-03-12,0.7495,1.499,6.75,9.21,2.11,35.22,19.59,-14.87,-18.53,7.97,49.9,2019-07-05
330,512970,平安粤港澳大湾区ETF,指数型-股票,2025-03-12,1.2473,1.2473,0.38,0.27,1.96,29.41,19.54,7.35,2.04,4.39,24.73,2019-09-23
331,159991,招商创业板大盘ETF,指数型-股票,2025-03-12,0.4746,1.3479,0.11,-0.61,-4.74,43.3,19.52,-4.51,-12.5,1.74,34.79,2020-03-20
332,513280,汇添富恒生生物科技ETF(QDII),指数型-海外股票,2025-03-12,0.7944,0.7944,-0.58,12.71,12.95,32.51,19.42,-13.19,,17.62,-20.56,2022-07-05
333,561950,招商中证500增强策略ETF,指数型-股票,2025-03-12,1.1054,1.1054,1.7,2.38,3.0,36.67,19.4,,,7.01,10.54,2023-03-29
334,515580,华泰柏瑞中证科技100ETF,指数型-股票,2025-03-12,0.878,1.756,0.85,-0.3,4.13,36.38,19.33,10.61,5.41,6.28,75.55,2019-09-27
335,159615,南方恒生生物科技ETF(QDII),指数型-海外股票,2025-03-12,0.8125,0.8125,-0.59,12.8,12.88,32.59,19.33,-14.03,,17.65,-18.75,2022-06-17
336,159682,景顺长城创业板50ETF,指数型-股票,2025-03-12,0.9353,0.9353,-0.06,-1.1,-6.09,42.38,19.31,-5.86,,0.48,-6.39,2022-12-23
337,159681,鹏华创业板50ETF,指数型-股票,2025-03-12,0.9468,0.9468,-0.05,-1.09,-6.09,42.29,19.27,-5.24,,0.52,-5.32,2022-12-21
338,588320,广发中证科创创业50增强策略ETF,指数型-股票,2025-03-12,0.9447,0.9447,0.06,1.11,1.24,43.79,19.05,-3.45,,4.31,-5.53,2022-12-28
339,159949,华安创业板50ETF,指数型-股票,2025-03-12,0.9637,0.9637,-0.07,-1.14,-6.25,42.47,18.89,-6.1,-16.33,0.39,-3.63,2016-06-30
340,515760,华夏中证浙江国资创新发展ETF,指数型-股票,2025-03-12,1.2306,1.2306,0.95,-0.94,-2.34,30.82,18.85,15.33,9.46,3.47,23.06,2020-09-17
341,159973,弘毅远方民企领先100ETF,指数型-股票,2025-03-12,1.3872,1.3872,0.32,-0.18,-0.52,33.37,18.8,-0.97,-11.85,3.05,36.52,2019-07-16
342,588360,国泰中证科创创业50ETF,指数型-股票,2025-03-12,0.6336,0.6336,0.03,0.8,0.57,43.84,18.74,-1.11,-11.78,3.83,-36.64,2021-06-29
343,560110,汇添富中证1000ETF,指数型-股票,2025-03-13,0.9453,0.9453,-1.06,4.04,1.66,46.04,18.71,-2.96,,8.49,-5.48,2022-07-29
344,510030,华宝上证180价值ETF,指数型-股票,2025-03-13,0.983,2.692,-0.3,-0.61,0.1,19.44,18.58,23.34,22.88,-2.48,169.21,2010-04-23
345,159805,鹏华中证传媒ETF,指数型-股票,2025-03-12,1.2207,1.2207,4.2,-1.31,0.39,51.32,18.58,30.46,34.93,13.29,22.07,2020-03-06
346,588300,招商中证科创创业50ETF,指数型-股票,2025-03-12,0.6042,0.6042,-0.02,0.75,0.38,43.21,18.22,-2.55,-13.44,3.64,-39.59,2021-06-25
347,516620,国泰中证影视主题ETF,指数型-股票,2025-03-12,1.0811,1.0811,5.16,-1.54,0.78,57.41,18.2,9.37,12.37,17.96,8.11,2021-10-20
348,562530,华夏中证智选1000价值稳健策略ETF,指数型-股票,2025-03-12,1.1688,1.1688,2.77,3.67,-2.8,32.83,18.11,10.47,,3.17,16.88,2022-07-28
349,159562,华夏中证沪深港黄金产业股票ETF,指数型-股票,2025-03-12,1.3482,1.3482,4.12,2.07,5.66,21.15,18.01,,,15.88,34.82,2024-01-11
350,515000,华宝中证科技龙头ETF,指数型-股票,2025-03-13,1.3558,1.3558,-4.35,-1.02,4.9,42.78,17.96,8.53,-6.17,3.52,35.58,2019-07-22
351,588350,鹏扬中证科创创业50ETF,指数型-股票,2025-03-12,0.9095,0.9095,0.02,0.78,0.38,43.07,17.9,-2.95,,3.68,-9.05,2022-10-26
352,588380,富国中证科创创业50ETF,指数型-股票,2025-03-12,0.6008,0.6008,0.0,0.75,0.3,43.01,17.83,-3.0,-14.16,3.62,-39.92,2021-06-29
353,159814,西部利得创业板大盘ETF,指数型-股票,2025-03-12,0.4191,0.8629,0.05,-0.73,-5.25,42.41,17.76,-7.54,-16.76,1.28,-13.67,2020-06-19
354,159782,银华中证科创创业50ETF,指数型-股票,2025-03-12,0.5874,0.5874,0.02,0.77,0.36,42.5,17.69,-3.24,-14.54,3.67,-41.26,2021-06-29
355,159556,平安中证2000增强策略ETF,指数型-股票,2025-03-12,1.0458,1.0458,2.26,5.49,4.94,49.4,17.65,,,13.21,4.58,2023-12-27
356,159521,平安国证2000ETF,指数型-股票,2025-03-12,1.0585,1.0585,2.58,4.43,3.24,45.42,17.62,,,10.38,5.85,2023-08-25
357,159780,南方中证科创创业50ETF,指数型-股票,2025-03-12,0.5883,0.5883,0.02,0.75,0.22,42.9,17.59,-3.37,-14.68,3.57,-41.17,2021-06-24
358,159781,易方达中证科创创业50ETF,指数型-股票,2025-03-12,0.5836,0.5836,0.02,0.79,0.34,42.93,17.59,-3.47,-14.74,3.68,-41.64,2021-06-28
359,563330,华泰柏瑞中证A股ETF,指数型-股票,2025-03-12,3.4146,1.137,1.64,1.85,-1.09,34.76,17.55,,,4.91,13.7,2023-10-30
360,159603,天弘中证科创创业50ETF,指数型-股票,2025-03-12,0.9051,0.9051,0.0,0.71,0.24,42.47,17.48,-3.03,,3.58,-9.49,2022-05-26
361,512980,广发中证传媒ETF,指数型-股票,2025-03-12,0.8745,0.8745,4.23,-1.36,0.01,50.54,17.41,28.26,31.11,13.03,-12.55,2017-12-27
362,159855,银华中证影视主题ETF,指数型-股票,2025-03-12,0.9688,0.9688,5.06,-2.09,-0.16,55.46,17.39,9.14,13.2,17.15,-3.12,2021-02-09
363,560990,中金中证科技先锋ETF,指数型-股票,2025-03-12,0.8889,0.8889,0.66,0.02,2.86,35.03,17.39,-1.4,,3.77,-11.12,2022-06-10
364,159783,华夏中证科创创业50ETF,指数型-股票,2025-03-12,0.5891,0.5891,0.0,0.77,0.32,42.64,17.35,-3.63,-14.85,3.66,-41.09,2021-06-24
365,159566,易方达国证新能源电池ETF,指数型-股票,2025-03-12,1.4288,1.4288,2.06,6.54,3.89,31.64,17.35,,,7.89,42.88,2024-01-31
366,159824,博时新能源汽车ETF,指数型-股票,2025-03-12,0.8904,0.8904,0.02,4.59,4.88,43.96,17.31,-16.24,-29.29,12.4,-10.96,2020-12-10
367,159958,工银瑞信创业板ETF,指数型-股票,2025-03-12,1.309,1.309,0.08,0.0,-4.16,41.74,17.3,-4.95,-15.4,2.52,30.9,2017-12-25
368,159510,华夏中证智选300价值稳健策略ETF,指数型-股票,2025-03-12,1.1078,1.1078,0.38,0.2,-1.54,23.03,17.13,,,-0.49,10.78,2023-07-31
369,515700,平安中证新能源汽车产业ETF,指数型-股票,2025-03-12,1.776,1.776,0.05,4.69,4.62,43.28,16.98,-17.46,-29.99,12.29,77.55,2019-12-31
370,588400,嘉实中证科创创业50ETF,指数型-股票,2025-03-12,0.5929,0.5929,0.02,0.75,0.25,42.32,16.9,-3.64,-14.74,3.6,-40.72,2021-06-25
371,159638,嘉实中证高端装备细分50ETF,指数型-股票,2025-03-12,0.8236,0.8236,4.94,7.31,-0.02,34.14,16.87,-11.19,,6.55,-17.81,2022-08-05
372,510060,工银上证央企ETF,指数型-股票,2025-03-12,2.4509,1.5677,-0.42,-1.32,-3.61,16.95,16.83,21.94,22.82,-4.19,56.77,2009-08-26
373,588390,博时中证科创创业50ETF,指数型-股票,2025-03-12,0.6407,0.6407,-0.03,0.69,0.17,41.81,16.83,-4.34,-15.87,3.47,-35.93,2021-08-19
374,159964,平安创业板ETF,指数型-股票,2025-03-12,1.4056,1.4056,0.04,-0.05,-4.35,40.74,16.65,-5.18,-15.04,2.34,40.56,2019-03-15
375,159676,富国创业板增强策略ETF,指数型-股票,2025-03-12,0.9365,0.9365,0.46,0.81,-1.47,41.42,16.64,,,4.22,-6.45,2023-03-23
376,159821,中银证券创业板ETF,指数型-股票,2025-03-12,0.8169,0.8169,0.02,-0.07,-4.38,41.06,16.63,-6.24,-17.01,2.28,-18.31,2020-09-29
377,159506,富国恒生港股通医疗保健ETF,指数型-股票,2025-03-12,0.9544,0.9544,-1.32,11.87,12.99,31.48,16.63,,,18.31,-4.56,2023-06-14
378,159637,新能源车龙头ETF,指数型-股票,2025-03-12,0.6618,0.6618,0.0,4.65,4.85,43.87,16.62,-17.64,,12.46,-33.82,2022-08-19
379,159956,建信创业板ETF,指数型-股票,2025-03-12,1.373,1.373,0.02,-0.08,-4.29,40.81,16.58,-4.28,-13.96,2.4,37.29,2018-02-06
380,159806,国泰中证新能源汽车ETF,指数型-股票,2025-03-12,0.5821,1.7463,0.0,4.66,4.83,43.69,16.56,-17.7,-30.78,12.42,74.63,2020-03-10
381,159948,南方创业板ETF,指数型-股票,2025-03-12,2.3904,1.1747,0.04,-0.03,-4.34,41.4,16.55,-5.59,-15.72,2.4,17.47,2016-05-13
382,517520,永赢中证沪深港黄金产业股票ETF,指数型-股票,2025-03-12,1.2338,1.2338,4.13,1.99,5.34,20.27,16.54,,,15.81,23.38,2023-10-24
383,512190,浙商之江凤凰ETF,指数型-股票,2025-03-12,1.9135,1.9135,0.97,1.2,-2.09,24.18,16.53,7.69,5.79,2.89,91.35,2019-08-05
384,159952,广发创业板ETF,指数型-股票,2025-03-12,1.3135,1.3135,0.05,-0.02,-4.39,41.25,16.48,-5.71,-16.02,2.39,31.35,2017-04-25
385,516390,汇添富中证新能源汽车产业ETF,指数型-股票,2025-03-12,0.7239,0.7239,0.04,4.67,4.59,43.03,16.44,-18.18,-30.89,12.25,-27.61,2021-06-03
386,159906,大成深证成长40ETF,指数型-股票,2025-03-12,0.9384,0.9384,0.43,-0.26,-1.9,39.37,16.43,-12.22,-23.27,4.32,-6.16,2010-12-21
387,510810,汇添富中证上海国企ETF,指数型-股票,2025-03-12,0.8272,0.9172,-0.13,-2.36,-8.39,24.46,16.38,10.4,7.57,-5.6,76.7,2016-07-28
388,159966,华夏创业板价值ETF,指数型-股票,2025-03-12,0.498,1.5321,-0.24,-0.32,-1.31,38.99,16.33,0.06,-5.07,4.29,50.19,2019-06-14
389,159908,博时创业板ETF,指数型-股票,2025-03-12,2.0185,2.0185,0.04,-0.03,-4.24,41.07,16.31,-5.76,-15.73,2.43,101.81,2011-06-10
390,159957,华夏创业板ETF,指数型-股票,2025-03-12,1.4191,1.4191,0.05,-0.03,-4.32,41.4,16.25,-5.63,-15.41,2.41,41.74,2017-12-08
391,159971,富国创业板ETF,指数型-股票,2025-03-12,1.5086,1.5086,0.03,-0.05,-4.39,41.1,16.23,-6.14,-16.18,2.36,44.5,2019-06-11
392,510560,国寿安保中证500ETF,指数型-股票,2025-03-12,1.4214,0.6582,1.54,1.64,-0.36,37.13,16.21,2.63,-0.18,5.98,-34.13,2015-05-29
393,510760,国泰上证综合交易ETF,指数型-股票,2025-03-12,1.0706,1.2126,1.26,1.95,-1.22,25.09,16.11,15.16,19.88,1.87,22.78,2020-08-21
394,515030,华夏中证新能源汽车ETF,指数型-股票,2025-03-12,1.3391,1.3391,-0.01,4.62,4.67,43.17,16.03,-18.6,-31.72,12.27,33.91,2020-02-20
395,512750,嘉实中证锐联基本面ETF,指数型-股票,2025-03-12,1.372,1.372,-0.51,-1.22,-3.35,19.46,16.01,24.19,29.18,-3.28,37.2,2019-05-23
396,560950,汇添富中证500增强策略ETF,指数型-股票,2025-03-12,1.0752,1.0752,2.01,1.34,-1.44,28.55,16.0,,,2.89,7.52,2023-07-19
397,159977,天弘创业板ETF,指数型-股票,2025-03-12,2.2538,1.3292,0.04,-0.07,-4.46,41.08,15.98,-6.2,-16.3,2.31,32.61,2019-09-12
398,159915,易方达创业板ETF,指数型-股票,2025-03-12,2.1494,2.4623,0.04,-0.05,-4.41,41.09,15.92,-6.55,-16.74,2.35,146.23,2011-09-20
399,159943,大成深证成份ETF,指数型-股票,2025-03-12,1.1591,0.8993,1.21,1.23,-0.67,35.28,15.91,-0.85,-7.42,4.35,-10.07,2015-06-05
400,159902,华夏中小企业100ETF,指数型-股票,2025-03-12,3.5072,3.6272,1.28,0.54,1.18,29.92,15.88,-6.2,-17.07,5.36,268.16,2006-06-08
401,159810,浦银安盛创业板ETF,指数型-股票,2025-03-12,0.8753,0.8753,0.02,-0.09,-4.45,40.05,15.78,-6.4,-16.94,2.31,-12.47,2020-06-12
402,561350,国泰中证500ETF,指数型-股票,2025-03-12,0.9423,0.9423,1.52,1.6,-0.35,36.47,15.75,3.2,1.34,5.75,-5.77,2021-08-18
403,159982,鹏华中证500ETF,指数型-股票,2025-03-12,1.538,1.538,1.57,1.75,-0.37,36.32,15.7,4.12,3.24,5.98,53.8,2019-11-21
404,563350,华泰柏瑞中证A50ETF,指数型-股票,2025-03-12,1.1544,1.1544,0.59,0.3,-1.9,23.16,15.65,,,-0.01,15.44,2024-03-06
405,510770,申万菱信上证G60创新ETF,指数型-股票,2025-03-12,0.6018,0.6018,1.55,0.35,0.08,43.66,15.6,-21.19,-29.14,7.98,-39.82,2021-09-16
406,563050,易方达中证国新央企科技引领ETF,指数型-股票,2025-03-12,0.9419,0.9419,3.76,2.49,2.07,35.99,15.6,,,4.44,-5.83,2023-06-21
407,588330,华宝双创龙头ETF,指数型-股票,2025-03-13,0.5855,0.5855,-4.38,0.97,0.77,39.84,15.55,-3.98,-15.33,1.72,-41.45,2021-06-29
408,588160,南方上证科创板新材料ETF,指数型-股票,2025-03-12,0.6399,0.6399,1.27,9.2,1.12,53.23,15.55,-31.49,,13.9,-36.01,2022-09-30
409,159808,融通创业板ETF,指数型-股票,2025-03-12,0.8246,0.8246,0.08,0.0,-4.43,40.74,15.54,-7.01,-17.36,2.35,-17.54,2020-08-05
410,563030,易方达中证500增强策略ETF,指数型-股票,2025-03-12,1.0377,1.0377,1.36,0.84,0.28,32.53,15.53,5.67,,5.45,3.75,2023-02-17
411,515810,易方达中证800ETF,指数型-股票,2025-03-12,1.3125,1.3125,0.93,0.69,-1.43,29.12,15.38,7.89,2.64,1.83,31.25,2019-10-08
412,516660,华安中证新能源汽车ETF,指数型-股票,2025-03-12,0.8251,0.8251,-0.02,4.55,4.55,42.21,15.38,-19.22,-32.26,12.11,-17.49,2021-02-03
413,563080,易方达中证A50ETF,指数型-股票,2025-03-12,1.1456,1.1456,0.55,0.25,-2.04,22.92,15.38,,,-0.14,14.56,2024-03-06
414,512710,富国中证军工龙头ETF,指数型-股票,2025-03-12,0.6383,1.2766,5.61,5.92,-1.68,26.2,15.26,-14.0,-22.2,2.74,27.66,2019-07-23
415,159678,博时中证500增强策略ETF,指数型-股票,2025-03-12,1.054,1.054,1.16,0.58,0.17,33.65,15.25,8.83,,4.8,5.4,2023-02-13
416,159631,招商中证A100ETF,指数型-股票,2025-03-12,1.018,1.018,0.77,0.73,-0.08,25.34,15.24,7.37,,1.41,1.8,2022-08-18
417,512770,华夏战略新兴成指ETF,指数型-股票,2025-03-12,1.3736,1.3736,0.99,-0.15,1.32,36.12,15.2,-11.85,-27.57,4.72,37.33,2018-07-13
418,159620,华夏中证智选500成长创新策略ETF,指数型-股票,2025-03-12,0.9745,0.9745,1.36,1.2,3.26,32.91,15.16,-0.62,,6.54,-2.55,2022-07-19
419,159675,嘉实创业板增强策略ETF,指数型-股票,2025-03-12,0.9086,0.9086,0.52,0.92,-1.41,39.78,15.06,-8.37,,5.47,-9.14,2022-11-24
420,513060,博时恒生医疗保健(QDII-ETF),指数型-海外股票,2025-03-12,0.4516,0.4516,-0.92,12.34,12.12,30.41,14.97,-19.1,-8.84,17.06,-54.84,2021-03-18
421,561230,工银瑞信中证A50ETF,指数型-股票,2025-03-12,1.1196,1.146,0.58,0.29,-2.09,22.75,14.96,,,-0.13,14.84,2024-03-06
422,512510,华泰柏瑞中证500ETF,指数型-股票,2025-03-12,1.7091,0.8616,1.53,1.8,-0.67,35.42,14.91,3.83,3.28,5.72,-13.38,2015-05-13
423,510130,中盘ETF,指数型-股票,2025-03-12,5.9553,2.0483,0.43,-0.62,-3.39,25.73,14.9,10.23,6.7,-0.65,104.22,2010-03-29
424,588310,方正富邦科创创业50ETF,指数型-股票,2025-03-12,0.648,0.648,-0.02,0.71,0.11,39.41,14.89,-5.9,-16.39,3.48,-35.2,2021-11-22
425,561580,华泰柏瑞中证中央企业红利ETF,指数型-股票,2025-03-12,1.1733,1.1733,-0.1,0.29,-3.66,19.82,14.87,,,-3.16,17.33,2023-05-18
426,515200,申万菱信中证研发创新100ETF,指数型-股票,2025-03-12,1.6438,1.6438,1.03,2.23,5.77,38.17,14.84,-3.01,-7.75,8.49,64.41,2019-10-25
427,159968,博时中证500ETF,指数型-股票,2025-03-12,7.4481,1.4682,1.56,1.75,-0.59,35.43,14.84,3.18,1.6,5.72,46.82,2019-08-01
428,588010,博时上证科创板新材料ETF,指数型-股票,2025-03-12,0.6297,0.6297,1.09,8.93,1.09,51.77,14.68,-32.44,,13.62,-37.0,2022-09-30
429,159595,大成中证A50ETF,指数型-股票,2025-03-12,1.1456,1.1456,0.56,0.27,-2.04,22.73,14.59,,,-0.13,14.56,2024-03-06
430,512910,广发中证A100ETF,指数型-股票,2025-03-12,1.0381,1.1779,0.77,0.71,-0.31,24.98,14.5,4.62,-2.44,1.2,20.46,2019-05-27
431,562380,银华中证国新央企科技引领ETF,指数型-股票,2025-03-12,0.9327,0.9327,3.73,2.52,1.71,34.9,14.44,,,4.5,-6.73,2023-06-26
432,561300,国泰沪深300增强策略ETF,指数型-股票,2025-03-12,0.8282,0.8282,0.67,0.67,-1.78,23.02,14.39,10.19,-2.39,0.31,-17.18,2021-12-01
433,159903,南方深证成份ETF,指数型-股票,2025-03-12,1.2991,0.9586,1.25,1.22,-1.07,34.61,14.38,-3.03,-10.18,4.1,-4.14,2009-12-04
434,159610,景顺中证500增强策略ETF,指数型-股票,2025-03-12,0.8784,0.8784,1.46,1.21,-1.06,31.16,14.32,6.8,-1.73,4.14,-12.16,2021-12-13
435,510090,建信责任ETF,指数型-股票,2025-03-12,2.4774,2.9555,0.17,0.07,-2.25,19.98,14.16,8.8,7.02,-1.4,195.55,2010-05-28
436,159517,银华中证800增强策略ETF,指数型-股票,2025-03-12,1.0901,1.0901,0.73,0.94,-1.5,26.45,14.15,,,0.9,9.01,2023-08-23
437,561000,华安沪深300增强策略ETF,指数型-股票,2025-03-12,1.102,1.102,0.73,0.61,-1.37,23.18,14.13,9.58,,0.72,10.2,2022-12-21
438,513200,易方达中证港股通医药卫生综合ETF,指数型-股票,2025-03-12,0.7838,0.7838,-1.17,11.86,11.76,26.75,14.12,-18.24,-5.35,16.45,-21.62,2022-01-19
439,159690,招商中证有色金属矿业主题ETF,指数型-股票,2025-03-12,1.0771,1.0771,4.33,2.94,1.22,26.38,14.02,,,11.63,7.71,2023-06-21
440,517550,招商中证沪港深消费龙头ETF,指数型-股票,2025-03-12,0.8289,0.8289,0.75,7.51,8.72,37.97,13.99,0.91,0.07,12.94,-17.11,2022-01-20
441,159881,国泰中证有色金属ETF,指数型-股票,2025-03-12,1.0697,1.0697,4.28,3.23,0.79,26.05,13.96,0.43,-7.89,10.95,6.97,2021-06-17
442,516650,华夏细分有色金属产业主题ETF,指数型-股票,2025-03-12,1.0645,1.0645,4.19,2.84,1.16,25.15,13.91,0.4,-8.14,11.02,6.45,2021-06-09
443,515450,南方红利低波50ETF,指数型-股票,2025-03-12,1.3746,1.7296,-0.87,-0.87,-4.46,16.89,13.9,35.02,45.19,-4.26,81.96,2020-01-17
444,562890,嘉实中证A50ETF,指数型-股票,2025-03-12,1.1383,1.1383,0.62,0.31,-2.07,22.64,13.88,,,-0.15,13.83,2024-03-07
445,515210,国泰中证钢铁ETF,指数型-股票,2025-03-12,1.2869,1.4519,1.76,7.22,0.52,39.08,13.85,-0.86,-10.58,9.75,45.21,2020-01-22
446,510580,易方达中证500ETF,指数型-股票,2025-03-12,3.0308,1.1582,1.52,1.69,-0.88,34.75,13.84,1.77,0.21,5.56,15.82,2015-08-27
447,159807,易方达中证科技50ETF,指数型-股票,2025-03-12,0.5342,1.0684,0.74,0.15,2.47,40.39,13.78,-6.79,-18.72,3.67,6.84,2020-03-16
448,159591,富国中证A50ETF,指数型-股票,2025-03-12,1.1369,1.1369,0.59,0.32,-1.97,22.92,13.69,,,-0.04,13.69,2024-03-07
449,159820,天弘中证500ETF,指数型-股票,2025-03-12,1.0079,1.0079,1.51,1.65,-0.92,34.73,13.6,1.07,-0.85,5.5,0.78,2020-08-07
450,159652,汇添富中证细分有色金属产业主题ETF,指数型-股票,2025-03-13,0.9488,0.9488,3.25,4.06,4.98,26.09,13.57,0.02,,11.65,-5.12,2023-01-16
451,515880,国泰中证全指通信设备ETF,指数型-股票,2025-03-12,1.3507,1.3507,1.05,-4.61,-1.86,34.6,13.52,43.02,39.69,-0.91,35.08,2019-08-16
452,510510,广发中证500ETF,指数型-股票,2025-03-12,1.8902,1.8902,1.53,1.63,-1.0,34.51,13.49,0.77,-2.15,5.44,89.02,2013-04-11
453,562320,银华沪深300价值ETF,指数型-股票,2025-03-12,1.2107,1.2107,-0.33,-0.68,-2.66,17.69,13.47,20.0,,-2.77,21.07,2022-12-29
454,560330,申万菱信沪深300价值ETF,指数型-股票,2025-03-12,1.1294,1.1294,-0.34,-0.73,-2.6,17.88,13.47,,,-2.79,12.94,2023-05-11
455,561180,富国中证A100ETF,指数型-股票,2025-03-12,1.0761,1.0761,0.76,0.67,-0.19,24.25,13.39,2.71,,1.33,7.61,2022-11-03
456,159602,南方MSCI中国A50互联互通ETF,指数型-股票,2025-03-12,0.8115,0.8275,0.79,0.15,-1.48,20.23,13.34,3.09,-4.73,-0.29,-16.93,2021-10-29
457,517880,华泰柏瑞中证品牌消费50ETF,指数型-股票,2025-03-12,0.9048,0.9048,3.96,5.59,0.91,23.96,13.33,9.67,8.5,4.52,-9.52,2021-11-17
458,159529,景顺长城标普消费精选ETF(QDII),指数型-海外股票,2025-03-11,1.1733,1.1733,-4.23,-8.2,-11.09,4.02,13.33,,,-6.99,17.33,2024-01-24
459,510530,工银中证500ETF,指数型-股票,2025-03-12,6.3678,1.2311,1.49,1.63,-0.87,34.42,13.32,0.15,-2.66,5.42,23.11,2019-10-17
460,560170,南方中证国新央企科技引领ETF,指数型-股票,2025-03-12,0.9051,0.9051,3.75,2.41,1.39,34.11,13.28,,,4.03,-9.52,2023-06-21
461,513700,鹏华中证港股通医药卫生综合交易ETF,指数型-股票,2025-03-12,0.4719,0.4719,-1.17,11.53,11.67,26.14,13.25,-18.83,-6.55,16.35,-52.81,2021-07-13
462,516830,富国沪深300ESG基准ETF,指数型-股票,2025-03-12,0.849,0.849,0.47,0.54,-0.89,25.15,13.25,7.6,1.54,0.76,-15.14,2021-06-24
463,159871,银华中证有色金属ETF,指数型-股票,2025-03-12,1.1177,1.1177,4.26,3.24,0.89,25.78,13.24,-1.5,-10.61,10.92,11.77,2021-03-10
464,512500,华夏中证500ETF,指数型-股票,2025-03-12,3.3112,0.7248,1.51,1.68,-0.82,34.45,13.2,0.13,-2.12,5.52,-27.52,2015-05-05
465,516190,华夏中证文娱传媒ETF,指数型-股票,2025-03-12,1.0703,1.0703,3.59,-1.81,-2.04,50.66,13.2,15.93,18.86,11.3,7.03,2021-09-09
466,560030,汇添富中证800价值ETF,指数型-股票,2025-03-12,1.1697,1.1697,0.17,-0.43,-3.05,19.07,13.17,,,-2.35,16.97,2023-06-20
467,561330,国泰中证有色金属矿业主题ETF,指数型-股票,2025-03-12,1.0392,1.0392,4.41,2.99,1.2,26.32,13.14,-2.19,,11.83,3.92,2022-10-19
468,510180,华安上证180ETF,指数型-股票,2025-03-12,3.5919,4.0795,0.78,0.28,-1.88,22.93,13.11,8.43,1.79,-0.2,334.25,2006-04-13
469,510500,南方中证500ETF,指数型-股票,2025-03-12,6.0362,1.9953,1.51,1.66,-1.03,34.27,13.11,0.12,-1.87,5.48,100.11,2013-02-06
470,515550,国联中证500ETF,指数型-股票,2025-03-12,1.3286,1.3286,1.51,1.6,-1.07,33.62,13.09,0.64,-1.35,5.36,32.86,2019-11-15
471,159876,华宝有色金属ETF,指数型-股票,2025-03-12,1.1479,1.1479,4.26,3.21,0.8,25.77,13.04,-1.96,-10.99,10.89,14.79,2021-03-12
472,512160,南方MSCI中国A股国际通ETF,指数型-股票,2025-03-12,1.2118,1.5018,0.81,0.42,-2.09,25.89,12.94,4.21,-1.22,0.57,50.3,2018-04-03
473,510800,建信上证50ETF,指数型-股票,2025-03-12,1.2336,1.2336,1.1,1.16,-0.55,21.99,12.93,7.8,0.0,-0.11,23.32,2017-12-22
474,159606,易方达中证500质量成长ETF,指数型-股票,2025-03-12,0.9143,0.9143,1.67,0.62,1.35,25.37,12.93,5.79,-2.56,5.14,-8.57,2021-12-17
475,515530,泰康中证500ETF,指数型-股票,2025-03-12,3.2298,1.0092,1.52,1.64,-1.13,34.35,12.91,-0.52,-2.63,5.43,0.92,2020-09-18
476,563000,易方达MSCI中国A50互联互通ETF,指数型-股票,2025-03-12,0.8286,0.8286,0.78,0.18,-1.54,19.81,12.89,2.96,-4.85,-0.32,-17.15,2021-10-29
477,510850,工银瑞信上证50ETF,指数型-股票,2025-03-12,3.0735,1.2819,1.03,1.04,-0.8,21.97,12.88,8.31,0.23,-0.21,26.75,2018-12-07
478,159922,嘉实中证500ETF,指数型-股票,2025-03-12,2.4107,1.9894,1.51,1.67,-0.98,34.06,12.87,0.26,-1.87,5.47,99.09,2013-02-06
479,159630,汇添富中证A100ETF,指数型-股票,2025-03-12,1.1192,1.1192,0.74,0.69,-0.45,23.34,12.87,2.84,,1.0,11.92,2022-10-20
480,159935,景顺长城中证500ETF,指数型-股票,2025-03-12,1.8843,1.8843,1.5,1.6,-1.07,33.65,12.85,-0.55,-2.98,5.27,88.43,2013-12-26
481,512990,华夏MSCIA股国际通ETF,指数型-股票,2025-03-12,1.624,1.624,0.76,0.41,-2.06,26.09,12.85,4.16,-0.78,0.64,62.4,2015-02-12
482,510710,博时上证50ETF,指数型-股票,2025-03-12,3.6772,1.1368,1.04,1.08,-0.9,21.66,12.85,8.8,0.88,-0.26,13.68,2015-05-27
483,515190,中银证券中证500ETF,指数型-股票,2025-03-12,1.2423,1.2423,1.49,1.62,-1.08,33.88,12.83,-0.55,-3.05,5.38,24.23,2020-04-30
484,510020,博时上证超大盘ETF,指数型-股票,2025-03-12,3.0958,1.1418,1.22,0.96,-1.8,22.98,12.8,6.93,-0.92,-1.5,14.18,2009-12-29
485,513850,易方达MSCI美国50ETF(QDII),指数型-海外股票,2025-03-11,1.2617,1.2617,-4.42,-10.07,-10.63,1.2,12.78,,,-8.16,26.17,2023-11-06
486,159592,银华中证A50ETF,指数型-股票,2025-03-12,1.1278,1.1278,0.62,0.35,-2.05,22.49,12.78,,,-0.1,12.78,2024-03-06
487,562000,华宝中证A100ETF,指数型-股票,2025-03-12,0.9622,0.9622,0.73,0.64,-0.4,23.53,12.76,3.13,,1.07,-3.78,2022-07-21
488,159923,大成中证A100ETF,指数型-股票,2025-03-12,1.769,1.769,0.72,0.64,-0.55,23.32,12.75,1.96,-5.3,1.02,76.9,2013-02-07
489,561550,华泰柏瑞中证500增强策略ETF,指数型-股票,2025-03-12,0.9625,0.9625,0.99,2.13,1.97,31.24,12.73,5.28,3.98,6.9,-3.75,2021-12-02
490,515800,添富中证800ETF,指数型-股票,2025-03-13,1.0219,1.1339,-1.06,0.53,-0.21,26.88,12.72,2.12,-1.73,0.83,14.46,2019-10-08
491,515590,前海开源中证500等权ETF,指数型-股票,2025-03-12,1.5007,1.5007,1.63,2.34,-0.79,35.08,12.7,1.21,1.88,5.62,50.07,2019-11-14
492,510590,平安中证500ETF,指数型-股票,2025-03-12,6.2384,1.1761,1.51,1.75,-0.66,33.19,12.68,-0.16,-2.07,5.54,16.88,2018-03-23
493,159718,平安中证港股通医药卫生综合ETF,指数型-股票,2025-03-12,0.6695,0.6695,-1.14,11.27,11.23,25.49,12.67,-19.78,-8.63,15.59,-33.05,2021-12-16
494,560100,南方中证500增强策略ETF,指数型-股票,2025-03-12,0.9992,0.9992,1.75,1.31,-0.42,30.97,12.67,4.86,3.57,4.73,-0.08,2022-01-26
495,510200,汇安上证证券ETF,指数型-股票,2025-03-12,1.1954,1.1954,0.63,-0.76,-9.53,24.31,12.66,19.4,11.55,-3.04,19.54,2020-04-09
496,159596,华宝中证A50ETF,指数型-股票,2025-03-13,1.1056,1.1258,-0.97,0.14,0.55,22.87,12.65,,,-0.21,12.56,2024-03-07
497,159601,华夏MSCI中国A50互联互通ETF,指数型-股票,2025-03-12,0.8273,0.8273,0.76,0.12,-1.68,19.66,12.63,2.58,-5.14,-0.43,-17.27,2021-11-01
498,512090,易方达MSCI中国A股ETF,指数型-股票,2025-03-12,1.5835,1.5835,0.8,0.45,-2.08,25.48,12.6,4.39,0.16,0.6,58.35,2018-05-17
499,515380,泰康沪深300ETF,指数型-股票,2025-03-12,4.4195,1.0766,0.63,0.19,-2.23,24.46,12.59,4.74,-1.39,0.0,7.68,2019-12-27
500,159975,招商深证100ETF,指数型-股票,2025-03-12,0.5781,1.321,0.49,-0.45,-2.5,29.16,12.56,-3.23,-9.52,1.23,32.1,2019-11-07
501,159627,华夏中证A100ETF,指数型-股票,2025-03-12,1.0696,1.0696,0.75,0.67,-0.49,23.48,12.54,1.99,,1.02,6.96,2022-11-08
502,159880,鹏华国证有色金属行业ETF,指数型-股票,2025-03-12,1.0983,1.0983,4.14,2.43,0.91,25.72,12.53,-0.14,-11.96,10.28,9.83,2021-03-08
503,510380,国寿安保沪深300ETF,指数型-股票,2025-03-12,1.1305,1.1305,0.63,0.19,-2.18,24.52,12.51,4.01,-2.57,0.03,13.03,2018-01-19
504,512400,南方中证申万有色金属ETF,指数型-股票,2025-03-12,1.0869,1.0969,4.61,3.22,1.85,26.92,12.5,-2.62,-14.41,11.81,9.95,2017-08-03
505,159686,易方达中证A100ETF,指数型-股票,2025-03-12,1.0386,1.0386,0.74,0.65,-0.56,23.66,12.5,,,0.99,3.86,2023-07-11
506,159925,南方沪深300ETF,指数型-股票,2025-03-12,3.9544,1.7784,0.63,0.2,-2.27,24.39,12.44,4.41,-1.75,-0.01,103.54,2013-02-18
507,560050,汇添富MSCI中国A50互联互通ETF,指数型-股票,2025-03-12,0.8227,0.8227,0.77,0.09,-1.73,19.37,12.44,2.48,-5.43,-0.5,-17.74,2021-10-29
508,510310,易方达沪深300发起式ETF,指数型-股票,2025-03-12,3.865,1.9718,0.63,0.21,-2.22,24.36,12.42,4.44,-1.58,0.02,97.19,2013-03-06
509,515660,国联安沪深300ETF,指数型-股票,2025-03-12,4.7457,1.2257,0.62,0.19,-2.23,24.37,12.41,5.15,-0.35,0.01,22.57,2019-11-25
510,510350,工银瑞信沪深300ETF,指数型-股票,2025-03-12,3.9792,1.1316,0.63,0.21,-2.21,24.13,12.4,4.45,-1.4,0.02,14.13,2019-05-20
511,515350,民生加银沪深300ETF,指数型-股票,2025-03-12,5.12,1.2727,0.63,0.22,-2.22,24.16,12.38,4.66,-1.42,0.0,27.27,2019-12-24
512,159593,平安中证A50ETF,指数型-股票,2025-03-12,1.1454,1.1454,0.58,0.29,-2.03,22.84,12.38,,,-0.13,14.54,2024-03-04
513,511380,博时可转债ETF,指数型-固收,2025-03-12,12.1896,1.219,0.93,1.61,3.3,18.29,12.37,8.64,8.15,5.09,21.86,2020-03-06
514,159776,银华中证港股通医药卫生综合ETF,指数型-股票,2025-03-12,0.8972,0.8972,-1.25,11.18,10.98,25.2,12.35,-21.86,-9.72,15.56,-10.28,2022-03-07
515,510680,万家上证50ETF,指数型-股票,2025-03-12,2.7741,2.7741,1.02,0.97,-0.74,21.55,12.34,7.24,-1.1,-0.29,177.41,2013-10-31
516,510980,汇添富上证综合ETF,指数型-股票,2025-03-12,1.1394,1.1394,0.84,0.31,-2.56,22.5,12.34,,,0.22,13.94,2023-11-22
517,510390,平安沪深300ETF,指数型-股票,2025-03-12,4.2669,1.1474,0.62,0.15,-2.29,23.9,12.29,4.14,-1.85,-0.07,13.08,2017-12-25
518,512650,添富中证长三角ETF,指数型-股票,2025-03-12,1.0035,1.0035,0.64,-0.14,-1.43,27.41,12.29,0.11,-8.28,1.92,0.35,2019-07-26
519,510100,易方达上证50ETF,指数型-股票,2025-03-12,2.6685,1.1879,1.03,1.06,-0.99,21.2,12.29,8.09,0.32,-0.39,18.8,2019-09-06
520,515310,添富沪深300ETF,指数型-股票,2025-03-13,1.1418,1.1418,-1.13,0.14,-0.33,23.95,12.26,2.07,-3.56,-0.46,14.18,2019-12-04
521,510570,兴业中证500ETF,指数型-股票,2025-03-12,0.9393,0.9393,1.43,1.58,-0.98,31.7,12.22,0.5,-2.35,5.2,-6.03,2020-06-30
522,511090,鹏扬中债-30年期国债ETF,指数型-固收,2025-03-12,121.1116,1.2561,-2.88,-4.59,-0.03,4.24,12.22,,,-2.62,25.95,2023-05-19
523,159577,汇添富MSCI美国50ETF,指数型-海外股票,2025-03-12,1.1463,1.1463,-4.64,-9.08,-9.22,1.16,12.22,,,-7.28,14.63,2024-02-05
524,515390,华安沪深300ETF,指数型-股票,2025-03-12,1.1146,1.1146,0.62,0.2,-2.27,24.23,12.2,3.84,-2.33,-0.01,11.39,2019-12-13
525,159673,鹏华沪深300ETF,指数型-股票,2025-03-12,1.051,1.051,0.6,0.17,-2.19,24.11,12.2,,,0.02,5.1,2023-06-21
526,510160,中证南方小康产业指数ETF,指数型-股票,2025-03-12,0.8319,2.0697,0.05,-0.64,-5.38,19.56,12.19,13.49,14.95,-4.37,106.97,2010-08-27
527,560350,摩根中证A50ETF,指数型-股票,2025-03-12,1.1126,1.1389,0.57,0.27,-2.23,22.59,12.19,,,-0.16,13.73,2024-03-05
528,515160,招商MSCI中国A股国际通ETF,指数型-股票,2025-03-12,1.2997,1.2997,0.78,0.41,-2.26,25.28,12.17,3.03,-1.51,0.39,29.97,2020-02-03
529,159661,嘉实中证A100ETF,指数型-股票,2025-03-12,1.151,1.151,0.73,0.66,-0.43,23.01,12.17,,,1.04,15.1,2023-11-23
530,512550,嘉实富时中国A50ETF,指数型-股票,2025-03-12,1.5075,1.5075,0.84,0.65,-2.46,19.09,12.16,10.18,5.51,-1.48,50.75,2017-07-03
531,510330,华夏沪深300ETF,指数型-股票,2025-03-12,4.0491,1.9768,0.63,0.21,-2.23,24.35,12.13,3.81,-2.7,0.02,104.95,2012-12-25
532,515330,天弘沪深300ETF,指数型-股票,2025-03-12,1.1023,1.1023,0.62,0.18,-2.28,24.24,12.12,3.82,-2.48,-0.05,10.23,2019-12-05
533,159913,交银深证300价值ETF,指数型-股票,2025-03-12,2.202,2.202,-0.54,0.41,1.39,23.25,12.1,9.8,6.55,1.62,119.5,2011-09-22
534,159912,汇添富深证300ETF,指数型-股票,2025-03-12,1.4541,1.4541,0.86,0.64,-1.82,31.47,12.1,-5.22,-12.82,2.77,45.44,2011-09-16
535,515130,博时沪深300ETF,指数型-股票,2025-03-12,1.2409,1.2409,0.69,0.31,-2.05,24.14,12.1,3.7,-3.23,0.17,24.07,2020-04-03
536,510300,华泰柏瑞沪深300ETF,指数型-股票,2025-03-12,4.0235,1.7407,0.63,0.21,-2.24,24.16,12.09,3.63,-3.07,0.0,78.81,2012-05-04
537,560500,鹏扬中证500质量成长ETF,指数型-股票,2025-03-12,0.9571,0.9571,1.65,0.59,1.07,24.56,12.09,3.98,-4.95,5.06,-4.29,2021-08-04
538,159773,华泰柏瑞创业板科技ETF,指数型-股票,2025-03-12,0.7547,0.7547,0.08,-0.51,-2.85,40.41,12.07,-3.49,-10.09,4.1,-24.53,2021-09-23
539,159919,嘉实沪深300ETF,指数型-股票,2025-03-12,4.1263,1.8652,0.63,0.21,-2.23,24.26,12.04,3.66,-2.87,0.01,85.94,2012-05-07
540,510360,广发沪深300ETF,指数型-股票,2025-03-12,1.4611,1.4611,0.61,0.16,-2.37,24.12,12.03,3.86,-2.66,-0.09,46.11,2015-08-20
541,515360,方正富邦沪深300ETF,指数型-股票,2025-03-12,5.3059,1.3096,0.66,0.23,-2.26,23.92,11.99,4.27,-1.15,-0.03,30.96,2019-09-24
542,510050,华夏上证50ETF,指数型-股票,2025-03-12,2.7282,4.0786,1.04,1.08,-1.02,21.24,11.98,7.04,-1.72,-0.37,354.04,2004-12-30
543,510550,方正富邦中证500ETF,指数型-股票,2025-03-12,1.5133,1.5133,1.46,1.45,-1.23,32.71,11.98,-0.78,-3.89,5.17,51.36,2018-11-30
544,516530,银华中证现代物流ETF,指数型-股票,2025-03-12,0.8832,0.8832,1.28,0.99,-5.27,17.26,11.91,-4.69,-3.92,-1.67,-11.68,2022-01-04
545,510190,华安上证50ETF,指数型-股票,2025-03-12,3.7901,1.4524,1.03,1.06,-1.04,20.77,11.9,7.6,0.51,-0.36,45.24,2010-11-18
546,512150,汇安富时中国A50ETF,指数型-股票,2025-03-12,1.6162,1.6162,0.78,0.61,-2.57,18.73,11.88,7.66,3.53,-1.59,62.56,2018-12-21
547,515300,嘉实沪深300红利低波动ETF,指数型-股票,2025-03-12,1.3313,1.5976,-0.86,-1.19,-2.92,13.83,11.86,32.4,40.58,-4.6,62.54,2019-08-08
548,560180,南方沪深300ESG基准ETF,指数型-股票,2025-03-12,1.0112,1.0112,0.46,0.51,-1.43,23.97,11.86,,,0.15,1.12,2023-04-13
549,159150,易方达深证50ETF,指数型-股票,2025-03-12,1.183,1.183,0.49,-1.04,-3.51,27.11,11.84,,,-0.16,18.3,2023-11-29
550,159576,广发深证100ETF,指数型-股票,2025-03-12,1.1788,1.1851,0.47,-0.49,-2.71,29.53,11.78,,,0.95,18.55,2023-12-21
551,159791,华夏沪深300ESG基准ETF,指数型-股票,2025-03-12,0.941,0.941,0.45,0.51,-1.51,23.9,11.74,3.71,-3.55,0.2,-5.9,2022-02-24
552,561200,工银中证A100ETF,指数型-股票,2025-03-12,1.1903,1.1903,0.7,0.62,-0.53,23.21,11.73,,,0.97,19.05,2023-12-22
553,561990,招商沪深300增强策略ETF,指数型-股票,2025-03-12,0.8633,0.8633,0.66,0.5,-1.72,22.54,11.7,4.71,-0.05,0.22,-13.67,2021-12-02
554,510600,申万菱信上证50ETF,指数型-股票,2025-03-12,3.4258,1.3959,1.0,0.98,-1.0,20.61,11.63,6.64,-1.65,-0.5,39.59,2018-09-03
555,516910,富国中证现代物流ETF,指数型-股票,2025-03-12,1.0232,1.0232,1.3,1.0,-5.42,17.21,11.59,-4.8,-4.09,-1.79,2.32,2021-06-03
556,510990,工银瑞信中证180ESGETF,指数型-股票,2025-03-12,0.8947,0.8947,0.58,-0.06,-2.25,20.17,11.59,6.61,0.11,-0.81,-10.55,2021-06-18
557,159777,国联安创业板科技ETF,指数型-股票,2025-03-12,0.7254,0.7254,0.1,-0.48,-2.89,38.57,11.53,-4.14,-11.67,4.09,-27.46,2021-09-27
558,561900,招商沪深300ESG基准ETF,指数型-股票,2025-03-12,0.8401,0.8401,0.45,0.49,-1.47,23.49,11.52,4.79,-0.86,0.15,-15.99,2021-07-06
559,513970,景顺长城恒生消费ETF(QDII),指数型-海外股票,2025-03-12,0.9092,0.9092,1.09,5.5,-0.37,29.85,11.49,,,4.49,-9.08,2023-04-12
560,517160,南方中证长江保护主题ETF,指数型-股票,2025-03-12,0.7304,0.7304,1.36,1.43,-2.78,27.18,11.48,-5.07,-16.86,0.77,-26.96,2021-11-26
561,159965,国联央视财经50ETF,指数型-股票,2025-03-12,1.4565,1.4565,0.33,0.59,-0.82,23.44,11.38,12.46,9.44,0.39,45.65,2019-03-19
562,512870,南华中证杭州湾区ETF,指数型-股票,2025-03-12,1.2463,1.2463,0.87,-0.02,0.79,34.56,11.37,-14.44,-24.46,6.91,26.49,2018-12-14
563,159730,博时国证龙头家电ETF,指数型-股票,2025-03-12,1.0022,1.0022,0.11,-1.6,-1.5,16.22,11.36,13.12,16.43,1.73,0.22,2021-12-13
564,517330,易方达中证长江保护主题ETF,指数型-股票,2025-03-12,0.7342,0.7342,1.37,1.45,-2.78,26.98,11.31,-5.06,-16.59,0.81,-26.6,2021-11-26
565,159621,国泰MSCI中国A股ESG通用ETF,指数型-股票,2025-03-12,0.9874,0.9874,0.49,0.12,-2.81,22.34,11.31,0.59,,-0.3,-1.26,2022-08-30
566,159608,广发中证稀有金属主题ETF,指数型-股票,2025-03-12,0.6155,0.6155,4.22,5.25,0.2,36.66,11.2,-19.22,-31.22,10.94,-38.45,2021-12-15
567,516720,浦银安盛中证ESG120策略ETF,指数型-股票,2025-03-12,0.8834,0.8834,0.4,0.39,-1.35,21.45,11.11,5.37,-2.25,0.06,-11.66,2021-07-22
568,159641,招商中证上海环交所碳中和ETF,指数型-股票,2025-03-12,0.808,0.808,0.64,1.08,-1.68,22.28,11.03,-4.84,,2.75,-19.2,2022-07-14
569,159350,富国深证50ETF,指数型-股票,2025-03-12,1.1708,1.1708,0.5,-1.09,-3.73,26.16,10.97,,,-0.38,17.23,2023-11-30
570,159961,方正富邦深证100ETF,指数型-股票,2025-03-12,1.6701,1.6701,0.46,-0.51,-3.03,28.18,10.96,-5.63,-12.53,0.71,66.58,2018-11-02
571,513730,华泰柏瑞南方东英新交所泛东南亚科技ETF(QDII),指数型-海外股票,2025-03-11,1.1378,1.1378,-2.09,-11.32,-18.22,-3.13,10.94,,,-14.66,13.78,2023-11-15
572,510290,南方上证380ETF,指数型-股票,2025-03-12,2.0546,2.0546,1.84,1.22,-0.63,28.0,10.89,-0.45,-0.89,4.42,105.52,2011-09-16
573,159901,易方达深证100ETF,指数型-股票,2025-03-12,2.7911,5.4141,0.44,-0.52,-3.02,28.28,10.71,-6.44,-13.71,0.76,446.02,2006-03-24
574,512380,银华MSCI中国A股ETF,指数型-股票,2025-03-12,1.3336,1.3336,0.75,0.3,-2.32,24.13,10.65,0.98,-3.87,0.36,33.36,2019-03-19
575,512520,华泰MSCI中国A股国际通ETF,指数型-股票,2025-03-12,1.1965,1.5265,0.8,0.45,-2.37,24.05,10.6,1.84,-1.99,0.4,52.42,2018-04-26
576,515770,摩根MSCI中国A股ETF,指数型-股票,2025-03-12,1.1692,1.1692,0.74,0.37,-2.54,23.48,10.56,0.29,-5.6,0.17,16.92,2020-05-13
577,159523,华夏中证智选300成长创新策略ETF,指数型-股票,2025-03-12,1.027,1.027,0.88,0.47,0.43,24.18,10.56,,,1.45,2.7,2023-09-05
578,159706,华安深证100ETF,指数型-股票,2025-03-12,0.7091,0.7091,0.42,-0.51,-3.0,27.51,10.49,-6.19,-13.48,0.71,-29.09,2021-12-09
579,516950,银华中证基建ETF,指数型-股票,2025-03-12,1.0755,1.0755,0.28,3.62,-3.58,24.65,10.47,0.09,3.46,0.36,7.55,2021-04-29
580,510370,兴业沪深300ETF,指数型-股票,2025-03-12,0.8656,0.8656,0.6,0.1,-2.41,22.42,10.44,2.56,-4.31,-0.16,-13.44,2020-09-11
581,512530,建信沪深300红利ETF,指数型-股票,2025-03-12,1.4385,1.4385,-0.38,-0.81,-4.07,14.85,10.32,21.4,21.4,-4.53,43.82,2019-08-23
582,515090,博时可持续发展100ETF,指数型-股票,2025-03-12,1.2035,1.2035,0.69,1.19,-2.03,22.31,10.21,3.81,-2.37,0.35,20.35,2020-01-19
583,510010,交银上证180公司治理ETF,指数型-股票,2025-03-12,1.567,1.744,0.71,0.26,-2.73,15.22,10.2,12.73,10.98,-2.06,74.44,2009-09-25
584,561910,招商中证电池主题ETF,指数型-股票,2025-03-12,0.5232,0.5232,-0.11,3.44,0.02,32.49,10.19,-23.98,-37.48,7.3,-47.68,2021-08-04
585,560550,广发中证上海环交所碳中和ETF,指数型-股票,2025-03-12,0.7748,0.7748,0.64,1.04,-1.69,21.29,10.07,-7.08,,2.68,-22.52,2022-07-11
586,513650,南方标普500ETF(QDII),指数型-海外股票,2025-03-11,1.4391,1.4391,-3.56,-8.12,-8.58,1.07,10.07,,,-5.45,43.91,2023-03-23
587,513500,博时标普500ETF,指数型-海外股票,2025-03-11,1.8876,3.7752,-3.59,-8.17,-8.6,1.14,10.05,49.04,50.04,-5.5,277.52,2013-12-05
588,561130,富国中证新华社民族品牌工程ETF,指数型-股票,2025-03-12,0.7963,0.7963,1.01,0.7,-2.85,30.14,10.05,-1.58,-5.73,0.31,-20.39,2021-09-27
589,560860,万家中证工业有色金属主题ETF,指数型-股票,2025-03-12,0.8746,0.8746,4.81,3.52,2.4,31.82,10.05,-10.95,,10.43,-12.54,2023-02-22
590,159699,广发恒生消费(QDII-ETF),指数型-海外股票,2025-03-12,0.9905,0.9905,0.88,4.97,-0.83,28.75,10.04,,,4.02,-0.95,2023-08-10
591,512180,建信MSCI中国A股国际通ETF,指数型-股票,2025-03-12,1.4127,1.4127,0.73,0.31,-2.63,23.1,9.95,0.06,-4.5,0.07,41.24,2018-04-19
592,159970,工银瑞信深证100ETF,指数型-股票,2025-03-12,4.7326,1.0359,0.43,-0.52,-2.94,26.86,9.94,-6.65,-14.0,0.69,3.59,2019-12-19
593,511180,海富通上证投资级可转债ETF,指数型-固收,2025-03-12,11.5306,1.1531,0.5,0.27,1.89,13.63,9.9,10.36,8.66,2.57,15.31,2020-07-13
594,159619,国泰中证基建ETF,指数型-股票,2025-03-12,0.9763,0.9763,0.24,3.59,-3.91,24.12,9.88,0.35,5.24,0.09,-2.37,2022-02-09
595,517380,天弘恒生沪深港创新药精选50ETF,指数型-股票,2025-03-12,0.5544,0.5544,-0.88,5.0,1.72,24.36,9.87,-16.53,-18.73,7.01,-44.56,2021-07-27
596,159980,大成有色金属期货ETF,指数型-其他,2025-03-12,1.7209,1.7209,2.22,2.57,2.32,6.52,9.82,11.16,2.91,5.05,72.09,2019-10-24
597,159655,华夏标普500ETF(QDII),指数型-海外股票,2025-03-11,1.4622,1.4622,-4.24,-9.15,-8.94,1.95,9.73,50.02,,-6.22,46.22,2022-10-12
598,159656,万家沪深300成长ETF,指数型-股票,2025-03-12,0.8582,0.8582,1.47,1.32,-1.58,28.67,9.73,-12.03,,2.25,-14.18,2022-12-28
599,159653,国联安国证ESG300ETF,指数型-股票,2025-03-12,0.9887,0.9887,0.83,0.4,-2.5,21.66,9.73,-1.13,,0.25,-1.13,2023-03-06
600,159635,华夏中证基建ETF,指数型-股票,2025-03-12,1.0345,1.0345,0.24,3.61,-3.97,24.13,9.69,-0.97,,0.07,3.45,2022-06-28
601,560700,广发中证国新央企股东回报ETF,指数型-股票,2025-03-12,1.0267,1.0852,0.68,0.31,-5.6,17.66,9.69,,,-3.49,8.62,2023-05-24
602,159969,银华深证100ETF,指数型-股票,2025-03-12,1.1849,1.1849,0.44,-0.48,-2.9,26.81,9.67,-7.6,-15.15,0.71,18.7,2019-06-28
603,159974,富国央企创新ETF,指数型-股票,2025-03-12,1.6013,1.6013,0.73,0.47,-2.72,19.05,9.61,12.73,22.38,-1.89,63.38,2019-09-20
604,512280,景顺MSCI中国A股ETF,指数型-股票,2025-03-12,1.4664,1.4664,0.71,0.32,-2.67,22.9,9.58,-0.7,-5.83,0.08,46.73,2018-04-27
605,563020,易方达中证红利低波动ETF,指数型-股票,2025-03-12,1.1288,1.1798,-0.61,-0.54,-3.55,14.36,9.52,,,-3.08,18.21,2023-12-06
606,159687,南方基金南方东英富时亚太低碳精选ETF(QDII),指数型-海外股票,2025-03-11,1.2864,1.2864,0.02,-0.31,0.78,7.24,9.5,30.01,,2.37,28.64,2022-12-16
607,515860,嘉实新兴科技100ETF,指数型-股票,2025-03-12,1.2463,1.2463,2.44,-0.06,7.44,40.81,9.35,8.24,-2.67,6.69,24.63,2019-09-26
608,159639,南方中证上海环交所碳中和ETF,指数型-股票,2025-03-12,0.7736,0.7736,0.64,1.03,-1.94,20.91,9.34,-7.83,,2.59,-22.64,2022-07-11
609,561960,招商中证国新央企股东回报ETF,指数型-股票,2025-03-12,1.0791,1.0911,0.67,0.31,-5.52,17.19,9.33,,,-3.55,9.08,2023-05-24
610,516600,工银瑞信中证消费服务领先ETF,指数型-股票,2025-03-12,0.61,0.61,1.09,1.75,-1.98,28.66,9.3,-7.15,-9.43,1.45,-39.0,2021-02-09
611,159717,鹏华国证ESG300ETF,指数型-股票,2025-03-12,0.8823,0.8823,0.82,0.39,-2.69,21.93,9.29,0.59,-4.29,0.14,-11.77,2021-09-15
612,159761,国泰中证新材料主题ETF,指数型-股票,2025-03-12,0.5315,0.5315,0.8,4.15,-1.37,32.78,9.29,-24.79,-36.45,5.65,-46.85,2021-11-24
613,510210,上证综指ETF,指数型-股票,2025-03-12,0.817,1.697,0.74,0.74,-2.74,22.49,9.22,7.51,7.97,0.25,72.56,2011-01-30
614,561190,富国中证上海环交所碳中和ETF,指数型-股票,2025-03-12,0.7732,0.7732,0.62,1.05,-1.89,20.85,9.16,-7.89,,2.66,-22.7,2022-07-11
615,159659,招商纳斯达克100ETF(QDII),指数型-海外股票,2025-03-11,1.499,1.499,-4.73,-10.54,-10.93,1.68,9.15,,,-7.87,49.9,2023-04-12
616,159671,工银瑞信中证稀有金属主题ETF,指数型-股票,2025-03-12,0.7473,0.7473,4.21,5.24,-0.08,34.96,9.13,-21.74,,10.71,-25.2,2023-02-17
617,561160,富国中证电池主题ETF,指数型-股票,2025-03-12,0.5248,0.5248,-0.13,3.43,-0.19,31.79,9.08,-25.6,,7.19,-47.53,2022-06-30
618,512890,华泰柏瑞中证红利低波ETF,指数型-股票,2025-03-12,1.085,2.17,-0.65,-0.59,-3.54,14.29,9.0,24.4,34.42,-3.24,117.0,2018-12-19
619,512260,华安中证低波动ETF,指数型-股票,2025-03-12,1.6077,1.6077,1.71,0.81,-3.33,26.83,8.97,4.95,7.12,1.19,60.8,2018-11-30
620,512360,平安MSCI中国A股国际ETF,指数型-股票,2025-03-12,1.5027,1.5027,0.72,0.25,-2.47,21.76,8.96,-1.09,-6.76,0.11,50.35,2018-06-15
621,562990,易方达中证上海环交所碳中和ETF,指数型-股票,2025-03-12,0.7725,0.7725,0.61,1.02,-2.02,20.55,8.93,-8.11,,2.52,-22.75,2022-07-11
622,159696,易方达纳斯达克100ETF(QDII),指数型-海外股票,2025-03-11,1.2916,1.2916,-4.77,-10.62,-11.11,1.5,8.86,,,-8.01,29.16,2023-08-17
623,159612,国泰标普500(QDII-ETF),指数型-海外股票,2025-03-11,1.4829,1.4829,-3.61,-8.17,-8.56,1.02,8.84,47.33,,-5.48,48.29,2022-05-09
624,513870,富国纳斯达克100ETF(QDII),指数型-海外股票,2025-03-11,1.3224,1.3224,-4.77,-10.6,-11.19,1.4,8.84,,,-7.96,32.24,2023-10-25
625,515600,广发央企创新ETF,指数型-股票,2025-03-12,1.475,1.475,0.72,0.5,-2.79,18.42,8.81,11.19,19.69,-2.02,49.28,2019-09-20
626,159666,华夏中证全指运输ETF,指数型-股票,2025-03-12,0.9527,0.9527,0.25,0.29,-7.28,13.31,8.79,-4.56,,-4.09,-4.73,2023-01-13
627,513110,华泰柏瑞纳斯达克100ETF(QDII),指数型-海外股票,2025-03-11,1.6088,1.6088,-4.75,-10.64,-10.99,1.58,8.74,61.43,,-8.09,60.88,2023-03-01
628,159944,广发中证全指原材料ETF,指数型-股票,2025-03-12,0.971,0.971,2.9,2.75,0.09,25.26,8.7,-9.87,-17.07,7.41,-2.9,2015-06-25
629,513390,博时纳斯达克100ETF(QDII),指数型-海外股票,2025-03-12,1.5789,1.5789,-5.0,-9.76,-9.45,1.69,8.55,,,-7.01,57.89,2023-04-19
630,560070,汇添富中证国新央企股东回报ETF,指数型-股票,2025-03-12,1.0183,1.0683,0.65,0.29,-5.84,16.85,8.52,,,-3.63,6.91,2023-05-24
631,159509,景顺长城纳斯达克科技ETF(QDII),指数型-海外股票,2025-03-11,1.3328,1.3328,-4.31,-12.07,-11.89,-0.72,8.5,,,-9.97,33.28,2023-07-19
632,515900,博时央企创新驱动ETF,指数型-股票,2025-03-12,1.4742,1.4742,0.71,0.5,-2.8,18.15,8.49,10.87,19.71,-2.03,48.88,2019-09-20
633,159549,天弘中证红利低波动100ETF,指数型-股票,2025-03-12,1.1155,1.1155,-0.12,-0.26,-4.7,17.76,8.46,,,-3.92,11.55,2023-11-23
634,159941,广发纳斯达克100ETF,指数型-海外股票,2025-03-11,1.0503,4.2012,-4.75,-10.55,-11.4,0.94,8.45,65.9,60.9,-8.27,320.12,2015-06-10
635,159501,嘉实纳斯达克100ETF(QDII),指数型-海外股票,2025-03-11,1.3073,1.3073,-4.76,-10.61,-11.11,1.43,8.44,,,-7.95,30.73,2023-05-31
636,513100,国泰纳斯达克100ETF,指数型-海外股票,2025-03-11,1.395,6.975,-4.78,-10.63,-11.2,1.16,8.39,66.07,61.83,-7.98,597.5,2013-04-25
637,159796,汇添富中证电池主题ETF,指数型-股票,2025-03-12,0.6193,0.6193,-0.16,3.41,-0.39,31.07,8.38,-26.24,-38.99,7.03,-38.07,2022-03-03
638,159660,汇添富纳斯达克100ETF,指数型-海外股票,2025-03-12,1.5356,1.5356,-5.01,-9.77,-9.62,1.41,8.31,,,-7.01,53.56,2023-03-30
639,513300,华夏纳斯达克100ETF(QDII),指数型-海外股票,2025-03-11,1.7528,1.7528,-5.46,-11.61,-11.53,2.17,8.3,69.01,64.92,-8.72,75.28,2020-10-22
640,159662,南方国证交通运输行业ETF,指数型-股票,2025-03-12,0.9811,0.9811,0.06,-0.14,-8.13,11.88,8.22,-4.92,,-5.28,-1.89,2022-11-23
641,159916,建信深证基本面60ETF,指数型-股票,2025-03-12,4.7706,2.5992,0.17,-0.48,-4.08,22.68,8.2,2.48,-2.45,-0.2,159.92,2011-09-08
642,560060,汇添富中证上海环交所碳中和ETF,指数型-股票,2025-03-12,0.7603,0.7603,0.6,1.0,-2.19,20.03,8.18,-9.16,,2.38,-23.97,2022-07-13
643,515680,嘉实中证央企创新驱动ETF,指数型-股票,2025-03-12,1.4824,1.4824,0.71,0.49,-2.89,18.03,8.16,10.75,20.31,-2.07,49.57,2019-09-20
644,515100,景顺长城红利低波动100ETF,指数型-股票,2025-03-12,1.4362,1.8732,-0.13,-0.31,-4.89,17.35,8.16,18.54,28.49,-3.96,93.05,2020-05-22
645,159959,银华中证央企结构调整ETF,指数型-股票,2025-03-12,1.4403,1.4403,0.52,-0.5,-3.72,18.07,8.1,6.25,9.91,-3.17,44.03,2018-10-22
646,159640,工银瑞信中证上海环交所碳中和ETF,指数型-股票,2025-03-12,0.7622,0.7622,0.65,1.03,-2.14,19.84,8.02,-9.6,,2.42,-23.78,2022-07-13
647,562800,嘉实中证稀有金属主题ETF,指数型-股票,2025-03-12,0.5382,0.5382,4.2,5.2,-0.37,33.98,8.01,-22.06,-33.66,10.47,-46.18,2021-09-15
648,159617,华夏中证智选500价值稳健策略ETF,指数型-股票,2025-03-12,1.1567,1.1567,1.64,1.26,-3.81,27.22,8.01,9.66,,0.45,15.67,2022-06-09
649,159910,嘉实深证基本面120ETF,指数型-股票,2025-03-12,2.1182,2.1182,0.29,-0.17,-3.85,24.72,7.88,1.16,-2.87,0.62,111.82,2011-08-01
650,159632,华安纳斯达克100ETF(QDII),指数型-海外股票,2025-03-12,1.6092,1.6092,-4.99,-9.74,-9.5,1.39,7.88,68.63,,-7.04,60.92,2022-07-21
651,159642,大成中证上海环交所碳中和ETF,指数型-股票,2025-03-12,0.78,0.78,0.58,0.96,-2.23,19.45,7.87,-8.08,,2.31,-22.0,2022-07-13
652,562880,嘉实中证电池主题ETF,指数型-股票,2025-03-12,0.5389,0.5389,-0.17,3.38,-0.5,30.67,7.76,-26.16,-39.27,6.92,-46.13,2021-07-13
653,562910,易方达中证装备产业ETF,指数型-股票,2025-03-12,0.6621,0.6621,1.02,3.08,-2.32,24.78,7.73,-17.1,-26.73,2.24,-33.79,2021-12-29
654,159513,大成纳斯达克100ETF(QDII),指数型-海外股票,2025-03-11,1.175,1.175,-4.7,-10.5,-10.95,1.21,7.71,,,-7.9,17.5,2023-07-12
655,516320,华夏中证装备产业ETF,指数型-股票,2025-03-12,0.7686,0.7686,1.03,3.07,-2.4,24.93,7.62,-17.38,-26.15,2.21,-23.14,2021-05-27
656,515110,易方达中证国企一带一路ETF,指数型-股票,2025-03-12,1.3272,1.3272,0.9,-0.67,-4.34,18.79,7.58,5.7,6.56,-2.41,32.72,2019-11-06
657,512040,富国中证价值ETF,指数型-股票,2025-03-12,0.9622,2.1324,1.78,0.66,-3.98,19.38,7.53,20.46,18.06,-1.66,116.18,2018-11-07
658,561800,华富中证稀有金属主题ETF,指数型-股票,2025-03-12,0.5751,0.5751,4.17,5.16,-0.55,33.65,7.52,-23.36,-34.47,10.32,-42.49,2021-08-11
659,516480,国联安中证新材料主题ETF,指数型-股票,2025-03-12,0.6367,0.6367,0.7,3.87,-2.18,28.37,7.21,-25.85,-37.9,4.67,-36.33,2021-05-27
660,159547,华夏中证红利低波动ETF,指数型-股票,2025-03-12,1.1192,1.1192,-0.64,-0.59,-3.4,14.39,7.2,,,-3.25,11.92,2024-01-25
661,517180,南方富时中国国企开放共赢ETF,指数型-股票,2025-03-12,1.4484,1.5244,-0.4,-2.19,-6.09,9.94,7.19,26.31,48.81,-7.49,52.26,2021-12-17
662,512950,华夏中证央企ETF,指数型-股票,2025-03-12,1.3307,1.3307,0.52,-0.55,-3.6,17.51,7.09,4.9,8.54,-3.26,37.14,2018-10-19
663,512960,博时央企结构调整ETF,指数型-股票,2025-03-12,1.2902,1.329,0.51,-0.55,-3.54,17.24,7.06,5.01,8.49,-3.25,36.4,2018-10-19
664,159719,平安富时中国国企开放共赢ETF,指数型-股票,2025-03-12,1.4888,1.4888,-0.37,-2.19,-6.11,9.54,7.01,24.95,45.89,-7.44,48.73,2021-12-17
665,517090,国泰富时中国国企开放共赢ETF,指数型-股票,2025-03-12,1.439,1.439,-0.29,-2.14,-5.95,9.89,6.94,24.86,41.9,-7.31,43.8,2021-12-17
666,513400,鹏华道琼斯工业平均ETF(QDII),指数型-海外股票,2025-03-11,1.0707,1.0707,-2.5,-6.83,-6.06,2.61,6.92,,,-2.6,7.07,2024-01-17
667,561320,国泰中证内地运输主题ETF,指数型-股票,2025-03-12,0.9238,0.9238,-0.25,-0.12,-7.56,9.92,6.76,-5.36,,-5.39,-7.62,2022-11-30
668,562310,银华沪深300成长ETF,指数型-股票,2025-03-12,0.7815,0.7815,1.44,1.27,-2.13,25.38,6.73,-15.71,,1.97,-21.85,2022-09-01
669,517120,华泰柏瑞中证创新药产业ETF,指数型-股票,2025-03-12,0.5224,0.5224,-0.51,5.54,2.88,23.24,6.72,-16.97,-17.15,8.43,-47.76,2021-07-08
670,516560,华宝中证养老产业ETF,指数型-股票,2025-03-12,0.809,0.809,2.37,1.83,-6.12,26.88,6.66,-6.54,-7.51,0.71,-19.1,2021-09-08
671,159708,西部利得深证红利ETF,指数型-股票,2025-03-12,0.7917,0.7917,1.83,2.5,-1.77,23.26,6.33,2.38,-0.62,1.03,-20.81,2021-06-18
672,512390,平安MSCI中国A股ETF,指数型-股票,2025-03-12,1.0581,1.3869,-0.24,-0.92,-3.4,13.59,6.31,1.52,1.06,-2.73,38.73,2018-06-07
673,515150,富国中证国企一带一路ETF,指数型-股票,2025-03-12,1.2529,1.2529,0.87,-0.73,-4.45,17.91,6.21,2.8,2.25,-2.59,25.29,2019-11-06
674,511260,国泰上证10年期国债ETF,指数型-固收,2025-03-12,134.22,1.342,-0.93,-1.64,-0.14,2.26,6.08,11.97,14.75,-1.14,34.19,2017-08-04
675,511520,富国中债7-10年政策性金融债ETF,指数型-固收,2025-03-12,113.3306,1.1333,-1.15,-2.13,-0.42,2.02,6.07,13.3,,-1.47,13.33,2022-08-19
676,516890,平安中证新材料主题ETF,指数型-股票,2025-03-12,0.5354,0.5354,0.75,3.98,-2.01,29.2,6.0,-27.83,-39.43,4.77,-46.47,2021-07-09
677,511270,海富通上证10年期ETF,指数型-固收,2025-03-12,116.2961,1.3514,-0.67,-1.91,-0.38,1.91,5.95,12.33,16.78,-1.34,38.02,2018-10-12
678,516710,华夏中证新材料主题ETF,指数型-股票,2025-03-12,0.5112,0.5112,0.75,4.14,-2.22,30.01,5.9,-28.15,-39.26,4.99,-48.88,2021-08-04
679,516360,华宝新材料ETF,指数型-股票,2025-03-13,0.7068,0.7068,-1.67,3.58,-0.35,30.74,5.87,-27.7,-39.47,4.12,-29.33,2021-04-30
680,511020,平安中证5-10年国债活跃券ETF,指数型-固收,2025-03-12,115.9199,1.2465,-0.86,-1.55,-0.15,2.14,5.85,11.3,13.31,-1.16,25.67,2018-12-21
681,159763,建信中证新材料主题ETF,指数型-股票,2025-03-12,0.5004,0.5004,0.72,4.03,-2.17,29.44,5.82,-28.28,-40.42,4.86,-49.96,2021-08-19
682,159748,富国沪港深创新药产业ETF,指数型-股票,2025-03-12,0.5816,0.5816,-0.63,5.71,2.88,22.8,5.78,-18.8,-20.16,8.73,-41.84,2021-11-24
683,159967,华夏创成长ETF,指数型-股票,2025-03-12,0.4556,1.6577,-0.04,-1.89,-4.61,28.41,5.76,-19.06,-29.69,1.2,61.56,2019-06-21
684,511100,华夏上证基准做市国债ETF,指数型-固收,2025-03-12,107.3683,1.0737,-1.11,-1.94,-0.02,2.31,5.58,,,-1.18,7.37,2023-12-13
685,159703,天弘中证新材料主题ETF,指数型-股票,2025-03-12,0.6233,0.6233,0.74,4.09,-2.33,29.48,5.45,-29.15,-40.64,4.9,-37.67,2021-05-27
686,562010,华宝中证绿色能源ETF,指数型-股票,2025-03-12,0.7358,0.7358,-0.24,1.1,-3.67,19.0,5.32,-25.38,,1.64,-26.27,2022-12-16
687,562060,华宝标普中国A股红利机会ETF,指数型-股票,2025-03-13,1.0814,1.1274,1.79,1.48,-2.99,20.72,5.3,,,-1.26,12.7,2023-12-08
688,516970,广发中证基建工程ETF,指数型-股票,2025-03-12,1.0791,1.0791,0.39,0.66,-8.36,23.84,5.26,-9.35,-8.01,-3.32,7.91,2021-06-23
689,560960,摩根中证碳中和60ETF,指数型-股票,2025-03-12,0.7989,0.7989,-0.27,0.92,-2.26,19.47,5.13,-17.26,,1.89,-20.11,2022-12-29
690,561060,华安中证国有企业红利ETF,指数型-股票,2025-03-12,1.052,1.066,0.29,-0.37,-5.07,14.03,5.13,,,-4.35,6.59,2023-09-06
691,515180,易方达中证红利ETF,指数型-股票,2025-03-12,1.3303,1.6013,0.64,0.33,-4.31,14.19,5.12,14.85,21.07,-3.49,65.16,2019-11-26
692,159515,鹏扬中证国有企业红利ETF,指数型-股票,2025-03-12,1.0618,1.0618,0.27,-0.41,-5.14,14.05,5.04,,,-4.45,6.18,2023-08-25
693,515990,添富中证国企一带一路ETF,指数型-股票,2025-03-13,1.258,1.258,0.24,-0.35,-2.76,17.25,5.0,-1.32,-0.81,-2.86,25.8,2019-11-06
694,515890,博时红利ETF,指数型-股票,2025-03-12,1.3546,1.6258,0.65,0.36,-4.07,13.86,4.99,15.85,23.41,-3.36,67.52,2020-03-20
695,515080,招商中证红利ETF,指数型-股票,2025-03-12,1.506,1.826,0.63,0.34,-4.23,14.15,4.92,14.01,20.86,-3.48,88.5,2019-11-28
696,159622,创新药ETF沪港深,指数型-股票,2025-03-12,0.8319,0.8319,-0.66,5.62,2.6,21.84,4.71,,,8.45,-16.82,2023-04-21
697,517110,国泰中证沪港深创新药产业ETF,指数型-股票,2025-03-12,0.5513,0.5513,-0.6,5.45,2.59,22.1,4.59,-20.27,-21.88,8.31,-44.87,2021-09-08
698,159581,万家中证红利ETF,指数型-股票,2025-03-12,1.0055,1.0455,0.63,0.31,-4.2,14.17,4.59,,,-3.48,4.61,2024-03-06
699,159905,工银深证红利ETF,指数型-股票,2025-03-12,1.6633,1.9693,1.78,2.41,-2.32,21.78,4.57,-0.97,-4.1,0.73,97.08,2010-11-05
700,159972,鹏华中证5年地债ETF,指数型-固收,2025-03-12,114.8701,1.2369,-0.29,-0.92,-0.15,1.13,4.53,9.41,12.39,-0.73,24.24,2019-08-23
701,511060,海富通上证5年期ETF,指数型-固收,2025-03-12,106.5643,1.2041,-0.24,-0.92,-0.24,1.05,4.42,8.69,11.81,-0.76,21.87,2019-11-07
702,560020,汇添富中证红利ETF,指数型-股票,2025-03-12,1.0506,1.0876,0.61,0.28,-4.35,13.72,4.33,,,-3.63,8.72,2023-09-26
703,510170,国联安上证商品ETF,指数型-股票,2025-03-12,0.881,1.093,3.4,0.0,-5.98,15.31,4.26,1.85,-1.97,-0.23,9.31,2010-11-26
704,511010,国泰上证5年期国债ETF,指数型-固收,2025-03-12,139.994,1.413,-0.4,-0.86,-0.5,0.83,4.12,8.21,10.05,-0.92,41.68,2013-03-05
705,516960,国泰细分机械设备产业主题ETF,指数型-股票,2025-03-12,0.7691,0.7691,-0.12,2.41,-2.95,21.6,4.0,-21.4,-31.04,1.69,-23.09,2021-04-07
706,159886,富国细分机械设备产业主题ETF,指数型-股票,2025-03-12,0.7942,0.7942,-0.13,2.42,-3.19,21.31,3.88,-21.52,-31.83,1.63,-20.58,2021-04-15
707,159691,工银瑞信中证港股通高股息精选ETF,指数型-股票,2025-03-12,1.105,1.1153,1.4,2.55,0.78,12.54,3.79,,,1.1,11.58,2023-03-30
708,561500,华泰柏瑞中证企业核心竞争力50ETF,指数型-股票,2025-03-12,0.6742,0.6742,1.72,3.76,3.53,27.83,3.6,-11.5,-11.97,6.09,-32.58,2021-06-17
709,516020,华宝化工ETF,指数型-股票,2025-03-12,0.6354,0.6354,1.79,1.78,-0.87,23.52,3.5,-21.0,-31.49,4.63,-36.46,2021-02-26
710,516120,富国中证细分化工产业主题ETF,指数型-股票,2025-03-12,0.6437,0.6437,1.79,1.77,-1.11,23.24,3.42,-20.92,-30.89,4.55,-35.63,2021-03-01
711,560650,民生加银中证企业核心竞争力50ETF,指数型-股票,2025-03-12,0.8539,0.8539,1.65,3.75,3.63,27.07,3.1,-13.12,,6.0,-14.61,2022-06-13
712,159816,鹏华0-4年地方政府债ETF,指数型-固收,2025-03-12,112.9325,1.1428,-0.1,-0.45,0.03,0.81,3.02,6.82,9.09,-0.47,14.44,2020-07-30
713,159649,华安中债1-5年国开债ETF,指数型-固收,2025-03-12,107.189,1.0719,-0.18,-0.43,-0.14,0.84,3.01,6.77,,-0.56,7.19,2022-08-08
714,515060,华夏中证全指房地产ETF,指数型-股票,2025-03-12,0.6765,0.6765,-0.1,-1.4,-15.71,25.88,2.81,-24.51,-30.29,-2.21,-32.35,2019-11-28
715,159650,博时中债0-3年国开行ETF,指数型-固收,2025-03-12,106.0915,1.0609,-0.14,-0.29,0.08,0.88,2.6,5.55,,-0.33,6.07,2022-08-26
716,511220,海富通上证城投债ETF,指数型-固收,2025-03-12,10.2845,1.4157,-0.26,-0.71,-0.29,0.61,2.56,7.55,10.6,-0.49,52.34,2014-11-13
717,510270,中银上证国企100ETF,指数型-股票,2025-03-12,1.2871,1.5019,0.94,-0.77,-4.18,11.92,2.56,4.22,1.11,-3.47,50.19,2011-06-16
718,562330,银华中证500价值ETF,指数型-股票,2025-03-12,0.9891,0.9891,1.52,0.02,-5.46,19.56,2.53,,,-0.96,-1.15,2023-04-07
719,510880,华泰柏瑞上证红利ETF,指数型-股票,2025-03-12,3.0181,2.9167,0.45,-1.4,-5.04,10.8,2.52,15.16,20.98,-5.54,242.22,2006-11-17
720,516220,国泰中证细分化工产业主题ETF,指数型-股票,2025-03-12,0.6632,0.6632,1.72,1.69,-1.34,22.16,2.39,-21.69,-31.34,4.26,-33.68,2021-03-02
721,511030,平安中债债利差因子ETF,指数型-固收,2025-03-12,10.4912,1.1741,-0.16,-0.47,-0.08,0.62,2.29,5.53,7.07,-0.29,18.3,2018-12-27
722,159651,平安中债-0-3年国开行债券ETF,指数型-固收,2025-03-12,105.531,1.0553,-0.04,-0.24,-0.03,0.77,2.22,5.12,,-0.39,5.53,2022-09-01
723,513800,南方顶峰TOPIX-ETF,指数型-海外股票,2025-03-12,1.389,1.419,0.01,0.95,-1.12,1.53,2.18,28.45,38.22,1.25,42.08,2019-06-12
724,510410,博时上证自然资源ETF,指数型-股票,2025-03-12,1.1942,1.1942,3.04,-1.47,-6.11,11.63,1.98,7.94,9.18,-1.31,19.42,2012-04-10
725,159870,鹏华中证细分化工产业ETF,指数型-股票,2025-03-12,0.6015,0.6015,1.73,1.69,-1.38,22.06,1.95,-22.93,-32.73,4.26,-39.85,2021-02-23
726,511360,海富通中证短融ETF,指数型-固收,2025-03-12,111.3122,1.1131,0.03,0.05,0.29,0.83,1.87,4.39,6.62,0.17,11.31,2020-08-03
727,588700,嘉实上证科创板生物医药ETF,指数型-股票,2025-03-12,0.9239,0.9239,-1.32,7.02,2.07,27.98,1.85,,,11.31,-7.61,2023-12-27
728,511580,招商中证国债及政策性金融债0-3年ETF,指数型-固收,2025-03-12,107.1325,1.0713,-0.16,-0.35,-0.24,0.06,1.75,6.31,,-0.36,7.13,2022-09-15
729,513290,汇添富纳斯达克生物科技ETF(QDII),指数型-海外股票,2025-03-12,1.1667,1.1667,-1.51,-0.01,-0.77,-6.76,1.74,17.54,,3.17,16.67,2022-08-15
730,516070,易方达中证内地低碳经济ETF,指数型-股票,2025-03-12,0.4478,0.8956,-0.29,0.34,-7.31,14.76,1.7,-22.9,-34.5,-2.95,-10.44,2021-04-15
731,512200,南方中证房地产ETF,指数型-股票,2025-03-12,1.4276,0.5112,-0.11,-1.5,-16.38,26.35,1.62,-26.83,-33.11,-2.31,-48.88,2017-08-25
732,159616,建信中证农牧主题ETF,指数型-股票,2025-03-12,0.7051,0.7051,2.84,2.29,-5.53,20.63,1.34,-21.61,,0.5,-29.49,2022-07-21
733,562850,嘉实中证国新央企现代能源ETF,指数型-股票,2025-03-12,1.0491,1.0491,0.14,-1.47,-7.07,2.8,1.17,,,-6.4,4.91,2023-07-27
734,561260,工银瑞信中证国新央企现代能源ETF,指数型-股票,2025-03-12,1.0457,1.0457,0.16,-1.43,-7.06,2.76,1.1,,,-6.36,4.57,2023-07-27
735,516550,嘉实中证大农业ETF,指数型-股票,2025-03-12,0.6259,0.6259,1.81,1.92,-6.86,19.51,1.02,-17.97,-26.18,-1.43,-37.41,2021-03-30
736,516570,易方达中证石化产业ETF,指数型-股票,2025-03-12,0.7427,0.7427,1.49,-0.84,-3.7,12.58,0.92,-12.36,-21.38,-1.16,-25.73,2021-06-09
737,561790,博时中证国新央企现代能源ETF,指数型-股票,2025-03-12,1.0475,1.0475,0.12,-1.5,-7.05,2.56,0.78,,,-6.41,4.75,2023-07-27
738,159669,国泰国证绿色电力ETF,指数型-股票,2025-03-12,0.9997,0.9997,0.48,-0.94,-7.79,4.06,0.58,1.25,,-5.73,-0.03,2022-12-29
739,159625,嘉实国证绿色电力ETF,指数型-股票,2025-03-12,1.087,1.087,0.48,-0.94,-7.66,3.96,0.49,2.58,,-5.7,8.7,2022-04-21
740,159731,华夏中证石化产业ETF,指数型-股票,2025-03-12,0.6868,0.6868,1.45,-0.89,-3.77,12.61,0.48,-12.82,-21.78,-1.25,-31.32,2021-12-02
741,159758,华夏中证红利质量ETF,指数型-股票,2025-03-12,0.9034,0.9034,0.93,-1.29,-4.74,25.19,0.36,-4.07,-0.3,-0.92,-9.66,2021-12-20
742,159698,鹏华国证粮食产业ETF,指数型-股票,2025-03-12,0.8606,0.8606,0.46,-0.97,-8.33,19.56,-0.2,,,-2.88,-13.94,2023-07-26
743,159707,华宝中证800地产ETF,指数型-股票,2025-03-12,0.6296,0.6296,-0.73,-0.83,-11.05,22.35,-0.21,-29.25,-36.19,-0.74,-37.04,2021-11-04
744,516130,华宝中证消费龙头ETF,指数型-股票,2025-03-12,0.7683,0.7683,1.8,0.91,-4.49,18.4,-0.32,-9.47,-9.49,-2.07,-23.17,2021-09-28
745,513080,华安法国CAC40ETF(QDII),指数型-海外股票,2025-03-11,1.6177,1.6177,1.89,3.55,9.23,6.27,-0.33,17.23,45.92,11.07,61.72,2020-05-29
746,516080,易方达中证创新药产业ETF,指数型-股票,2025-03-12,0.5536,0.5536,0.07,3.23,-4.24,20.01,-0.36,-20.48,-25.48,3.03,-44.64,2021-02-03
747,515650,富国中证消费50ETF,指数型-股票,2025-03-12,1.1452,1.1452,1.4,1.57,-5.37,18.37,-0.37,-9.87,-10.01,-2.14,14.52,2019-10-14
748,159520,工银中证消费龙头ETF,指数型-股票,2025-03-12,1.032,1.032,1.83,0.92,-4.81,18.5,-0.6,,,-2.21,3.2,2023-10-19
749,159798,易方达中证消费50ETF,指数型-股票,2025-03-12,0.9271,0.9271,1.36,1.48,-5.48,17.8,-0.79,-10.44,,-2.25,-7.29,2022-04-28
750,159623,博时成渝经济圈ETF,指数型-股票,2025-03-12,0.7892,0.7892,1.95,1.47,-6.71,25.89,-0.95,-14.59,,0.15,-21.08,2022-08-15
751,159790,华夏中证内地低碳经济主题ETF,指数型-股票,2025-03-12,0.5667,0.5667,-0.37,0.19,-8.02,12.75,-1.03,-26.88,-39.08,-3.56,-43.33,2021-07-30
752,159885,鹏华中证内地低碳经济主题ETF,指数型-股票,2025-03-12,0.5878,0.8817,-0.37,0.15,-8.04,12.35,-1.29,-26.48,-37.81,-3.61,-11.83,2021-04-06
753,159670,国联安中证消费50ETF,指数型-股票,2025-03-12,0.9444,0.9444,1.36,1.49,-5.39,16.29,-1.3,,,-2.15,-5.56,2023-04-14
754,159768,银华中证内地地产主题ETF,指数型-股票,2025-03-12,0.5651,0.5651,-0.72,-0.81,-11.01,22.29,-1.31,-31.96,-39.27,-0.74,-43.49,2022-01-27
755,512580,广发中证环保ETF,指数型-股票,2025-03-12,0.9669,0.9669,0.26,1.12,-7.27,15.91,-1.34,-28.69,-40.33,-1.94,-3.31,2017-01-25
756,159745,国泰中证全指建筑材料ETF,指数型-股票,2025-03-12,0.5918,0.5918,1.54,3.26,-8.48,28.85,-1.38,-26.89,-34.64,1.6,-40.82,2021-06-09
757,560560,泰康中证内地低碳经济ETF,指数型-股票,2025-03-12,0.5525,0.5525,-0.36,0.16,-8.05,12.34,-1.55,-27.25,-39.45,-3.61,-44.85,2021-08-27
758,159611,广发中证全指电力公用事业ETF,指数型-股票,2025-03-12,0.9264,0.9264,0.1,-0.7,-7.86,1.41,-1.6,5.36,0.77,-6.52,-7.36,2021-12-29
759,562300,银华中证内地低碳经济主题ETF,指数型-股票,2025-03-12,0.557,0.557,-0.38,0.14,-8.01,11.94,-1.66,-27.51,-39.25,-3.62,-44.3,2021-12-20
760,561560,华泰柏瑞中证全指电力公用事业ETF,指数型-股票,2025-03-12,1.1177,1.1177,0.09,-0.73,-7.78,1.28,-1.71,6.06,,-6.52,11.77,2022-04-26
761,562550,华夏中证绿色电力ETF,指数型-股票,2025-03-12,1.009,1.009,0.19,-0.62,-7.74,1.81,-1.93,0.99,,-6.27,0.9,2023-03-07
762,510150,招商上证消费80ETF,指数型-股票,2025-03-12,0.5228,2.0676,1.24,1.53,-5.1,19.22,-2.04,-15.76,-19.26,-1.19,106.76,2010-12-08
763,516810,华夏中证农业主题ETF,指数型-股票,2025-03-12,0.6749,0.6749,1.81,2.72,-5.82,17.13,-2.06,-19.38,-27.27,0.24,-32.51,2021-12-29
764,561700,博时中证全指电力公用事业ETF,指数型-股票,2025-03-12,0.9744,0.9744,0.05,-0.78,-7.89,1.15,-2.07,4.36,,-6.57,-2.58,2022-07-01
765,562960,易方达中证绿色电力ETF,指数型-股票,2025-03-12,1.0074,1.0074,0.21,-0.64,-7.71,1.63,-2.08,,,-6.24,0.74,2023-04-03
766,560580,南方中证全指电力公用事业ETF,指数型-股票,2025-03-12,0.9764,0.9764,0.08,-0.72,-7.94,1.22,-2.13,,,-6.58,-2.36,2023-04-27
767,517990,招商中证沪港深500医药卫生ETF,指数型-股票,2025-03-12,0.7658,0.7658,-0.6,3.65,-0.67,18.88,-2.15,-25.43,,5.12,-23.42,2022-05-09
768,561170,富国中证绿色电力ETF,指数型-股票,2025-03-12,1.0122,1.0122,0.22,-0.6,-7.83,1.69,-2.2,1.44,,-6.35,1.21,2023-03-02
769,562350,银华中证全指电力公用事业ETF,指数型-股票,2025-03-12,0.9783,0.9783,0.08,-0.66,-7.65,1.02,-2.22,3.51,,-6.36,-2.18,2022-06-30
770,159858,南方中证创新药产业ETF,指数型-股票,2025-03-12,0.562,0.562,0.02,3.18,-4.75,18.49,-2.24,-23.81,-29.62,2.63,-43.8,2021-03-12
771,159787,易方达中证全指建筑材料ETF,指数型-股票,2025-03-12,0.6458,0.6458,1.49,3.2,-8.58,27.35,-2.36,-28.16,-36.17,1.43,-35.42,2022-03-04
772,516750,富国中证全指建筑材料ETF,指数型-股票,2025-03-12,0.6496,0.6496,1.5,3.18,-8.79,28.23,-2.37,-27.97,-36.41,1.36,-35.04,2021-10-28
773,159697,鹏华国证石油天然气ETF,指数型-股票,2025-03-12,0.9681,0.9681,0.84,-3.85,-9.3,6.51,-2.73,,,-8.38,-3.19,2023-04-17
774,159827,银华中证农业主题ETF,指数型-股票,2025-03-12,0.7123,0.7123,1.79,2.68,-5.82,16.31,-2.77,-20.64,-28.58,0.14,-28.77,2020-12-10
775,515120,广发中证创新药产业ETF,指数型-股票,2025-03-12,0.5334,0.5334,0.04,3.13,-4.85,18.09,-2.88,-24.57,-30.92,2.54,-46.66,2020-12-03
776,159847,易方达中证医疗ETF,指数型-股票,2025-03-12,0.4026,0.4026,0.45,3.52,-2.66,27.61,-2.92,-29.14,-34.56,6.28,-59.74,2021-07-08
777,516060,工银瑞信中证创新药产业ETF,指数型-股票,2025-03-12,0.4907,0.4907,0.02,3.11,-4.74,18.13,-2.93,-24.64,-30.96,2.55,-50.93,2021-02-09
778,560900,摩根中证创新药产业ETF,指数型-股票,2025-03-12,0.7678,0.7678,-0.01,3.12,-4.87,17.96,-3.01,-25.01,,2.5,-23.22,2022-05-19
779,159992,银华中证创新药产业ETF,指数型-股票,2025-03-12,0.7138,0.7138,0.03,3.12,-4.81,17.85,-3.08,-25.12,-31.58,2.51,-28.63,2020-03-20
780,561360,国泰中证油气产业ETF,指数型-股票,2025-03-12,1.0062,1.0062,0.99,-2.82,-7.07,9.99,-3.23,,,-5.14,0.62,2023-10-23
781,159835,建信中证创新药产业ETF,指数型-股票,2025-03-12,0.5559,0.5559,-0.02,3.06,-4.86,17.45,-3.44,-24.9,-31.57,2.41,-44.41,2021-03-11
782,513520,华夏野村日经225ETF,指数型-海外股票,2025-03-12,1.3811,1.3811,-0.88,-2.97,-5.17,-1.36,-3.76,28.19,36.62,-3.56,38.11,2019-06-12
783,510660,华夏医药ETF,指数型-股票,2025-03-12,2.1346,2.1346,-0.07,1.88,-3.68,17.47,-4.04,-19.42,-23.44,2.09,113.46,2013-03-28
784,560260,广发中证医疗ETF,指数型-股票,2025-03-12,0.8647,0.8647,0.43,3.51,-2.84,26.75,-4.04,,,6.14,-13.53,2023-09-06
785,159866,工银瑞信大和日经225ETF(QDII),指数型-海外股票,2025-03-12,1.032,1.032,-0.52,-2.96,-5.46,-2.33,-4.15,25.18,31.95,-2.98,3.2,2021-03-24
786,159828,国泰中证医疗ETF,指数型-股票,2025-03-12,0.4283,0.4283,0.45,3.53,-2.95,26.83,-4.2,-31.44,-37.91,6.15,-57.17,2020-12-24
787,159825,富国中证农业主题ETF,指数型-股票,2025-03-12,0.6643,0.6643,1.79,2.69,-6.26,15.25,-4.25,-22.58,-30.33,-0.18,-33.57,2020-12-10
788,512170,华宝中证医疗ETF,指数型-股票,2025-03-12,0.3464,1.0392,0.41,3.46,-2.94,26.56,-4.28,-30.89,-37.56,6.03,3.9,2019-05-20
789,159873,天弘中证全指医疗保健设备与服务ETF,指数型-股票,2025-03-12,0.5963,0.5963,0.81,2.69,-5.35,22.9,-4.3,-23.97,-26.47,4.12,-40.37,2021-03-16
790,513000,易方达日经225ETF,指数型-海外股票,2025-03-12,1.3811,1.3811,-0.55,-3.17,-5.52,-2.42,-4.47,26.28,34.34,-3.14,38.11,2019-06-12
791,159861,国泰中证环保产业50ETF,指数型-股票,2025-03-12,0.8339,0.8339,0.19,0.94,-8.03,14.99,-4.56,-30.65,-40.95,-2.16,-16.61,2021-03-19
792,159898,招商中证全指医疗器械ETF,指数型-股票,2025-03-12,0.5376,0.5376,1.01,1.95,-4.73,20.19,-4.78,-20.01,-24.64,3.58,-46.24,2021-05-27
793,516090,易方达中证新能源ETF,指数型-股票,2025-03-12,0.384,0.768,0.71,2.21,-7.2,21.06,-4.79,-36.14,-46.31,0.37,-23.2,2021-03-11
794,516790,华泰柏瑞中证医疗保健ETF,指数型-股票,2025-03-12,0.5917,0.5917,0.87,2.87,-4.83,22.15,-4.95,-25.1,-27.62,4.61,-40.83,2021-08-12
795,562900,易方达中证现代农业主题ETF,指数型-股票,2025-03-12,0.7093,0.7093,1.42,2.38,-7.47,14.13,-5.11,-22.68,-28.45,-1.49,-29.07,2021-12-02
796,510630,华夏消费ETF,指数型-股票,2025-03-12,0.944,3.776,3.05,4.69,-7.97,22.15,-5.12,-20.47,-22.6,-2.04,277.6,2013-03-28
797,159752,申万菱信中证内地新能源主题ETF,指数型-股票,2025-03-12,0.4768,0.4768,0.61,1.99,-6.75,20.4,-5.23,-36.94,-50.6,-0.96,-52.32,2021-07-20
798,512120,华安中证细分医药ETF,指数型-股票,2025-03-12,0.4073,1.2219,0.42,1.42,-6.09,14.09,-5.5,-22.57,-29.53,-0.24,22.19,2013-12-04
799,159843,招商国证食品饮料ETF,指数型-股票,2025-03-12,0.6683,0.6683,3.5,5.74,-7.17,24.31,-5.73,-21.13,-17.76,-1.24,-33.17,2021-01-25
800,516160,南方中证新能源ETF,指数型-股票,2025-03-12,1.98,0.6121,0.68,2.18,-7.52,20.39,-5.78,-37.65,-48.39,0.14,-38.81,2021-01-22
801,516270,华安中证内地新能源主题ETF,指数型-股票,2025-03-12,0.4631,0.4631,0.56,1.91,-6.97,19.88,-6.03,-37.39,-50.96,-1.15,-53.69,2021-07-09
802,516850,华夏中证新能源ETF,指数型-股票,2025-03-12,0.7227,0.7227,0.67,2.13,-7.24,20.51,-6.08,-38.16,-48.85,0.38,-27.73,2021-03-09
803,513880,华安日经225ETF,指数型-海外股票,2025-03-12,1.2776,1.2776,-0.58,-3.06,-5.47,-2.71,-6.2,22.48,29.39,-3.21,27.76,2019-06-12
804,515710,华宝中证细分食品饮料主题ETF,指数型-股票,2025-03-12,0.6255,0.6255,3.58,5.57,-7.02,23.47,-6.31,-21.96,-19.48,-1.15,-37.45,2020-12-24
805,159875,嘉实中证新能源ETF,指数型-股票,2025-03-12,0.4686,0.4686,0.69,2.16,-7.61,19.85,-6.49,-37.88,-48.07,0.09,-53.14,2021-08-09
806,516580,博时中证新能源ETF,指数型-股票,2025-03-12,0.4681,0.4681,0.65,2.07,-7.64,19.5,-6.59,-38.25,-49.49,-0.04,-53.19,2021-07-15
807,159837,易方达中证生物科技主题ETF,指数型-股票,2025-03-12,0.4556,0.4556,-0.02,2.89,-3.72,18.96,-6.62,-24.67,-33.88,3.73,-54.44,2021-01-14
808,516610,大成中证全指医疗保健设备与服务ETF,指数型-股票,2025-03-12,0.4972,0.4972,0.81,2.71,-5.39,20.94,-6.66,-27.47,-30.57,4.08,-50.28,2021-04-29
809,159736,天弘中证食品饮料ETF,指数型-股票,2025-03-12,0.7178,0.7178,3.27,5.28,-8.69,24.68,-6.69,-24.62,-23.42,-1.33,-28.22,2021-09-09
810,159891,建信中证全指医疗保健设备与服务ETF,指数型-股票,2025-03-12,0.4473,0.4473,0.83,2.71,-5.39,20.83,-6.83,-28.73,-32.02,4.07,-55.27,2021-05-27
811,159877,南方中证全指医疗保健设备与服务ETF,指数型-股票,2025-03-12,0.5936,0.5936,0.83,2.73,-5.45,21.32,-6.87,-28.26,-31.35,4.14,-40.64,2021-10-22
812,516670,招商中证畜牧养殖ETF,指数型-股票,2025-03-12,0.6178,0.6178,1.96,2.98,-8.24,15.71,-6.96,-26.39,-30.51,-0.56,-38.22,2021-03-18
813,159938,广发中证全指医药卫生ETF,指数型-股票,2025-03-12,0.6134,1.2268,0.36,1.54,-5.91,15.6,-6.99,-24.23,-27.96,0.59,22.68,2014-12-01
814,516760,平安中证畜牧养殖ETF,指数型-股票,2025-03-12,0.5985,0.5985,1.92,2.89,-8.39,14.59,-7.08,-27.33,-32.3,-0.78,-40.15,2021-03-04
815,513360,博时全球中国教育(QDII-ETF),指数型-海外股票,2025-03-12,0.5681,0.5681,1.01,0.28,3.33,39.75,-7.11,4.14,66.26,17.09,-43.19,2021-06-08
816,515170,华夏中证细分食品饮料主题ETF,指数型-股票,2025-03-12,0.589,0.589,3.61,5.59,-7.38,23.22,-7.16,-23.54,-21.28,-1.32,-41.1,2020-12-30
817,159928,汇添富中证主要消费ETF,指数型-股票,2025-03-12,0.8128,3.2512,3.09,5.56,-6.42,20.09,-7.2,-21.57,-23.04,-0.51,225.41,2013-08-23
818,516930,民生加银中证生物科技主题ETF,指数型-股票,2025-03-12,0.4731,0.4731,-0.13,2.89,-3.67,17.77,-7.34,-26.17,-35.9,3.64,-52.69,2021-08-05
819,560680,广发中证主要消费ETF,指数型-股票,2025-03-12,0.8856,0.8856,3.08,5.54,-6.36,19.9,-7.41,-22.06,,-0.48,-11.44,2022-10-19
820,512600,嘉实中证主要消费ETF,指数型-股票,2025-03-12,0.6902,3.451,3.08,5.52,-6.48,19.74,-7.44,-20.62,-21.06,-0.55,244.96,2014-06-13
821,159929,汇添富中证医药卫生ETF,指数型-股票,2025-03-12,1.2653,1.2653,0.35,1.13,-6.65,14.98,-7.45,-23.9,-28.36,-0.11,26.37,2013-08-23
822,159766,富国中证旅游主题ETF,指数型-股票,2025-03-12,0.6697,0.6697,0.9,0.56,-13.83,14.75,-7.46,-38.15,-31.02,-4.97,-33.03,2021-07-15
823,159689,南方中证主要消费ETF,指数型-股票,2025-03-12,0.7721,0.7721,3.1,5.55,-6.57,19.95,-7.48,-22.18,,-0.58,-22.79,2023-03-03
824,159867,鹏华中证畜牧养殖ETF,指数型-股票,2025-03-12,0.5721,0.5721,1.92,2.91,-8.43,14.97,-7.58,-27.2,-31.4,-0.64,-42.79,2021-02-25
825,516500,华夏中证生物科技主题ETF,指数型-股票,2025-03-12,0.5866,0.5866,-0.05,2.8,-3.95,18.05,-7.59,-25.43,-34.58,3.48,-41.34,2021-03-04
826,562510,华夏中证旅游主题ETF,指数型-股票,2025-03-12,0.6755,0.6755,0.9,0.54,-13.86,14.69,-7.62,-37.99,-30.67,-5.01,-32.45,2021-12-21
827,159672,博时主要消费ETF,指数型-股票,2025-03-12,0.7705,0.7705,3.06,5.48,-6.41,19.49,-7.65,,,-0.58,-22.95,2023-03-23
828,159862,银华中证细分食品饮料产业主题ETF,指数型-股票,2025-03-12,0.6911,0.6911,3.52,5.45,-7.3,22.12,-7.67,-23.98,-21.36,-1.4,-30.89,2021-10-26
829,159883,永赢中证全指医疗器械ETF,指数型-股票,2025-03-12,0.4991,0.4991,0.99,1.88,-5.55,17.46,-7.71,-24.49,-30.59,2.93,-50.09,2021-04-22
830,159849,招商中证生物科技主题ETF,指数型-股票,2025-03-12,0.4758,0.4758,-0.06,2.83,-4.0,18.15,-7.81,-26.14,-34.76,3.5,-52.42,2021-02-08
831,159797,汇添富中证全指医疗器械ETF,指数型-股票,2025-03-12,0.7674,0.7674,0.96,1.82,-5.56,16.98,-7.89,-24.69,,2.8,-23.26,2022-04-28
832,515950,富国中证医药50ETF,指数型-股票,2025-03-12,0.8572,0.9842,0.8,1.3,-6.17,17.2,-8.14,-23.01,-27.6,-0.28,-3.55,2020-03-16
833,159760,泰康国证公共卫生与医疗健康ETF,指数型-股票,2025-03-12,0.5717,0.5717,0.3,0.83,-7.12,13.88,-8.2,-25.11,-29.91,-1.04,-42.83,2021-12-06
834,512010,易方达沪深300医药ETF,指数型-股票,2025-03-12,0.3572,1.4288,0.34,0.96,-7.08,14.63,-8.25,-25.6,-30.76,-0.86,42.88,2013-09-23
835,159865,国泰中证畜牧养殖ETF,指数型-股票,2025-03-12,0.5628,0.5628,1.9,2.83,-8.73,14.6,-8.34,-28.37,-33.47,-0.78,-43.72,2021-03-01
836,516900,华安中证申万食品饮料ETF,指数型-股票,2025-03-12,0.6231,0.6231,3.35,5.18,-7.89,21.6,-8.39,-25.17,-23.59,-1.89,-37.69,2021-04-16
837,562600,华夏中证全指医疗器械ETF,指数型-股票,2025-03-12,0.8689,0.8689,0.96,1.83,-5.63,16.65,-8.43,,,2.74,-13.11,2023-11-23
838,515910,中金MSCI中国A股国际质量ETF,指数型-股票,2025-03-12,0.5115,0.5115,1.89,0.41,-6.25,20.64,-8.58,-24.71,-28.12,-1.67,-48.85,2021-01-21
839,515960,嘉实医药健康100ETF,指数型-股票,2025-03-12,0.729,0.729,1.19,1.72,-5.53,14.82,-8.95,-23.85,-29.29,0.45,-27.05,2020-04-24
840,159838,博时医药50ETF,指数型-股票,2025-03-12,0.5407,0.5407,0.76,1.24,-6.49,16.08,-9.0,-24.26,-29.38,-0.55,-45.93,2021-07-22
841,159985,华夏饲料豆粕期货ETF,指数型-其他,2025-03-12,1.9304,1.9304,-2.76,-0.77,7.6,-0.05,-9.2,-1.08,19.97,5.6,93.04,2019-09-24
842,159647,鹏华中证中药ETF,指数型-股票,2025-03-12,0.9559,0.9559,0.96,-1.78,-10.54,11.75,-9.43,-15.36,,-5.26,-4.41,2022-07-20
843,560080,汇添富中证中药ETF,指数型-股票,2025-03-12,1.0331,1.0331,0.98,-1.82,-10.72,11.87,-9.73,-16.27,,-5.36,3.31,2022-09-26
844,562390,银华中证中药ETF,指数型-股票,2025-03-12,0.945,0.945,0.95,-1.81,-10.63,11.6,-9.84,-16.28,,-5.38,-5.5,2022-07-20
845,561510,华泰柏瑞中证中药ETF,指数型-股票,2025-03-12,1.0091,1.0091,0.96,-1.84,-10.67,11.56,-10.0,-15.31,,-5.39,0.91,2022-07-26
846,512690,鹏华中证酒ETF,指数型-股票,2025-03-12,0.6232,1.9464,5.34,8.74,-6.71,24.32,-11.36,-29.81,-24.15,1.2,70.22,2019-04-04
847,159502,嘉实标普生物科技精选行业ETF(QDII),指数型-海外股票,2025-03-11,0.9226,0.9226,0.13,-3.19,-11.42,-12.47,-11.42,,,-4.63,-7.74,2023-12-26
848,512290,国泰中证生物医药ETF,指数型-股票,2025-03-12,0.929,0.929,0.01,1.88,-4.18,16.07,-11.93,-24.64,-31.71,2.16,-7.1,2019-04-18
849,516820,平安医药及医疗器械创新ETF,指数型-股票,2025-03-12,0.3385,0.3385,0.45,1.93,-6.44,20.04,-12.31,-35.36,-45.74,0.98,-66.15,2021-06-09
850,159945,广发中证全指能源ETF,指数型-股票,2025-03-12,1.018,1.018,1.19,-5.09,-14.11,-0.13,-12.38,3.93,11.61,-12.12,1.8,2015-06-25
851,513350,富国标普石油天然气勘探及生产精选行业ETF(QDII),指数型-海外股票,2025-03-11,0.9041,0.9041,-0.64,-11.66,-10.95,-1.65,-12.66,,,-7.37,-9.59,2023-11-20
852,159518,嘉实标普石油天然气勘探及生产精选行业ETF(QDII),指数型-海外股票,2025-03-11,0.8644,0.8644,-0.63,-11.74,-10.92,-1.63,-13.46,,,-7.42,-13.56,2023-11-01
853,159859,天弘国证生物医药ETF,指数型-股票,2025-03-12,0.364,0.364,1.34,1.56,-8.06,17.65,-13.76,-37.87,-47.32,0.86,-63.6,2021-06-24
854,159839,汇添富国证生物医药ETF,指数型-股票,2025-03-12,0.3407,0.3407,1.31,1.52,-8.12,17.24,-14.09,-38.45,-48.28,0.8,-65.93,2021-02-01
855,159981,建信易盛能源化工期货ETF,指数型-其他,2025-03-12,1.3795,1.3795,-2.08,-5.68,-3.97,1.52,-14.32,-9.84,-21.74,-4.51,37.94,2019-12-13
856,159930,汇添富中证能源ETF,指数型-股票,2025-03-12,1.2263,1.2263,1.19,-6.21,-14.85,-4.04,-14.34,9.26,21.62,-13.6,23.77,2013-08-23
857,159508,华安国证生物医药ETF,指数型-股票,2025-03-12,0.7614,0.7614,1.26,1.45,-8.11,15.96,-15.08,,,0.69,-23.86,2023-06-29
858,159864,国泰中证光伏产业ETF,指数型-股票,2025-03-12,0.4824,0.4824,1.82,1.17,-8.48,15.91,-16.31,-44.22,-49.11,-0.62,-51.76,2021-07-28
859,516880,银华中证光伏产业ETF,指数型-股票,2025-03-12,0.6306,0.6306,1.78,1.14,-8.41,15.43,-16.51,-45.32,-51.03,-0.79,-36.94,2021-01-05
860,159857,天弘中证光伏产业ETF,指数型-股票,2025-03-12,0.6338,0.6338,1.78,1.13,-8.78,15.03,-17.19,-45.88,-51.24,-0.95,-36.62,2021-02-04
861,562860,嘉实中证疫苗与生物技术ETF,指数型-股票,2025-03-12,0.6179,0.6179,0.11,1.65,-6.93,18.17,-17.24,-36.9,,1.61,-38.21,2023-02-16
862,516290,汇添富中证光伏产业ETF,指数型-股票,2025-03-12,0.4653,0.4653,1.77,1.13,-8.84,14.75,-17.44,-45.88,-51.13,-0.96,-53.47,2021-08-09
863,159863,鹏华中证光伏产业ETF,指数型-股票,2025-03-12,0.4974,0.7461,1.78,1.1,-8.95,14.5,-17.47,-45.88,-50.6,-1.05,-25.39,2021-02-22
864,515790,华泰柏瑞中证光伏产业ETF,指数型-股票,2025-03-12,0.7506,0.7506,1.79,1.12,-8.89,14.65,-17.52,-46.19,-51.8,-0.99,-24.94,2020-12-07
865,561920,招商中证疫苗与生物技术ETF,指数型-股票,2025-03-12,0.6487,0.6487,0.11,1.6,-7.04,18.1,-17.61,,,1.42,-35.13,2023-03-15
866,159609,浦银安盛中证光伏产业ETF,指数型-股票,2025-03-12,0.4348,0.4348,1.76,1.07,-8.98,14.18,-17.79,-46.35,,-1.07,-56.52,2022-06-16
867,516180,平安中证光伏产业ETF,指数型-股票,2025-03-12,0.6191,0.6191,1.76,1.08,-8.79,13.87,-17.89,-46.13,-51.49,-1.05,-38.09,2021-02-09
868,159657,鹏华国证疫苗与生物科技ETF,指数型-股票,2025-03-12,0.6374,0.6374,0.27,0.24,-8.39,14.91,-17.89,-36.11,,-0.41,-36.26,2023-02-22
869,159618,华安中证光伏产业ETF,指数型-股票,2025-03-12,0.5961,0.5961,1.76,1.07,-8.9,14.04,-18.08,-46.63,,-1.06,-40.39,2022-04-08
870,515220,国泰中证煤炭ETF,指数型-股票,2025-03-12,1.0006,2.2612,2.25,-4.13,-16.96,1.5,-18.41,-4.0,-1.0,-11.38,125.2,2020-01-20
871,560980,广发中证光伏龙头30ETF,指数型-股票,2025-03-12,0.4923,0.4923,2.22,1.34,-6.97,14.68,-18.84,-48.38,,-0.47,-50.77,2022-11-16
872,159645,富国国证疫苗与生物科技ETF,指数型-股票,2025-03-12,0.6636,0.6636,0.23,0.23,-8.67,13.96,-19.22,-38.7,,-0.6,-33.52,2022-09-16
873,159643,国泰国证疫苗与生物科技ETF,指数型-股票,2025-03-12,0.5867,0.5867,0.22,0.17,-8.76,13.77,-19.27,-38.26,,-0.68,-41.33,2022-08-10
874,563090,易方达上证50增强策略ETF,指数型-股票,2025-03-12,1.0665,1.0665,2.12,2.48,1.07,19.52,,,,1.75,6.65,2024-05-27
875,562560,华夏中证全指信息技术ETF,指数型-股票,2025-03-12,1.453,1.453,0.64,0.62,8.1,60.29,,,,10.9,45.3,2024-03-27
876,563280,富国MSCI中国A50互联互通增强策略ETF,指数型-股票,2025-03-12,1.0908,1.0908,0.77,-0.03,-1.8,17.24,,,,-0.73,9.07,2024-04-01
877,562580,华夏中证全指可选消费ETF,指数型-股票,2025-03-12,1.2009,1.2009,0.29,-0.68,1.38,30.05,,,,3.24,20.09,2024-03-18
878,159542,大成中证工程机械ETF,指数型-股票,2025-03-12,1.2506,1.2506,1.21,12.26,13.96,42.03,,,,18.06,25.06,2024-05-28
879,159558,易方达中证半导体材料设备主题ETF,指数型-股票,2025-03-12,1.2619,1.2619,-0.23,2.72,-0.95,46.41,,,,8.37,26.19,2024-06-06
880,159597,易方达创业板成长ETF,指数型-股票,2025-03-12,1.2252,1.2252,0.16,-0.46,-3.19,45.03,,,,3.42,22.52,2024-05-08
881,588450,招商上证科创板50成份增强策略ETF,指数型-股票,2025-03-12,1.3847,1.3847,0.58,3.36,6.12,58.72,,,,8.23,38.47,2024-05-06
882,159307,博时中证红利低波100ETF,指数型-股票,2025-03-12,1.0261,1.0521,-0.1,-0.18,-4.36,18.76,,,,-3.62,5.41,2024-04-16
883,560850,汇添富中证信息技术应用创新产业ETF,指数型-股票,2025-03-12,1.5275,1.5275,1.85,4.27,13.69,88.0,,,,24.51,52.75,2024-04-01
884,560150,泰康中证红利低波动ETF,指数型-股票,2025-03-12,1.0884,1.0884,-0.61,-0.53,-3.15,15.02,,,,-3.06,8.87,2024-03-15
885,510950,广发上证50ETF,指数型-股票,2025-03-12,1.1072,1.1072,1.08,1.1,-0.76,21.11,,,,-0.15,10.72,2024-04-24
886,159533,博时中证2000ETF,指数型-股票,2025-03-12,1.3708,1.3708,3.09,6.65,4.99,58.8,,,,16.54,37.08,2024-05-28
887,159525,富国中证红利低波动ETF,指数型-股票,2025-03-12,1.0148,1.0148,-0.62,-0.56,-3.08,14.25,,,,-3.16,1.48,2024-05-07
888,159599,西藏东财中证芯片产业ETF,指数型-股票,2025-03-12,1.5925,1.5925,0.11,2.81,12.06,75.39,,,,11.25,59.25,2024-04-19
889,513210,易方达恒生ETF(QDII),指数型-海外股票,2025-03-12,1.4659,1.4659,0.27,8.42,15.77,38.59,,,,17.53,46.59,2024-04-10
890,159589,广发中证红利ETF,指数型-股票,2025-03-12,1.0217,1.0381,0.62,0.27,-4.32,13.79,,,,-3.65,3.85,2024-03-14
891,159321,华安中证沪深港黄金产业股票ETF,指数型-股票,2025-03-12,0.9586,0.9586,3.97,1.95,4.96,18.74,,,,15.02,-4.14,2024-05-09
892,159310,天弘中证芯片产业ETF,指数型-股票,2025-03-12,1.5943,1.5943,0.09,2.8,12.39,75.95,,,,11.22,59.43,2024-04-18
893,159526,嘉实中证机器人ETF,指数型-股票,2025-03-12,1.4446,1.4446,1.85,7.86,15.33,75.21,,,,26.89,44.46,2024-04-16
894,562820,嘉实中证全指集成电路ETF,指数型-股票,2025-03-12,1.7929,1.7929,-0.1,3.08,15.71,89.5,,,,13.62,79.29,2024-04-12
895,561760,博时中证油气资源ETF,指数型-股票,2025-03-12,0.8987,0.8987,0.76,-3.74,-8.62,7.89,,,,-6.77,-10.14,2024-04-19
896,159588,景顺长城国证石油天然气ETF,指数型-股票,2025-03-12,0.9088,0.9088,0.84,-3.88,-9.3,6.28,,,,-8.4,-9.12,2024-05-23
897,159582,博时中证半导体产业ETF,指数型-股票,2025-03-12,1.5234,1.5234,0.09,3.23,6.08,59.54,,,,9.94,52.34,2024-04-08
898,513170,鹏华恒生中国央企(QDII),指数型-海外股票,2025-03-12,1.3007,1.3007,-0.05,2.89,8.82,29.17,,,,6.61,30.07,2024-04-10
899,159553,海富通中证2000增强策略ETF,指数型-股票,2025-03-12,1.3498,1.3498,2.81,5.48,3.35,55.33,,,,13.53,34.98,2024-03-27
900,588890,南方上证科创板芯片ETF,指数型-股票,2025-03-12,1.87,1.87,0.97,7.0,13.31,93.18,,,,14.07,87.0,2024-04-15
901,517400,国泰中证沪深港黄金产业股票ETF,指数型-股票,2025-03-12,0.9852,0.9852,4.2,2.14,5.04,19.37,,,,15.35,-1.48,2024-04-24
902,159306,平安中证汽车零部件主题ETF,指数型-股票,2025-03-12,1.2116,1.2116,1.14,3.19,10.02,44.81,,,,14.97,21.16,2024-04-29
903,513820,汇添富中证港股通高股息投资ETF,指数型-股票,2025-03-12,1.0995,1.1265,0.93,2.5,3.04,21.97,,,,1.63,12.88,2024-04-24
904,563180,银华中证高股息策略ETF,指数型-股票,2025-03-12,1.0331,1.0331,1.19,-1.02,-6.04,10.14,,,,-6.03,3.31,2024-05-06
905,159300,富国沪深300ETF,指数型-股票,2025-03-12,4.0276,1.1233,0.62,0.2,-2.16,24.44,,,,0.05,12.34,2024-05-23
906,563150,银华中证油气资源ETF,指数型-股票,2025-03-12,0.8958,0.8958,0.78,-3.75,-8.73,7.64,,,,-6.82,-10.42,2024-05-22
907,588990,博时上证科创板芯片ETF,指数型-股票,2025-03-12,1.7438,1.7438,0.99,6.92,13.36,89.63,,,,13.92,74.38,2024-08-08
908,159552,招商中证2000增强策略ETF,指数型-股票,2025-03-12,1.5296,1.5296,2.44,5.34,7.66,58.8,,,,17.47,52.96,2024-06-19
909,562570,华夏中证信息技术应用创新产业ETF,指数型-股票,2025-03-12,1.4977,1.4977,1.87,4.25,14.35,89.06,,,,25.19,49.74,2024-04-19
910,159561,嘉实德国DAXETF(QDII),指数型-海外股票,2025-03-11,1.1953,1.1953,3.27,5.89,11.11,19.16,,,,15.05,19.53,2024-04-03
911,588860,工银瑞信上证科创板生物医药ETF,指数型-股票,2025-03-12,1.2229,1.2229,-1.32,7.06,1.93,26.95,,,,11.18,22.29,2024-08-08
912,562260,海富通中证汽车零部件主题ETF,指数型-股票,2025-03-12,1.2209,1.2209,1.17,2.99,10.44,47.19,,,,15.7,22.68,2024-04-19
913,562340,银华中证500质量成长ETF,指数型-股票,2025-03-12,1.0419,1.0419,1.54,0.4,0.79,22.37,,,,4.4,4.19,2024-04-25
914,159557,嘉实恒生医疗保健ETF(QDII),指数型-海外股票,2025-03-12,1.1415,1.1415,-0.96,12.12,11.91,29.82,,,,16.75,14.15,2024-05-07
915,560690,鹏华中证电信主题ETF,指数型-股票,2025-03-12,1.3871,1.3871,0.3,0.13,3.78,47.08,,,,3.97,38.71,2024-04-01
916,560520,大成中证红利低波动100ETF,指数型-股票,2025-03-12,1.048,1.048,-0.14,-0.33,-4.97,16.5,,,,-3.99,4.8,2024-04-08
917,159528,富国中证国有企业改革ETF,指数型-股票,2025-03-12,1.0606,1.0606,0.81,-0.31,-3.59,20.33,,,,-1.13,6.06,2024-05-07
918,159315,工银瑞信中证沪深港黄金产业股票ETF,指数型-股票,2025-03-12,1.0156,1.0156,4.04,1.97,5.34,19.69,,,,15.51,1.56,2024-05-30
919,159545,易方达恒生港股通高股息低波动ETF,指数型-股票,2025-03-12,1.2531,1.2991,1.99,5.21,5.12,27.84,,,,4.46,30.52,2024-03-27
920,511130,博时上证30年期国债ETF,指数型-固收,2025-03-12,108.3823,1.1101,-2.71,-4.52,-0.11,3.8,,,,-2.32,11.02,2024-03-20
921,159569,景顺长城国证港股通红利低波动率ETF,指数型-股票,2025-03-12,1.1631,1.1631,2.58,4.82,5.14,22.16,,,,1.72,16.31,2024-08-14
922,510720,国泰上证国有企业红利ETF,指数型-股票,2025-03-12,0.9359,0.9736,-0.12,-2.23,-6.32,6.72,,,,-6.91,-2.76,2024-04-30
923,560360,万家中证软件服务ETF,指数型-股票,2025-03-12,1.5948,1.5948,1.05,-0.15,7.37,86.88,,,,19.45,59.48,2024-06-13
924,562700,华夏中证汽车零部件主题ETF,指数型-股票,2025-03-12,1.2373,1.2373,1.18,3.42,10.82,47.88,,,,16.24,23.73,2024-05-06
925,159309,汇添富中证油气资源ETF,指数型-股票,2025-03-13,0.9319,0.9319,1.37,-2.21,-6.07,8.87,,,,-6.03,-6.81,2024-05-31
926,159578,南方深证主板50ETF,指数型-股票,2025-03-12,1.0962,1.0962,0.8,0.31,-0.32,23.09,,,,1.95,9.62,2024-05-30
927,159303,大成恒生医疗保健ETF(QDII),指数型-海外股票,2025-03-12,1.2431,1.2431,-1.22,12.07,11.93,30.06,,,,16.68,24.31,2024-06-18
928,159352,南方中证A500ETF,指数型-股票,2025-03-12,1.0188,1.0188,0.95,0.49,-1.53,,,,,1.61,1.88,2024-09-25
929,520500,华泰柏瑞恒生创新药ETF,指数型-海外股票,2025-03-12,1.1653,1.1653,-0.58,15.24,,,,,,18.05,16.53,2024-12-16
930,588500,易方达上证科创板100增强策略ETF,指数型-股票,2025-03-12,1.4843,1.4843,1.47,4.95,9.2,61.21,,,,17.25,48.43,2024-06-27
931,520830,华泰柏瑞南方东英沙特ETF,指数型-海外股票,2025-03-11,0.9822,0.9822,-1.28,-5.01,-3.86,0.73,,,,-2.73,-1.79,2024-07-05
932,159322,平安中证沪深港黄金产业ETF,指数型-股票,2025-03-12,1.0104,1.0104,3.79,1.42,4.6,18.55,,,,14.18,1.04,2024-06-05
933,159305,广发国证新能源电池ETF,指数型-股票,2025-03-12,1.2831,1.2831,2.03,6.45,3.58,,,,,7.54,28.31,2024-09-18
934,159329,南方基金南方东英沙特阿拉伯ETF(QDII),指数型-海外股票,2025-03-11,0.9918,0.9918,-1.26,-4.95,-3.63,1.37,,,,-2.71,-0.82,2024-07-05
935,159335,融通中证诚通央企科技创新ETF,指数型-股票,2025-03-12,1.2307,1.2307,1.74,2.72,1.38,25.7,,,,3.15,23.05,2024-08-22
936,520520,华泰柏瑞恒生消费ETF,指数型-海外股票,2025-03-12,1.0657,1.0657,1.17,5.62,-0.23,,,,,4.59,6.57,2024-10-23
937,530880,银河上证国有企业红利ETF,指数型-股票,2025-03-12,0.9642,0.9692,-0.1,-2.19,-6.16,,,,,-6.87,-3.09,2024-10-30
938,530000,天弘上证50ETF,指数型-股票,2025-03-12,1.2024,1.2024,1.03,1.04,-1.16,21.12,,,,-0.43,20.24,2024-09-04
939,159332,富国中证中央企业红利ETF,指数型-股票,2025-03-12,1.0897,1.0915,-0.13,0.27,-3.78,18.71,,,,-3.4,9.15,2024-07-16
940,520890,华泰柏瑞恒生港股通高股息低波动ETF,指数型-股票,2025-03-12,1.2359,1.2359,1.58,4.67,4.46,23.58,,,,3.89,23.55,2024-09-04
941,561930,招商沪深300ETF,指数型-股票,2025-03-12,1.2437,1.2437,0.66,0.26,-1.95,24.53,,,,0.21,24.53,2024-09-06
942,159800,鹏华中证800ETF,指数型-股票,2025-03-12,1.1692,1.1692,0.84,0.55,-1.96,26.06,,,,1.27,16.92,2024-06-27
943,159326,华夏中证电网设备主题ETF,指数型-股票,2025-03-12,1.1209,1.1209,1.93,2.52,-2.05,11.47,,,,0.93,12.09,2024-08-29
944,561570,华泰柏瑞中证油气产业ETF,指数型-股票,2025-03-12,0.9493,0.9493,0.9,-2.77,-7.17,,,,,-5.16,-5.07,2024-10-09
945,588830,鹏华上证科创板新能源ETF,指数型-股票,2025-03-12,1.1806,1.1806,1.81,5.47,-10.72,24.93,,,,3.0,18.06,2024-07-31
946,159351,嘉实中证A500ETF,指数型-股票,2025-03-12,0.9913,0.9923,0.95,0.5,-1.56,,,,,1.59,-0.77,2024-09-20
947,159353,景顺长城中证A500ETF,指数型-股票,2025-03-12,0.9872,0.9872,0.94,0.49,-1.55,,,,,1.58,-1.28,2024-09-24
948,560610,招商中证A500ETF,指数型-股票,2025-03-12,0.9676,0.9676,0.94,0.51,-1.49,,,,,1.61,-3.24,2024-09-26
949,563360,华泰柏瑞中证A500ETF,指数型-股票,2025-03-12,1.0253,1.0253,0.94,0.49,-1.56,,,,,1.58,2.49,2024-09-25
950,159590,汇添富中证全指软件ETF,指数型-股票,2025-03-13,1.1711,1.1711,-6.31,-1.41,6.7,,,,,16.68,17.11,2024-10-28
951,159338,国泰中证A500ETF,指数型-股票,2025-03-12,0.9688,0.9688,0.94,0.48,-1.57,,,,,1.57,-3.12,2024-09-26
952,159339,银华中证A500ETF,指数型-股票,2025-03-12,0.9778,0.9778,0.93,0.46,-1.54,,,,,1.57,-2.22,2024-09-26
953,560510,泰康中证A500ETF,指数型-股票,2025-03-12,0.9663,0.9669,0.95,0.49,-1.52,,,,,1.59,-3.31,2024-09-27
954,560530,摩根中证A500ETF,指数型-股票,2025-03-12,0.9975,0.9993,0.94,0.48,-1.59,,,,,1.57,-0.06,2024-09-24
955,560890,新华中证红利低波动ETF,指数型-股票,2025-03-12,1.1324,1.1324,-0.62,-0.57,-3.18,13.23,,,,-3.16,13.24,2024-09-02
956,563220,富国中证A500ETF,指数型-股票,2025-03-12,1.0066,1.0066,0.94,0.49,-1.54,,,,,1.59,0.62,2024-09-25
957,520700,万家中证港股通创新药ETF,指数型-股票,2025-03-12,1.0288,1.0288,-0.45,13.43,11.6,,,,,15.69,2.88,2024-09-13
958,159325,南方中证半导体行业精选ETF,指数型-股票,2025-03-12,1.1695,1.1695,0.91,4.55,12.78,,,,,14.28,16.95,2024-10-31
959,159318,银华恒指港股通ETF,指数型-股票,2025-03-12,1.3048,1.3048,0.25,8.0,15.14,38.38,,,,16.48,30.48,2024-06-13
960,159327,万家中证半导体材料设备主题ETF,指数型-股票,2025-03-12,1.2834,1.2834,-0.24,2.66,-1.22,46.21,,,,8.09,28.34,2024-07-24
961,588680,广发上证科创板100增强策略ETF,指数型-股票,2025-03-12,1.4828,1.4828,0.86,5.48,9.03,61.3,,,,16.92,48.28,2024-06-27
962,159331,国泰中证港股通高股息投资ETF,指数型-股票,2025-03-12,1.1302,1.1439,0.94,2.57,3.33,22.66,,,,1.65,14.46,2024-07-23
963,159587,广发国证粮食产业ETF,指数型-股票,2025-03-12,1.1124,1.1124,0.43,-1.3,-8.91,14.95,,,,-3.45,11.24,2024-08-08
964,520600,广发中证港股通汽车ETF,指数型-股票,2025-03-12,1.2315,1.2315,5.86,13.58,,,,,,26.45,23.15,2024-12-19
965,159330,东财沪深300ETF,指数型-股票,2025-03-12,1.1776,1.1776,0.64,0.2,-2.14,23.66,,,,0.07,17.76,2024-08-01
966,513780,景顺长城中证港股通创新药ETF,指数型-股票,2025-03-12,1.0732,1.0732,-0.43,12.6,10.62,,,,,14.62,7.32,2024-10-16
967,159337,中证500ETF基金,指数型-股票,2025-03-12,1.3316,1.3316,1.5,1.66,-0.91,33.16,,,,5.54,33.16,2024-09-02
968,588070,万家上证科创板成长ETF,指数型-股票,2025-03-12,1.0652,1.0652,0.37,3.88,9.71,,,,,12.53,6.52,2024-11-06
969,520900,广发中证国新港股通央企红利ETF,指数型-股票,2025-03-12,0.9124,0.9228,1.23,0.46,1.06,12.89,,,,-1.28,-7.7,2024-06-26
970,159301,华夏中证全指公用事业ETF,指数型-股票,2025-03-12,0.8793,0.8793,-0.27,-0.96,-7.24,0.8,,,,-7.03,-12.07,2024-07-10
971,159583,富国中证通信设备主题ETF,指数型-股票,2025-03-12,1.1975,1.1975,2.3,-1.22,-0.14,36.33,,,,1.53,19.75,2024-06-28
972,520660,南方中证国新港股通央企红利ETF,指数型-股票,2025-03-12,0.9155,0.9255,1.23,0.46,1.57,13.48,,,,-1.27,-7.42,2024-06-26
973,520990,景顺长城中证国新港股通央企红利ETF,指数型-股票,2025-03-12,0.9226,0.9226,1.23,0.46,1.37,13.12,,,,-1.28,-7.74,2024-06-26
974,560620,万家中证全指公用事业ETF,指数型-股票,2025-03-12,0.8717,0.8717,-0.29,-0.98,-7.23,-12.83,,,,-7.0,-12.83,2024-09-11
975,159333,万家中证港股通央企红利ETF,指数型-股票,2025-03-12,1.2105,1.2105,0.75,2.57,2.68,30.48,,,,1.59,21.05,2024-08-21
976,159302,银华中证港股高股息ETF,指数型-股票,2025-03-12,1.1271,1.1271,0.87,2.39,2.66,21.35,,,,1.47,12.71,2024-08-23
977,588230,华泰柏瑞上证科创板200ETF,指数型-股票,2025-03-12,1.1157,1.1157,1.19,4.87,,,,,,17.45,11.57,2024-12-16
978,159361,易方达中证A500ETF,指数型-股票,2025-03-12,0.985,0.985,0.94,0.49,-1.55,,,,,1.59,-1.5,2024-11-12
979,159362,工银中证A500ETF,指数型-股票,2025-03-12,1.0141,1.0207,0.95,0.47,-1.5,,,,,1.57,2.08,2024-11-19
980,512050,华夏中证A500ETF,指数型-股票,2025-03-12,0.9643,0.9643,0.95,0.5,-1.54,,,,,1.59,-3.58,2024-11-08
981,560810,融通中证诚通央企ESGETF,指数型-股票,2025-03-12,0.9721,0.9721,0.44,0.89,-3.74,,,,,-1.87,-2.81,2024-11-25
982,588810,富国上证科创板芯片ETF,指数型-股票,2025-03-12,1.1709,1.1709,1.01,6.98,,,,,,17.04,17.04,2024-12-30
983,159378,永赢国证通用航空产业ETF,指数型-股票,2025-03-12,1.1598,1.1598,2.16,4.36,,,,,,,15.98,2025-01-02
984,159379,融通中证A500ETF,指数型-股票,2025-03-12,1.041,1.041,0.97,0.53,,,,,,,4.11,2025-01-09
985,562970,易方达中证光伏产业ETF,指数型-股票,2025-03-12,0.841,0.841,1.82,1.19,-8.66,,,,,-0.9,-15.9,2024-10-30
986,159357,博时中证A500ETF,指数型-股票,2025-03-12,1.0188,1.0203,0.94,0.48,-1.52,,,,,1.57,2.04,2024-11-21
987,561880,华富中证A100ETF,指数型-股票,2025-03-12,1.0377,1.0377,0.72,0.58,,,,,,,3.77,2025-01-15
988,159373,嘉实创业板50ETF,指数型-股票,2025-03-12,1.0216,1.0216,-0.07,-1.13,,,,,,,2.16,2025-01-23
989,510040,鹏华上证180ETF,指数型-股票,2025-03-12,0.9984,0.9984,0.9,0.42,,,,,,0.65,-0.16,2024-12-25
990,159371,富国创业板50ETF,指数型-股票,2025-03-12,1.0073,1.0073,-0.1,-1.21,,,,,,,0.73,2025-01-24
991,159367,华夏创业板50ETF,指数型-股票,2025-03-12,1.0073,1.0073,-0.04,-0.57,,,,,,,0.72,2025-01-24
992,159375,国泰创业板50ETF,指数型-股票,2025-03-12,1.0642,1.0642,-0.05,-1.02,,,,,,6.54,6.42,2024-12-30
993,530580,南方上证180ETF,指数型-股票,2025-03-12,0.9879,0.9879,0.79,0.29,,,,,,-0.17,-1.21,2024-12-30
994,530300,华泰柏瑞上证180ETF,指数型-股票,2025-03-12,1.0264,1.0264,0.79,0.28,,,,,,2.68,2.61,2024-12-30
995,588930,银华上证科创板人工智能ETF,指数型-股票,2025-03-12,1.2938,1.2938,0.94,5.81,,,,,,,29.38,2025-01-06
996,511160,国债ETF东财,指数型-固收,2025-03-12,99.509,0.9951,-0.21,-0.52,,,,,,-0.7,-0.52,2024-12-20
997,588780,国联安科创芯片设计ETF,指数型-股票,2025-03-12,1.1524,1.1524,0.88,9.66,15.24,,,,,21.24,15.24,2024-12-11
998,560190,鹏华中证全指公用事业ETF,指数型-股票,2025-03-12,0.9355,0.9355,-0.27,-0.97,,,,,,-6.22,-6.45,2024-12-25
999,588960,富国上证科创板新能源ETF,指数型-股票,2025-03-12,1.0577,1.0577,1.76,5.76,,,,,,,5.76,2025-02-06
1000,530080,天弘上证180ETF,指数型-股票,2025-03-12,1.0323,1.0323,0.7,0.37,,,,,,,3.23,2025-01-08
1001,520550,招商恒生港股通高股息低波动ETF,指数型-股票,2025-03-12,1.0498,1.0498,1.19,4.36,,,,,,,4.98,2025-01-15
1002,588730,易方达上证科创板人工智能ETF,指数型-股票,2025-03-12,1.2046,1.2046,0.92,5.73,,,,,,,20.46,2025-01-16
1003,588760,广发上证科创板人工智能ETF,指数型-股票,2025-03-12,0.6219,1.2438,0.96,5.86,,,,,,,24.38,2025-01-15
1004,588870,汇添富上证科创板50成份ETF,指数型-股票,2025-03-12,1.1195,1.1195,0.82,4.96,,,,,,,11.95,2025-01-20
1005,512080,中金中证A500ETF,指数型-股票,2025-03-12,1.0411,1.0411,0.92,0.48,,,,,,,4.1,2025-01-14
1006,513830,嘉实中证港股通高股息投资ETF,指数型-股票,2025-03-12,1.0021,1.0021,,,,,,,,,0.21,2025-02-26
1007,159370,工银瑞信创业板50ETF,指数型-股票,2025-03-12,1.0539,1.0539,-0.09,-1.1,,,,,,,5.35,2025-01-10
1008,159328,易方达中证家电龙头ETF,指数型-股票,2025-03-12,1.0181,1.0181,1.23,-1.3,1.77,,,,,3.63,1.81,2024-11-07
1009,563520,沪深300ETF永赢,指数型-股票,2025-03-12,0.9786,0.9786,0.65,0.23,-2.08,,,,,0.11,-2.16,2024-11-08
1010,159312,广发恒指港股通ETF,指数型-股票,2025-03-12,1.1625,1.1625,0.28,8.54,15.96,,,,,17.47,16.25,2024-10-24
1011,159380,A500ETF东财,指数型-股票,2025-03-12,1.0563,1.0563,0.98,0.54,,,,,,5.73,5.63,2024-12-30
1012,159376,浦银安盛中证A500ETF,指数型-股票,2025-03-12,1.0575,1.0575,0.94,0.48,,,,,,5.75,5.75,2024-12-30
1013,159320,广发恒生A股电网设备ETF,指数型-股票,2025-03-12,0.9759,0.9759,1.31,-0.88,-2.41,,,,,0.23,-2.41,2024-12-12
1014,512020,鹏华中证A500ETF,指数型-股票,2025-03-12,1.0233,1.0233,0.92,0.44,-1.51,,,,,1.52,2.33,2024-11-21
1015,563500,华宝中证A500ETF,指数型-股票,2025-03-12,1.028,1.028,0.94,0.48,-1.41,,,,,1.61,2.79,2024-11-22
1016,563880,汇添富中证A500ETF,指数型-股票,2025-03-12,1.0006,1.0006,0.94,0.48,-1.57,,,,,1.57,0.06,2024-11-18
1017,159363,华宝创业板人工智能ETF,指数型-股票,2025-03-12,1.0852,1.0852,1.5,0.09,8.52,,,,,13.25,8.52,2024-12-06
1018,159355,华宝中证800红利低波动ETF,指数型-股票,2025-03-12,0.9995,0.9995,-0.41,-0.97,-4.08,,,,,-4.12,-0.05,2024-11-25
1019,563800,广发中证A500ETF,指数型-股票,2025-03-12,0.9661,0.9661,0.95,0.5,-1.56,,,,,1.59,-3.39,2024-11-11
1020,588790,博时科创板人工智能ETF,指数型-股票,2025-03-12,1.318,1.318,0.92,5.83,,,,,,31.77,31.77,2024-12-31
1021,560380,南方中证A100ETF,指数型-股票,2025-03-12,1.0032,1.0032,0.74,0.67,,,,,,1.0,0.32,2024-12-19
1022,159358,大成中证A500ETF,指数型-股票,2025-03-12,1.0303,1.0303,0.93,0.48,-1.58,,,,,1.59,3.03,2024-11-22
1023,159359,华安中证A500ETF,指数型-股票,2025-03-12,1.0185,1.0185,0.93,0.47,-1.57,,,,,1.56,1.85,2024-11-19
1024,563210,富国恒生A股专精特新企业ETF,指数型-股票,2025-03-12,1.0997,1.0997,1.41,2.72,,,,,,,9.95,2025-01-16
1025,159336,融通中证诚通央企红利ETF,指数型-股票,2025-03-12,1.003,1.003,0.92,-0.79,,,,,,,0.3,2025-01-22
1026,530050,上证50ETF东财,指数型-股票,2025-03-12,1.0147,1.0147,1.06,1.11,-0.75,,,,,-0.05,1.47,2024-11-18
1027,159383,华泰柏瑞创业板50ETF,指数型-股票,2025-03-12,0.995,0.995,-0.04,-0.62,,,,,,,-0.51,2025-02-05
1028,530280,平安上证180ETF,指数型-股票,2025-03-12,1.0286,1.0286,0.31,-0.32,,,,,,,2.86,2025-01-15
1029,159399,国泰富时中国A股自由现金流聚焦ETF,指数型-股票,2025-03-12,1.0121,1.0121,1.08,,,,,,,,1.21,2025-02-19
1030,560750,申万菱信中证A500ETF,指数型-股票,2025-03-12,1.0424,1.0424,0.93,0.46,,,,,,,4.24,2025-01-22
1031,159396,博时深证基准做市信用债ETF,指数型-固收,2025-03-12,99.3023,0.993,-0.36,-0.88,,,,,,,-0.7,2025-01-16
1032,530180,易方达上证180ETF,指数型-股票,2025-03-12,0.9922,0.9922,0.77,0.22,,,,,,-0.29,-0.78,2024-12-18
1033,159393,万家沪深300ETF,指数型-股票,2025-03-12,1.0027,1.0027,,,,,,,,,0.27,2025-02-25
1034,159201,华夏国证自由现金流ETF,指数型-股票,2025-03-12,0.9985,0.9985,1.26,,,,,,,,-0.15,2025-02-19
1035,159356,万家中证A500ETF,指数型-股票,2025-03-12,1.0106,1.0106,0.94,0.49,-1.43,,,,,1.63,1.06,2024-11-22
1036,530800,银华上证180ETF,指数型-股票,2025-03-12,1.0318,1.0318,0.73,0.38,,,,,,,3.17,2025-01-17
1037,159386,永赢中证A500ETF,指数型-股票,2025-03-12,1.0122,1.0122,0.93,0.47,,,,,,,1.22,2025-01-24
1038,159398,天弘深证基准做市信用债ETF,指数型-固收,2025-03-12,99.4734,0.9947,-0.34,-0.78,,,,,,,-0.53,2025-01-21
1039,588820,华夏上证科创板200ETF,指数型-股票,2025-03-12,1.1909,1.1909,1.19,4.93,,,,,,19.63,19.09,2024-12-23
1040,561380,国泰恒生A股电网设备ETF,指数型-股票,2025-03-12,0.9734,0.9734,1.32,-0.93,-2.66,,,,,0.43,-2.66,2024-12-11
1041,588750,汇添富上证科创板芯片ETF,指数型-股票,2025-03-12,1.1153,1.1153,1.0,7.01,,,,,,14.09,11.53,2024-12-18
1042,159395,大成深证基准做市信用债ETF,指数型-固收,2025-03-12,99.4568,0.9946,-0.3,-0.73,,,,,,,-0.54,2025-01-16
1043,511070,南方上证基准做市公司债ETF,指数型-固收,2025-03-12,98.8761,0.9888,-0.56,-1.3,,,,,,,-1.12,2025-01-13
1044,511190,海富通上证基准做市公司债ETF,指数型-固收,2025-03-12,98.868,0.9887,-0.59,-1.33,,,,,,,-1.13,2025-01-16
1045,159397,广发深证基准做市信用债ETF,指数型-固收,2025-03-12,99.3633,0.9936,-0.32,-0.79,,,,,,,-0.64,2025-01-22
1046,511200,华夏上证基准做市公司债ETF,指数型-固收,2025-03-12,99.1795,0.9918,-0.44,-1.01,,,,,,,-0.82,2025-01-16
1047,563860,海富通中证A500ETF,指数型-股票,2025-03-12,1.0166,1.0166,0.92,0.46,,,,,,,1.66,2025-01-22
1048,159323,华夏中证港股通汽车产业主题ETF,指数型-股票,2025-03-12,1.279,1.279,5.93,14.05,,,,,,27.89,27.9,2024-12-30
1049,530680,兴业上证180ETF,指数型-股票,2025-03-12,1.01,1.01,0.77,0.16,,,,,,1.61,1.0,2024-12-25
1050,588950,景顺长城上证科创板50成份ETF,指数型-股票,2025-03-12,1.1225,1.1225,0.82,4.93,,,,,,,12.25,2025-01-15
1051,511110,易方达上证基准做市公司债ETF,指数型-固收,2025-03-12,99.0072,0.9901,-0.5,-1.21,,,,,,,-0.99,2025-01-16
1052,159360,天弘中证A500ETF,指数型-股票,2025-03-12,1.0271,1.0271,0.94,0.48,-1.5,,,,,1.6,2.71,2024-11-20
1053,520580,招商利安新兴亚洲精选ETF(QDII),指数型-海外股票,2025-03-11,0.9295,0.9295,0.04,-6.89,,,,,,,-7.05,2025-01-16
1054,589660,南方上证科创板综合ETF,指数型-股票,2025-03-12,1.0143,1.0143,1.24,,,,,,,,1.42,2025-02-26
1055,589890,景顺长城上证科创板综合价格ETF,指数型-股票,2025-03-12,1.0097,1.0097,1.14,,,,,,,,0.96,2025-02-26
1056,589800,易方达上证科创板综合ETF,指数型-股票,2025-03-12,1.0059,1.0059,1.31,,,,,,,,0.58,2025-02-25
1057,588250,鹏华上证科创板生物医药ETF,指数型-股票,2025-03-12,1.0,1.0,,,,,,,,,0.0,2025-03-12
1058,589500,工银瑞信上证科创板综合价格ETF,指数型-股票,2025-03-12,1.0101,1.0101,1.33,,,,,,,,1.0,2025-02-24
1059,589680,鹏华科创板综合ETF,指数型-股票,2025-03-12,1.0103,1.0103,1.22,,,,,,,,1.02,2025-02-26
1060,589520,华宝上证科创板人工智能ETF,指数型-股票,2025-03-12,0.9923,0.9923,-0.77,,,,,,,,-0.77,2025-03-05
1061,588660,兴银中证科创创业50ETF,指数型-股票,2025-03-07,1.0006,1.0006,0.06,,,,,,,,0.06,2025-02-28
1062,588840,万家上证科创板50成份ETF,指数型-股票,2025-03-12,1.0018,1.0018,,,,,,,,,0.18,2025-02-26
1063,589770,招商上证科创板综合ETF,指数型-股票,2025-03-12,1.014,1.014,1.3,,,,,,,,1.4,2025-02-26
1064,159206,永赢国证商用卫星ETF,指数型-股票,2025-03-07,0.9992,0.9992,,,,,,,,,-0.08,2025-03-06
1065,562810,嘉实上证综合增强策略ETF,指数型-股票,2025-03-07,0.9995,0.9995,,,,,,,,,-0.05,2025-03-05
1066,589600,富国上证科创板综合价格ETF,指数型-股票,2025-03-12,0.9935,0.9935,,,,,,,,,-0.66,2025-02-28
1067,589080,汇添富上证科创板综合ETF,指数型-股票,2025-03-12,1.0151,1.0151,1.21,,,,,,,,1.5,2025-02-26
1068,589990,华泰柏瑞上证科创板综合ETF,指数型-股票,2025-03-12,1.0209,1.0209,1.41,,,,,,,,2.08,2025-02-26
1069,589000,华夏上证科创板综合ETF,指数型-股票,2025-03-12,1.0141,1.0141,1.28,,,,,,,,1.4,2025-02-26
1070,589630,国泰上证科创板综合ETF,指数型-股票,2025-03-12,0.9985,0.9985,,,,,,,,,-0.15,2025-03-04
1071,159209,招商中证全指红利质量ETF,指数型-股票,2025-03-12,1.0,1.0,,,,,,,,,0.0,2025-03-12
1072,589900,博时科创综指ETF,指数型-股票,2025-03-12,1.0103,1.0103,1.3,,,,,,,,1.01,2025-02-26
1073,589860,天弘上证科创板综合ETF,指数型-股票,2025-03-12,1.0009,1.0009,1.19,,,,,,,,0.08,2025-02-26
1074,589880,建信上证科创板综合ETF,指数型-股票,2025-03-12,1.0125,1.0125,1.28,,,,,,,,1.25,2025-02-20
1075,588240,鹏华上证科创板200ETF,指数型-股票,2025-03-12,1.0382,1.0382,1.07,,,,,,,,3.82,2025-02-13
